mtllib belt_loader.mtl
o Cube.002
v 0.862773 0.470025 -1.6807495
v -0.862773 0.470025 -1.6807495
v 0.862773 0.387133 -1.7286075
v -0.862773 0.387133 -1.7286075
v 0.862773 0.291418 -1.7286075
v -0.862773 0.291418 -1.7286075
v 0.862773 0.208526 -1.6807495
v -0.862773 0.208526 -1.6807495
v 0.862773 0.160668 -1.5978575
v -0.862773 0.160668 -1.5978575
v 0.862773 0.160668 -1.5021415
v -0.862773 0.160668 -1.5021415
v 0.862773 0.208526 -1.4192495
v -0.862773 0.208526 -1.4192495
v 0.862773 0.291418 -1.3713925
v -0.862773 0.291418 -1.3713925
v 0.862773 0.387133 -1.3713925
v -0.862773 0.387133 -1.3713925
v 0.862773 0.470025 -1.4192495
v -0.862773 0.470025 -1.4192495
v 0.862773 0.517883 -1.5021415
v -0.862773 0.517883 -1.5021415
v 0.862773 0.517883 -1.5978575
v -0.862773 0.517883 -1.5978575
v 1.044083 0.510344 -1.7210675
v -1.044084 0.510344 -1.7210675
v 1.044083 0.401891 -1.7836835
v -1.044084 0.401891 -1.7836835
v 1.044083 0.276661 -1.7836835
v -1.044084 0.276661 -1.7836835
v 1.044083 0.168208 -1.7210685
v -1.044084 0.168208 -1.7210685
v 1.044083 0.105592 -1.6126155
v -1.044084 0.105592 -1.6126155
v 1.044083 0.105592 -1.4873846
v -1.044084 0.105592 -1.4873846
v 1.044083 0.168207 -1.3789315
v -1.044084 0.168207 -1.3789315
v 1.044083 0.27666 -1.3163155
v -1.044083 0.27666 -1.3163155
v 1.044083 0.401891 -1.3163155
v -1.044083 0.401891 -1.3163155
v 1.044083 0.510344 -1.3789315
v -1.044084 0.510344 -1.3789315
v 1.044083 0.572959 -1.4873835
v -1.044084 0.572959 -1.4873835
v 1.044083 0.572959 -1.6126145
v -1.044084 0.572959 -1.6126145
v 0.862773 0.339276 -1.5499995
v -0.862773 0.339276 -1.5499995
v 0.834673 0.42132 -1.8561935
v -0.834673 0.42132 -1.8561935
v 1.0356081 0.42132 -1.8561935
v -1.0356081 0.42132 -1.8561935
v 0.834673 0.563426 -1.7741495
v -0.834673 0.563426 -1.7741495
v 1.0356081 0.563426 -1.7741495
v -1.0356081 0.563426 -1.7741495
v 0.834673 0.257231 -1.8561935
v -0.834673 0.257231 -1.8561935
v 1.0356081 0.257231 -1.8561935
v -1.0356081 0.257231 -1.8561935
v 0.834673 0.115126 -1.7741495
v -0.834673 0.115126 -1.7741495
v 1.0356081 0.115126 -1.7741495
v -1.0356081 0.115126 -1.7741495
v 0.834673 0.033081 -1.6320446
v -0.834673 0.033081 -1.6320446
v 1.0356081 0.033081 -1.6320446
v -1.0356081 0.033081 -1.6320446
v 0.834673 0.033081 -1.4679555
v -0.834673 0.033081 -1.4679555
v 1.0356081 0.033081 -1.4679555
v -1.0356081 0.033081 -1.4679555
v 0.834673 0.115126 -1.3258495
v -0.834673 0.115126 -1.3258495
v 1.0356081 0.115126 -1.3258505
v -1.0356081 0.115126 -1.3258505
v 0.834673 0.257231 -1.2438055
v -0.834673 0.257231 -1.2438055
v 1.0356081 0.257231 -1.2438055
v -1.0356081 0.257231 -1.2438055
v 0.834673 0.42132 -1.2438055
v -0.834673 0.42132 -1.2438055
v 1.0356081 0.42132 -1.2438055
v -1.0356081 0.42132 -1.2438055
v 0.834673 0.563425 -1.3258495
v -0.834673 0.563425 -1.3258495
v 1.0356081 0.563425 -1.3258495
v -1.0356081 0.563425 -1.3258495
v 0.834673 0.64547 -1.4679545
v -0.834673 0.64547 -1.4679545
v 1.0356081 0.64547 -1.4679545
v -1.0356081 0.64547 -1.4679545
v 0.834673 0.64547 -1.6320435
v -0.834673 0.64547 -1.6320435
v 1.0356081 0.64547 -1.6320435
v -1.0356081 0.64547 -1.6320435
v 1.005247 0.339276 -1.5499995
v -1.005247 0.339276 -1.5499995
v 1.005247 0.517168 -1.5976655
v -1.005247 0.517168 -1.5976655
v 1.005247 0.517168 -1.5023335
v -1.005247 0.517168 -1.5023335
v 1.005247 0.469502 -1.4197736
v -1.005247 0.469502 -1.4197736
v 1.005247 0.386942 -1.3721075
v -1.005247 0.386942 -1.3721075
v 1.005247 0.291609 -1.3721075
v -1.005247 0.291609 -1.3721075
v 1.005247 0.209049 -1.4197736
v -1.005247 0.209049 -1.4197736
v 1.005247 0.161383 -1.5023335
v -1.005247 0.161383 -1.5023335
v 1.005247 0.161383 -1.5976655
v -1.005247 0.161383 -1.5976655
v 1.005247 0.20905 -1.6802266
v -1.005247 0.20905 -1.6802266
v 1.005247 0.29161 -1.7278925
v -1.005247 0.29161 -1.7278925
v 1.005247 0.386942 -1.7278925
v -1.005247 0.386942 -1.7278925
v 1.005247 0.469502 -1.6802255
v -1.005247 0.469502 -1.6802255
v 0.868447 0.430042 -1.8887426
v -0.868447 0.430042 -1.8887426
v 1.001834 0.430042 -1.8887426
v -1.001834 0.430042 -1.8887426
v 0.868448 0.587253 -1.7979765
v -0.868448 0.587253 -1.7979765
v 1.001834 0.587253 -1.7979765
v -1.001834 0.587253 -1.7979765
v 0.868448 0.24851 -1.8887426
v -0.868448 0.24851 -1.8887426
v 1.001834 0.24851 -1.8887426
v -1.001834 0.24851 -1.8887426
v 0.868448 0.091299 -1.7979765
v -0.868448 0.091299 -1.7979765
v 1.001834 0.091299 -1.7979765
v -1.001834 0.091299 -1.7979765
v 0.868447 0.000533 -1.6407655
v -0.868447 0.000533 -1.6407655
v 1.001834 0.000533 -1.6407655
v -1.001834 0.000533 -1.6407655
v 0.868448 0.000533 -1.4592335
v -0.868448 0.000533 -1.4592335
v 1.001834 0.000533 -1.4592335
v -1.001834 0.000533 -1.4592335
v 0.868448 0.091298 -1.3020226
v -0.868448 0.091298 -1.3020226
v 1.001834 0.091298 -1.3020226
v -1.001834 0.091298 -1.3020226
v 0.868447 0.248509 -1.2112565
v -0.868447 0.248509 -1.2112565
v 1.001834 0.248509 -1.2112565
v -1.001834 0.248509 -1.2112565
v 0.868447 0.430041 -1.2112565
v -0.868447 0.430041 -1.2112565
v 1.001834 0.430041 -1.2112565
v -1.001834 0.430041 -1.2112565
v 0.868448 0.587252 -1.3020226
v -0.868448 0.587252 -1.3020226
v 1.001834 0.587252 -1.3020226
v -1.001834 0.587252 -1.3020226
v 0.868448 0.678019 -1.4592335
v -0.868448 0.678019 -1.4592335
v 1.001834 0.678019 -1.4592335
v -1.001834 0.678019 -1.4592335
v 0.868448 0.678019 -1.6407645
v -0.868448 0.678019 -1.6407645
v 1.001834 0.678019 -1.6407645
v -1.001834 0.678019 -1.6407645
v -1.001834 0.678019 1.4536694
v 1.001834 0.678019 1.4536694
v -0.868448 0.678019 1.4536694
v 0.868448 0.678019 1.4536694
v -1.001834 0.678019 1.6352005
v 1.001834 0.678019 1.6352005
v -0.868448 0.678019 1.6352005
v 0.868448 0.678019 1.6352005
v -1.001834 0.587252 1.7924105
v 1.001834 0.587252 1.7924105
v -0.868448 0.587252 1.7924105
v 0.868448 0.587252 1.7924105
v -1.001834 0.430041 1.8831764
v 1.001834 0.430041 1.8831764
v -0.868447 0.430041 1.8831764
v 0.868447 0.430041 1.8831764
v -1.001834 0.248509 1.8831764
v 1.001834 0.248509 1.8831764
v -0.868447 0.248509 1.8831764
v 0.868447 0.248509 1.8831764
v -1.001834 0.091298 1.7924105
v 1.001834 0.091298 1.7924105
v -0.868448 0.091298 1.7924105
v 0.868448 0.091298 1.7924105
v -1.001834 0.000533 1.6352005
v 1.001834 0.000533 1.6352005
v -0.868448 0.000533 1.6352005
v 0.868448 0.000533 1.6352005
v -1.001834 0.000533 1.4536675
v 1.001834 0.000533 1.4536675
v -0.868447 0.000533 1.4536675
v 0.868447 0.000533 1.4536675
v -1.001834 0.091299 1.2964565
v 1.001834 0.091299 1.2964565
v -0.868448 0.091299 1.2964565
v 0.868448 0.091299 1.2964565
v -1.001834 0.24851 1.2056905
v 1.001834 0.24851 1.2056905
v -0.868448 0.24851 1.2056905
v 0.868448 0.24851 1.2056905
v -1.001834 0.587253 1.2964565
v 1.001834 0.587253 1.2964565
v -0.868448 0.587253 1.2964565
v 0.868448 0.587253 1.2964565
v -1.001834 0.430042 1.2056905
v 1.001834 0.430042 1.2056905
v -0.868447 0.430042 1.2056905
v 0.868447 0.430042 1.2056905
v -1.005247 0.469502 1.4142075
v 1.005247 0.469502 1.4142075
v -1.005247 0.386942 1.3665404
v 1.005247 0.386942 1.3665404
v -1.005247 0.29161 1.3665404
v 1.005247 0.29161 1.3665404
v -1.005247 0.20905 1.4142075
v 1.005247 0.20905 1.4142075
v -1.005247 0.161383 1.4967675
v 1.005247 0.161383 1.4967675
v -1.005247 0.161383 1.5920994
v 1.005247 0.161383 1.5920994
v -1.005247 0.209049 1.6746595
v 1.005247 0.209049 1.6746595
v -1.005247 0.291609 1.7223254
v 1.005247 0.291609 1.7223254
v -1.005247 0.386942 1.7223254
v 1.005247 0.386942 1.7223254
v -1.005247 0.469502 1.6746595
v 1.005247 0.469502 1.6746595
v -1.005247 0.517168 1.5920994
v 1.005247 0.517168 1.5920994
v -1.005247 0.517168 1.4967675
v 1.005247 0.517168 1.4967675
v -1.005247 0.339276 1.5444344
v 1.005247 0.339276 1.5444344
v -1.0356081 0.64547 1.4623895
v 1.0356081 0.64547 1.4623895
v -0.834673 0.64547 1.4623895
v 0.834673 0.64547 1.4623895
v -1.0356081 0.64547 1.6264784
v 1.0356081 0.64547 1.6264784
v -0.834673 0.64547 1.6264784
v 0.834673 0.64547 1.6264784
v -1.0356081 0.563425 1.7685835
v 1.0356081 0.563425 1.7685835
v -0.834673 0.563425 1.7685835
v 0.834673 0.563425 1.7685835
v -1.0356081 0.42132 1.8506274
v 1.0356081 0.42132 1.8506274
v -0.834673 0.42132 1.8506274
v 0.834673 0.42132 1.8506274
v -1.0356081 0.257231 1.8506274
v 1.0356081 0.257231 1.8506274
v -0.834673 0.257231 1.8506274
v 0.834673 0.257231 1.8506274
v -1.0356081 0.115126 1.7685825
v 1.0356081 0.115126 1.7685825
v -0.834673 0.115126 1.7685835
v 0.834673 0.115126 1.7685835
v -1.0356081 0.033081 1.6264775
v 1.0356081 0.033081 1.6264775
v -0.834673 0.033081 1.6264775
v 0.834673 0.033081 1.6264775
v -1.0356081 0.033081 1.4623885
v 1.0356081 0.033081 1.4623885
v -0.834673 0.033081 1.4623885
v 0.834673 0.033081 1.4623885
v -1.0356081 0.115126 1.3202835
v 1.0356081 0.115126 1.3202835
v -0.834673 0.115126 1.3202835
v 0.834673 0.115126 1.3202835
v -1.0356081 0.257231 1.2382395
v 1.0356081 0.257231 1.2382395
v -0.834673 0.257231 1.2382395
v 0.834673 0.257231 1.2382395
v -1.0356081 0.563426 1.3202835
v 1.0356081 0.563426 1.3202835
v -0.834673 0.563426 1.3202835
v 0.834673 0.563426 1.3202835
v -1.0356081 0.42132 1.2382395
v 1.0356081 0.42132 1.2382395
v -0.834673 0.42132 1.2382395
v 0.834673 0.42132 1.2382395
v -0.862773 0.339276 1.5444344
v 0.862773 0.339276 1.5444344
v -1.044083 0.572959 1.4818184
v 1.044083 0.572959 1.4818184
v -1.044083 0.572959 1.6070495
v 1.044083 0.572959 1.6070495
v -1.044083 0.510344 1.7155014
v 1.044083 0.510344 1.7155014
v -1.044083 0.401891 1.7781174
v 1.044083 0.401891 1.7781174
v -1.044083 0.27666 1.7781174
v 1.044083 0.27666 1.7781174
v -1.044083 0.168207 1.7155014
v 1.044083 0.168207 1.7155014
v -1.044083 0.105592 1.6070485
v 1.044083 0.105592 1.6070485
v -1.044083 0.105592 1.4818175
v 1.044083 0.105592 1.4818175
v -1.044083 0.168208 1.3733644
v 1.044083 0.168208 1.3733644
v -1.044084 0.276661 1.3107495
v 1.044083 0.276661 1.3107495
v -1.044084 0.401891 1.3107495
v 1.044083 0.401891 1.3107495
v -1.044083 0.510344 1.3733655
v 1.044083 0.510344 1.3733655
v -0.862773 0.517883 1.4965755
v 0.862773 0.517883 1.4965755
v -0.862773 0.517883 1.5922915
v 0.862773 0.517883 1.5922915
v -0.862773 0.470025 1.6751835
v 0.862773 0.470025 1.6751835
v -0.862773 0.387133 1.7230405
v 0.862773 0.387133 1.7230405
v -0.862773 0.291418 1.7230405
v 0.862773 0.291418 1.7230405
v -0.862773 0.208526 1.6751835
v 0.862773 0.208526 1.6751835
v -0.862773 0.160668 1.5922915
v 0.862773 0.160668 1.5922915
v -0.862773 0.160668 1.4965755
v 0.862773 0.160668 1.4965755
v -0.862773 0.208526 1.4136835
v 0.862773 0.208526 1.4136835
v -0.862773 0.291418 1.3658255
v 0.862773 0.291418 1.3658255
v -0.862773 0.387133 1.3658255
v 0.862773 0.387133 1.3658255
v -0.862773 0.470025 1.4136835
v 0.862773 0.470025 1.4136835
v -1.005247 0.517168 -1.5023335
v -1.005247 0.517168 -1.5976655
v -1.005247 0.469502 -1.6802255
v -1.005247 0.386942 -1.7278925
v -1.005247 0.29161 -1.7278925
v -1.005247 0.20905 -1.6802266
v -1.005247 0.161383 -1.5976655
v -1.005247 0.161383 -1.5023335
v -1.005247 0.209049 -1.4197736
v -1.005247 0.291609 -1.3721075
v -1.005247 0.386942 -1.3721075
v -1.005247 0.469502 -1.4197736
v -1.044083 0.27666 -1.3163155
v -1.044084 0.168207 -1.3789315
v -1.044084 0.105592 -1.4873846
v -1.044084 0.105592 -1.6126155
v -1.044084 0.168208 -1.7210685
v -1.044084 0.276661 -1.7836835
v -1.044084 0.401891 -1.7836835
v -1.044084 0.510344 -1.7210675
v -1.044084 0.572959 -1.6126145
v -1.044084 0.572959 -1.4873835
v -1.044084 0.510344 -1.3789315
v -1.044083 0.401891 -1.3163155
v 1.001834 0.000533 -1.6407655
v 1.001834 0.000533 -1.6407655
v 0.868447 0.000533 -1.6407655
v 0.868447 0.000533 -1.6407655
v 0.868448 0.091299 -1.7979765
v 0.868448 0.24851 -1.8887426
v 0.868448 0.24851 -1.8887426
v 0.868447 0.430042 -1.8887426
v 0.868447 0.430042 -1.8887426
v 0.868448 0.587253 -1.7979765
v 0.868448 0.587253 -1.7979765
v 0.868448 0.678019 -1.6407645
v 0.868448 0.678019 -1.4592335
v 0.868448 0.678019 -1.4592335
v 0.868448 0.587252 -1.3020226
v 0.868447 0.430041 -1.2112565
v 0.868447 0.430041 -1.2112565
v 0.868447 0.248509 -1.2112565
v 0.868447 0.248509 -1.2112565
v 0.868448 0.091298 -1.3020226
v 0.868448 0.091298 -1.3020226
v 0.868448 0.000533 -1.4592335
v 1.001834 0.091298 -1.3020226
v 1.001834 0.091298 -1.3020226
v 1.001834 0.000533 -1.4592335
v 1.001834 0.248509 -1.2112565
v 1.001834 0.248509 -1.2112565
v 1.001834 0.430041 -1.2112565
v 1.001834 0.430041 -1.2112565
v 1.001834 0.587252 -1.3020226
v 1.001834 0.678019 -1.4592335
v 1.001834 0.678019 -1.4592335
v 1.001834 0.678019 -1.6407645
v 1.001834 0.587253 -1.7979765
v 1.001834 0.430042 -1.8887426
v 1.001834 0.430042 -1.8887426
v 1.001834 0.587253 -1.7979765
v 1.001834 0.24851 -1.8887426
v 1.001834 0.24851 -1.8887426
v 1.001834 0.091299 -1.7979765
v 1.005247 0.291609 -1.3721075
v 1.005247 0.386942 -1.3721075
v 1.005247 0.469502 -1.4197736
v 1.005247 0.517168 -1.5023335
v 1.005247 0.517168 -1.5976655
v 1.005247 0.469502 -1.6802255
v 1.005247 0.386942 -1.7278925
v 1.005247 0.29161 -1.7278925
v 1.005247 0.20905 -1.6802266
v 1.005247 0.161383 -1.5976655
v 1.005247 0.161383 -1.5023335
v 1.005247 0.209049 -1.4197736
v 0.834673 0.257231 -1.2438055
v 0.834673 0.115126 -1.3258495
v 0.834673 0.033081 -1.4679555
v 0.834673 0.033081 -1.6320446
v 0.834673 0.115126 -1.7741495
v 0.834673 0.257231 -1.8561935
v 0.834673 0.42132 -1.8561935
v 0.834673 0.563426 -1.7741495
v 0.834673 0.64547 -1.6320435
v 0.834673 0.64547 -1.4679545
v 0.834673 0.563425 -1.3258495
v 0.834673 0.42132 -1.2438055
v 1.044083 0.401891 -1.3163155
v 1.044083 0.27666 -1.3163155
v 1.044083 0.168207 -1.3789315
v 1.044083 0.105592 -1.4873846
v 1.044083 0.105592 -1.6126155
v 1.044083 0.168208 -1.7210685
v 1.044083 0.276661 -1.7836835
v 1.044083 0.401891 -1.7836835
v 1.044083 0.510344 -1.7210675
v 1.044083 0.572959 -1.6126145
v 1.044083 0.572959 -1.4873835
v 1.044083 0.510344 -1.3789315
v -1.0356081 0.563426 -1.7741495
v -1.0356081 0.42132 -1.8561935
v -1.0356081 0.257231 -1.8561935
v -1.0356081 0.115126 -1.7741495
v -1.0356081 0.033081 -1.6320446
v -1.0356081 0.033081 -1.4679555
v -1.0356081 0.115126 -1.3258505
v -1.0356081 0.257231 -1.2438055
v -1.0356081 0.42132 -1.2438055
v -1.0356081 0.563425 -1.3258495
v -1.0356081 0.64547 -1.4679545
v -1.0356081 0.64547 -1.6320435
v -0.868447 0.430042 -1.8887426
v -0.868447 0.430042 -1.8887426
v -0.868448 0.587253 -1.7979765
v -0.868448 0.587253 -1.7979765
v -0.868448 0.678019 -1.6407645
v -0.868448 0.678019 -1.4592335
v -0.868448 0.678019 -1.4592335
v -0.868448 0.587252 -1.3020226
v -0.868447 0.430041 -1.2112565
v -0.868447 0.430041 -1.2112565
v -0.868447 0.248509 -1.2112565
v -0.868447 0.248509 -1.2112565
v -0.868448 0.091298 -1.3020226
v -0.868448 0.091298 -1.3020226
v -0.868448 0.000533 -1.4592335
v -0.868447 0.000533 -1.6407655
v -0.868447 0.000533 -1.6407655
v -0.868448 0.091299 -1.7979765
v -0.868448 0.24851 -1.8887426
v -0.868448 0.24851 -1.8887426
v -1.001834 0.24851 -1.8887426
v -1.001834 0.24851 -1.8887426
v -1.001834 0.430042 -1.8887426
v -1.001834 0.430042 -1.8887426
v -1.001834 0.587253 -1.7979765
v -1.001834 0.587253 -1.7979765
v -1.001834 0.678019 -1.6407645
v -1.001834 0.678019 -1.4592335
v -1.001834 0.678019 -1.4592335
v -1.001834 0.587252 -1.3020226
v -1.001834 0.430041 -1.2112565
v -1.001834 0.430041 -1.2112565
v -1.001834 0.248509 -1.2112565
v -1.001834 0.248509 -1.2112565
v -1.001834 0.091298 -1.3020226
v -1.001834 0.091298 -1.3020226
v -1.001834 0.000533 -1.4592335
v -1.001834 0.000533 -1.6407655
v -1.001834 0.000533 -1.6407655
v -1.001834 0.091299 -1.7979765
v 1.0356081 0.257231 -1.2438055
v 1.0356081 0.115126 -1.3258505
v 1.0356081 0.033081 -1.4679555
v 1.0356081 0.033081 -1.6320446
v 1.0356081 0.115126 -1.7741495
v 1.0356081 0.257231 -1.8561935
v 1.0356081 0.42132 -1.8561935
v 1.0356081 0.563426 -1.7741495
v 1.0356081 0.64547 -1.6320435
v 1.0356081 0.64547 -1.4679545
v 1.0356081 0.563425 -1.3258495
v 1.0356081 0.42132 -1.2438055
v -0.834673 0.42132 -1.2438055
v -0.834673 0.257231 -1.2438055
v -0.834673 0.115126 -1.3258495
v -0.834673 0.033081 -1.4679555
v -0.834673 0.033081 -1.6320446
v -0.834673 0.115126 -1.7741495
v -0.834673 0.257231 -1.8561935
v -0.834673 0.42132 -1.8561935
v -0.834673 0.563426 -1.7741495
v -0.834673 0.64547 -1.6320435
v -0.834673 0.64547 -1.4679545
v -0.834673 0.563425 -1.3258495
v -1.001834 0.587253 1.2964565
v -1.001834 0.587253 1.2964565
v -1.001834 0.678019 1.4536694
v -1.001834 0.678019 1.6352005
v -1.001834 0.678019 1.6352005
v -1.001834 0.587252 1.7924105
v -1.001834 0.430041 1.8831764
v -1.001834 0.430041 1.8831764
v -1.001834 0.248509 1.8831764
v -1.001834 0.248509 1.8831764
v -1.001834 0.091298 1.7924105
v -1.001834 0.091298 1.7924105
v -1.001834 0.000533 1.6352005
v -1.001834 0.000533 1.4536675
v -1.001834 0.000533 1.4536675
v -1.001834 0.091299 1.2964565
v -1.001834 0.24851 1.2056905
v -1.001834 0.24851 1.2056905
v -1.001834 0.430042 1.2056905
v -1.001834 0.430042 1.2056905
v -0.868447 0.430042 1.2056905
v -0.868447 0.430042 1.2056905
v -0.868448 0.24851 1.2056905
v -0.868448 0.24851 1.2056905
v -0.868448 0.091299 1.2964565
v -0.868447 0.000533 1.4536675
v -0.868447 0.000533 1.4536675
v -0.868448 0.000533 1.6352005
v -0.868448 0.091298 1.7924105
v -0.868448 0.091298 1.7924105
v -0.868447 0.248509 1.8831764
v -0.868447 0.248509 1.8831764
v -0.868447 0.430041 1.8831764
v -0.868447 0.430041 1.8831764
v -0.868448 0.587252 1.7924105
v -0.868448 0.678019 1.6352005
v -0.868448 0.678019 1.6352005
v -0.868448 0.678019 1.4536694
v -0.868448 0.587253 1.2964565
v -0.868448 0.587253 1.2964565
v 1.001834 0.587253 1.2964565
v 1.001834 0.587253 1.2964565
v 1.001834 0.678019 1.4536694
v 1.001834 0.678019 1.6352005
v 1.001834 0.678019 1.6352005
v 1.001834 0.587252 1.7924105
v 1.001834 0.430041 1.8831764
v 1.001834 0.430041 1.8831764
v 1.001834 0.248509 1.8831764
v 1.001834 0.248509 1.8831764
v 1.001834 0.091298 1.7924105
v 1.001834 0.091298 1.7924105
v 1.001834 0.000533 1.6352005
v 1.001834 0.000533 1.4536675
v 1.001834 0.000533 1.4536675
v 1.001834 0.091299 1.2964565
v 1.001834 0.24851 1.2056905
v 1.001834 0.24851 1.2056905
v 1.001834 0.430042 1.2056905
v 1.001834 0.430042 1.2056905
v 0.868447 0.430042 1.2056905
v 0.868447 0.430042 1.2056905
v 0.868448 0.24851 1.2056905
v 0.868448 0.24851 1.2056905
v 0.868448 0.091299 1.2964565
v 0.868447 0.000533 1.4536675
v 0.868447 0.000533 1.4536675
v 0.868448 0.000533 1.6352005
v 0.868448 0.091298 1.7924105
v 0.868448 0.091298 1.7924105
v 0.868447 0.248509 1.8831764
v 0.868447 0.248509 1.8831764
v 0.868447 0.430041 1.8831764
v 0.868447 0.430041 1.8831764
v 0.868448 0.587252 1.7924105
v 0.868448 0.678019 1.6352005
v 0.868448 0.678019 1.6352005
v 0.868448 0.678019 1.4536694
v 0.868448 0.587253 1.2964565
v 0.868448 0.587253 1.2964565
v -0.834673 0.42132 1.8506274
v -0.834673 0.563425 1.7685835
v -0.834673 0.64547 1.6264784
v -0.834673 0.64547 1.4623895
v -0.834673 0.563426 1.3202835
v -0.834673 0.42132 1.2382395
v -0.834673 0.257231 1.2382395
v -0.834673 0.115126 1.3202835
v -0.834673 0.033081 1.4623885
v -0.834673 0.033081 1.6264775
v -0.834673 0.115126 1.7685835
v -0.834673 0.257231 1.8506274
v 1.044083 0.105592 1.6070485
v 1.044083 0.168207 1.7155014
v 1.044083 0.27666 1.7781174
v 1.044083 0.401891 1.7781174
v 1.044083 0.510344 1.7155014
v 1.044083 0.572959 1.6070495
v 1.044083 0.572959 1.4818184
v 1.044083 0.510344 1.3733655
v 1.044083 0.401891 1.3107495
v 1.044083 0.276661 1.3107495
v 1.044083 0.168208 1.3733644
v 1.044083 0.105592 1.4818175
v -1.044083 0.572959 1.6070495
v -1.044083 0.572959 1.4818184
v -1.044083 0.510344 1.3733655
v -1.044084 0.401891 1.3107495
v -1.044084 0.276661 1.3107495
v -1.044083 0.168208 1.3733644
v -1.044083 0.105592 1.4818175
v -1.044083 0.105592 1.6070485
v -1.044083 0.168207 1.7155014
v -1.044083 0.27666 1.7781174
v -1.044083 0.401891 1.7781174
v -1.044083 0.510344 1.7155014
v 1.0356081 0.033081 1.4623885
v 1.0356081 0.033081 1.6264775
v 1.0356081 0.115126 1.7685825
v 1.0356081 0.257231 1.8506274
v 1.0356081 0.42132 1.8506274
v 1.0356081 0.563425 1.7685835
v 1.0356081 0.64547 1.6264784
v 1.0356081 0.64547 1.4623895
v 1.0356081 0.563426 1.3202835
v 1.0356081 0.42132 1.2382395
v 1.0356081 0.257231 1.2382395
v 1.0356081 0.115126 1.3202835
v 1.005247 0.469502 1.4142075
v 1.005247 0.386942 1.3665404
v 1.005247 0.29161 1.3665404
v 1.005247 0.20905 1.4142075
v 1.005247 0.161383 1.4967675
v 1.005247 0.161383 1.5920994
v 1.005247 0.209049 1.6746595
v 1.005247 0.291609 1.7223254
v 1.005247 0.386942 1.7223254
v 1.005247 0.469502 1.6746595
v 1.005247 0.517168 1.5920994
v 1.005247 0.517168 1.4967675
v 0.834673 0.64547 1.6264784
v 0.834673 0.64547 1.4623895
v 0.834673 0.563426 1.3202835
v 0.834673 0.42132 1.2382395
v 0.834673 0.257231 1.2382395
v 0.834673 0.115126 1.3202835
v 0.834673 0.033081 1.4623885
v 0.834673 0.033081 1.6264775
v 0.834673 0.115126 1.7685835
v 0.834673 0.257231 1.8506274
v 0.834673 0.42132 1.8506274
v 0.834673 0.563425 1.7685835
v -1.0356081 0.563426 1.3202835
v -1.0356081 0.64547 1.4623895
v -1.0356081 0.64547 1.6264784
v -1.0356081 0.563425 1.7685835
v -1.0356081 0.42132 1.8506274
v -1.0356081 0.257231 1.8506274
v -1.0356081 0.115126 1.7685825
v -1.0356081 0.033081 1.6264775
v -1.0356081 0.033081 1.4623885
v -1.0356081 0.115126 1.3202835
v -1.0356081 0.257231 1.2382395
v -1.0356081 0.42132 1.2382395
v -1.005247 0.209049 1.6746595
v -1.005247 0.161383 1.5920994
v -1.005247 0.161383 1.4967675
v -1.005247 0.20905 1.4142075
v -1.005247 0.29161 1.3665404
v -1.005247 0.386942 1.3665404
v -1.005247 0.469502 1.4142075
v -1.005247 0.517168 1.4967675
v -1.005247 0.517168 1.5920994
v -1.005247 0.469502 1.6746595
v -1.005247 0.386942 1.7223254
v -1.005247 0.291609 1.7223254
v 0.101651 0.9201629 3.8635502
v 0.0583519 0.9201629 3.8635502
v 0.101651 0.9220169 3.9167705
v 0.0583519 0.9220169 3.9167705
v 0.101651 0.8970119 3.9637871
v 0.0583519 0.8970119 3.9637871
v 0.101651 0.8518489 3.9920034
v 0.0583519 0.8518489 3.9920034
v 0.101651 0.7986289 3.9938564
v 0.0583519 0.7986289 3.9938564
v 0.101651 0.7516119 3.9688511
v 0.0583519 0.7516119 3.9688511
v 0.101651 0.7233969 3.9236884
v 0.0583519 0.7233969 3.9236884
v 0.101651 0.7215429 3.8704681
v 0.0583519 0.7215429 3.8704681
v 0.101651 0.7465479 3.8234525
v 0.0583519 0.7465479 3.8234525
v 0.101651 0.7917109 3.7952352
v 0.0583519 0.7917109 3.7952352
v 0.101651 0.8919479 3.8183875
v 0.0583519 0.8919479 3.8183875
v 0.101651 0.8449309 3.7933822
v 0.0583519 0.8449309 3.7933822
v 0.102759 0.8586289 3.8541112
v 0.102759 0.8339379 3.8409791
v 0.102759 0.8059889 3.8419533
v 0.102759 0.7822719 3.8567715
v 0.102759 0.7691399 3.8814611
v 0.102759 0.7701129 3.9094105
v 0.102759 0.7849309 3.9331284
v 0.102759 0.8096219 3.9462595
v 0.102759 0.8375709 3.9452863
v 0.102759 0.8612879 3.9304671
v 0.102759 0.8744199 3.9057765
v 0.102759 0.8734459 3.8778281
v 0.102759 0.8217799 3.8936195
v 0.112616 0.9107099 3.8664403
v 0.0473869 0.9107099 3.8664403
v 0.112616 0.9123849 3.9145455
v 0.0473869 0.9123849 3.9145455
v 0.112616 0.8897829 3.9570432
v 0.0473869 0.8897829 3.9570441
v 0.112616 0.8489599 3.9825482
v 0.0473869 0.8489599 3.9825482
v 0.112616 0.8008529 3.9842243
v 0.0473869 0.8008529 3.9842243
v 0.112616 0.7583539 3.9616222
v 0.0473869 0.7583539 3.9616222
v 0.112616 0.7328499 3.9207993
v 0.0473869 0.7328499 3.9207993
v 0.112616 0.7311749 3.8726921
v 0.0473869 0.7311749 3.8726921
v 0.112616 0.7537769 3.8301935
v 0.0473869 0.7537769 3.8301935
v 0.112616 0.7946009 3.8046894
v 0.0473869 0.7945999 3.8046894
v 0.112616 0.8852059 3.8256164
v 0.0473869 0.8852059 3.8256164
v 0.112616 0.8427069 3.8030133
v 0.0473869 0.8427069 3.8030133
v 0.056509 0.8217799 3.8936195
v 0.115366 0.8896499 3.8728762
v 0.115366 0.8909289 3.9095893
v 0.115366 0.8736789 3.9420252
v 0.115366 0.8425229 3.9614892
v 0.115366 0.8058089 3.9627681
v 0.115366 0.7733739 3.9455185
v 0.115366 0.7539089 3.9143634
v 0.115366 0.7526309 3.8776484
v 0.115366 0.7698809 3.8452144
v 0.115366 0.8010369 3.8257494
v 0.115366 0.8377509 3.8244705
v 0.115366 0.8701859 3.8417201
v 0.056509 0.8736539 3.8777652
v 0.056509 0.8746309 3.9058261
v 0.056509 0.8614469 3.9306173
v 0.056509 0.8376339 3.9454942
v 0.056509 0.8095739 3.9464712
v 0.056509 0.7847819 3.9332852
v 0.056509 0.7699059 3.9094734
v 0.056509 0.7689279 3.8814125
v 0.056509 0.7821129 3.8566222
v 0.056509 0.8059259 3.8417463
v 0.056509 0.8339869 3.8407683
v 0.056509 0.8587769 3.8539524
v -0.714004 0.8587769 3.8539524
v -0.714004 0.8339869 3.8407683
v -0.714004 0.8059259 3.8417463
v -0.714004 0.7821129 3.8566222
v -0.714004 0.7689279 3.8814125
v -0.714004 0.7699059 3.9094734
v -0.714004 0.7847819 3.9332852
v -0.714004 0.8095739 3.9464712
v -0.714004 0.8376339 3.9454942
v -0.714004 0.8614469 3.9306173
v -0.714004 0.8746309 3.9058261
v -0.714004 0.8736539 3.8777652
v -0.655148 0.8701859 3.8417201
v -0.655148 0.8377509 3.8244705
v -0.655148 0.8010369 3.8257494
v -0.655148 0.7698809 3.8452144
v -0.655148 0.7526309 3.8776484
v -0.655148 0.7539089 3.9143634
v -0.655148 0.7733739 3.9455185
v -0.655148 0.8058089 3.9627681
v -0.655148 0.8425229 3.9614892
v -0.655148 0.8736789 3.9420252
v -0.655148 0.8909289 3.9095893
v -0.655148 0.8896499 3.8728762
v -0.714004 0.8217799 3.8936195
v -0.7231261 0.8427069 3.8030133
v -0.6579 0.8427069 3.8030133
v -0.7231261 0.8852059 3.8256164
v -0.6579 0.8852059 3.8256164
v -0.7231261 0.7945999 3.8046894
v -0.6579 0.7946009 3.8046894
v -0.7231261 0.7537769 3.8301935
v -0.6579 0.7537769 3.8301935
v -0.7231261 0.7311749 3.8726921
v -0.6579 0.7311749 3.8726921
v -0.7231261 0.7328499 3.9207993
v -0.6579 0.7328499 3.9207993
v -0.7231261 0.7583539 3.9616222
v -0.6579 0.7583539 3.9616222
v -0.7231261 0.8008529 3.9842243
v -0.6579 0.8008529 3.9842243
v -0.7231261 0.8489599 3.9825482
v -0.6579 0.8489599 3.9825482
v -0.7231261 0.8897829 3.9570441
v -0.6579 0.8897829 3.9570432
v -0.7231261 0.9123849 3.9145455
v -0.6579 0.9123849 3.9145455
v -0.7231261 0.9107099 3.8664403
v -0.6579 0.9107099 3.8664403
v -0.6677551 0.8217799 3.8936195
v -0.6677551 0.8734459 3.8778281
v -0.6677551 0.8744199 3.9057765
v -0.6677551 0.8612879 3.9304671
v -0.6677551 0.8375709 3.9452863
v -0.6677551 0.8096219 3.9462595
v -0.6677551 0.7849309 3.9331284
v -0.6677551 0.7701129 3.9094105
v -0.6677551 0.7691399 3.8814611
v -0.6677551 0.7822719 3.8567715
v -0.6677551 0.8059889 3.8419533
v -0.6677551 0.8339379 3.8409791
v -0.6677551 0.8586289 3.8541112
v -0.712163 0.8449309 3.7933822
v -0.6688641 0.8449309 3.7933822
v -0.712163 0.8919479 3.8183875
v -0.6688641 0.8919479 3.8183875
v -0.712163 0.7917109 3.7952352
v -0.6688641 0.7917109 3.7952352
v -0.712163 0.7465479 3.8234525
v -0.6688641 0.7465479 3.8234525
v -0.712163 0.7215429 3.8704681
v -0.6688641 0.7215429 3.8704681
v -0.712163 0.7233969 3.9236884
v -0.6688641 0.7233969 3.9236884
v -0.712163 0.7516119 3.9688511
v -0.6688641 0.7516119 3.9688511
v -0.712163 0.7986289 3.9938564
v -0.6688641 0.7986289 3.9938564
v -0.712163 0.8518489 3.9920034
v -0.6688641 0.8518489 3.9920034
v -0.712163 0.8970119 3.9637871
v -0.6688631 0.8970119 3.9637871
v -0.712163 0.9220169 3.9167705
v -0.6688641 0.9220169 3.9167705
v -0.712163 0.9201629 3.8635502
v -0.6688641 0.9201629 3.8635502
v -0.712163 0.9220169 3.9167705
v -0.712163 0.9220169 3.9167705
v -0.712163 0.8970119 3.9637871
v -0.712163 0.8518489 3.9920034
v -0.712163 0.8518489 3.9920034
v -0.712163 0.7986289 3.9938564
v -0.712163 0.7516119 3.9688511
v -0.712163 0.7233969 3.9236884
v -0.712163 0.7215429 3.8704681
v -0.712163 0.7215429 3.8704681
v -0.712163 0.7465479 3.8234525
v -0.712163 0.7917109 3.7952352
v -0.712163 0.7917109 3.7952352
v -0.712163 0.8449309 3.7933822
v -0.712163 0.8919479 3.8183875
v -0.712163 0.9201629 3.8635502
v -0.6688641 0.7917109 3.7952352
v -0.6688641 0.7917109 3.7952352
v -0.6688641 0.8449309 3.7933822
v -0.6688641 0.8919479 3.8183875
v -0.6688641 0.9201629 3.8635502
v -0.6688641 0.9220169 3.9167705
v -0.6688641 0.9220169 3.9167705
v -0.6688631 0.8970119 3.9637871
v -0.6688641 0.8518489 3.9920034
v -0.6688641 0.8518489 3.9920034
v -0.6688641 0.7986289 3.9938564
v -0.6688641 0.7516119 3.9688511
v -0.6688641 0.7233969 3.9236884
v -0.6688641 0.7215429 3.8704681
v -0.6688641 0.7215429 3.8704681
v -0.6688641 0.7465479 3.8234525
v -0.655148 0.8010369 3.8257494
v -0.655148 0.8377509 3.8244705
v -0.655148 0.8701859 3.8417201
v -0.655148 0.8896499 3.8728762
v -0.655148 0.8909289 3.9095893
v -0.655148 0.8736789 3.9420252
v -0.655148 0.8425229 3.9614892
v -0.655148 0.8058089 3.9627681
v -0.655148 0.7733739 3.9455185
v -0.655148 0.7539089 3.9143634
v -0.655148 0.7526309 3.8776484
v -0.655148 0.7698809 3.8452144
v 0.115366 0.7539089 3.9143634
v 0.115366 0.7733739 3.9455185
v 0.115366 0.8058089 3.9627681
v 0.115366 0.8425229 3.9614892
v 0.115366 0.8736789 3.9420252
v 0.115366 0.8909289 3.9095893
v 0.115366 0.8896499 3.8728762
v 0.115366 0.8701859 3.8417201
v 0.115366 0.8377509 3.8244705
v 0.115366 0.8010369 3.8257494
v 0.115366 0.7698809 3.8452144
v 0.115366 0.7526309 3.8776484
v 0.112616 0.9123849 3.9145455
v 0.112616 0.9107099 3.8664403
v 0.112616 0.8852059 3.8256164
v 0.112616 0.8427069 3.8030133
v 0.112616 0.7946009 3.8046894
v 0.112616 0.7537769 3.8301935
v 0.112616 0.7311749 3.8726921
v 0.112616 0.7328499 3.9207993
v 0.112616 0.7583539 3.9616222
v 0.112616 0.8008529 3.9842243
v 0.112616 0.8489599 3.9825482
v 0.112616 0.8897829 3.9570432
v 0.0583519 0.7986289 3.9938564
v 0.0583519 0.8518489 3.9920034
v 0.0583519 0.8518489 3.9920034
v 0.101651 0.8518489 3.9920034
v 0.101651 0.8518489 3.9920034
v 0.101651 0.8970119 3.9637871
v 0.101651 0.9220169 3.9167705
v 0.101651 0.9220169 3.9167705
v 0.101651 0.9201629 3.8635502
v 0.101651 0.8919479 3.8183875
v 0.101651 0.8449309 3.7933822
v 0.101651 0.7917109 3.7952352
v 0.101651 0.7917109 3.7952352
v 0.101651 0.7465479 3.8234525
v 0.101651 0.7215429 3.8704681
v 0.101651 0.7215429 3.8704681
v 0.101651 0.7233969 3.9236884
v 0.101651 0.7516119 3.9688511
v 0.101651 0.7986289 3.9938564
v 0.0583519 0.7215429 3.8704681
v 0.0583519 0.7215429 3.8704681
v 0.0583519 0.7233969 3.9236884
v 0.0583519 0.7516119 3.9688511
v 0.0583519 0.7465479 3.8234525
v 0.0583519 0.7917109 3.7952352
v 0.0583519 0.7917109 3.7952352
v 0.0583519 0.8449309 3.7933822
v 0.0583519 0.8919479 3.8183875
v 0.0583519 0.9201629 3.8635502
v 0.0583519 0.9220169 3.9167705
v 0.0583519 0.9220169 3.9167705
v 0.0583519 0.8970119 3.9637871
v 0.0473869 0.9123849 3.9145455
v 0.0473869 0.9107099 3.8664403
v 0.0473869 0.8852059 3.8256164
v 0.0473869 0.8427069 3.8030133
v 0.0473869 0.7945999 3.8046894
v 0.0473869 0.7537769 3.8301935
v 0.0473869 0.7311749 3.8726921
v 0.0473869 0.7328499 3.9207993
v 0.0473869 0.7583539 3.9616222
v 0.0473869 0.8008529 3.9842243
v 0.0473869 0.8489599 3.9825482
v 0.0473869 0.8897829 3.9570441
v 0.102759 0.8744199 3.9057765
v 0.102759 0.8612879 3.9304671
v 0.102759 0.8375709 3.9452863
v 0.102759 0.8096219 3.9462595
v 0.102759 0.7849309 3.9331284
v 0.102759 0.7701129 3.9094105
v 0.102759 0.7691399 3.8814611
v 0.102759 0.7822719 3.8567715
v 0.102759 0.8059889 3.8419533
v 0.102759 0.8339379 3.8409791
v 0.102759 0.8586289 3.8541112
v 0.102759 0.8734459 3.8778281
v -0.6579 0.8897829 3.9570432
v -0.6579 0.8489599 3.9825482
v -0.6579 0.8008529 3.9842243
v -0.6579 0.7583539 3.9616222
v -0.6579 0.7328499 3.9207993
v -0.6579 0.7311749 3.8726921
v -0.6579 0.7537769 3.8301935
v -0.6579 0.7946009 3.8046894
v -0.6579 0.8427069 3.8030133
v -0.6579 0.8852059 3.8256164
v -0.6579 0.9107099 3.8664403
v -0.6579 0.9123849 3.9145455
v -0.7231261 0.8427069 3.8030133
v -0.7231261 0.7945999 3.8046894
v -0.7231261 0.7537769 3.8301935
v -0.7231261 0.7311749 3.8726921
v -0.7231261 0.7328499 3.9207993
v -0.7231261 0.7583539 3.9616222
v -0.7231261 0.8008529 3.9842243
v -0.7231261 0.8489599 3.9825482
v -0.7231261 0.8897829 3.9570441
v -0.7231261 0.9123849 3.9145455
v -0.7231261 0.9107099 3.8664403
v -0.7231261 0.8852059 3.8256164
v -0.6677551 0.8734459 3.8778281
v -0.6677551 0.8586289 3.8541112
v -0.6677551 0.8339379 3.8409791
v -0.6677551 0.8059889 3.8419533
v -0.6677551 0.7822719 3.8567715
v -0.6677551 0.7691399 3.8814611
v -0.6677551 0.7701129 3.9094105
v -0.6677551 0.7849309 3.9331284
v -0.6677551 0.8096219 3.9462595
v -0.6677551 0.8375709 3.9452863
v -0.6677551 0.8612879 3.9304671
v -0.6677551 0.8744199 3.9057765
v -0.6040961 0.5897319 -3.6657648
v -0.6040961 0.5342259 -3.6952827
v -0.6040961 0.4713959 -3.6930947
v -0.6040961 0.4180779 -3.6597867
v -0.6040961 0.3885579 -3.6042788
v -0.6040741 0.7641429 3.8902035
v -0.6040741 0.7813389 3.9177284
v -0.6040741 0.8099929 3.9329672
v -0.6040741 0.8424279 3.9318361
v -0.6040741 0.8699529 3.9146423
v -0.6040741 0.8851909 3.8859873
v -0.6040961 0.6230419 -3.6124456
v -0.0040541 0.5897319 -3.6657627
v -0.0040541 0.5342259 -3.6952827
v -0.0040541 0.4713959 -3.6930947
v -0.0040541 0.4180779 -3.6597867
v -0.0040541 0.3885579 -3.6042788
v -0.0040751 0.7641429 3.8902035
v -0.0040751 0.7813389 3.9177284
v -0.0040751 0.8099929 3.9329672
v -0.0040751 0.8424269 3.9318371
v -0.0040751 0.8699529 3.9146423
v -0.0040751 0.8851909 3.8859873
v -0.0040541 0.6230419 -3.6124456
v -0.603951 0.5091689 -3.4583287
v -0.0041991 0.5091689 -3.4583287
v 0.054631 0.7692459 3.8047452
v -0.0127821 0.7692459 3.8047452
v 0.054631 0.6584849 3.2275164
v -0.0127821 0.6584849 3.2275152
v -0.0018631 0.6001929 3.2387013
v 0.0437139 0.6001929 3.2387013
v -0.0018631 0.7109529 3.8159313
v 0.0437139 0.7109529 3.8159313
v -0.6062871 0.7109529 3.8159313
v -0.651863 0.7109529 3.8159313
v -0.6062871 0.6001929 3.2387013
v -0.651863 0.6001929 3.2387013
v -0.6627811 0.6584849 3.2275152
v -0.5953671 0.6584849 3.2275164
v -0.6627821 0.7692459 3.8047452
v -0.5953671 0.7692459 3.8047452
v -0.0040751 0.3846889 -3.6030586
v 0.045925 0.3846889 -3.6030586
v 0.045925 0.7626919 3.8883233
v -0.0040751 0.7626919 3.8883233
v -0.0040751 0.6261399 -3.6114697
v 0.0459259 0.6261399 -3.6114676
v 0.045925 0.8872059 3.8839884
v -0.0040751 0.8872059 3.8839874
v 0.045925 0.6196489 3.1428514
v -0.0040751 0.6196489 3.1428504
v 0.045925 0.8610989 3.1344423
v -0.0040751 0.8610989 3.1344414
v -0.0040751 0.8458759 3.9334283
v 0.0459239 0.8458759 3.9334292
v -0.0040761 0.8073619 3.9347701
v 0.045925 0.8073609 3.9347701
v 0.0459259 0.5370819 -3.6977308
v -0.0040741 0.5370819 -3.6977327
v 0.0459259 0.4675289 -3.6953096
v -0.0040741 0.4675289 -3.6953096
v -0.0040741 0.5916409 -3.6674607
v -0.0040741 0.4152089 -3.6613157
v 0.0459259 0.4152089 -3.6613157
v 0.0459259 0.5916409 -3.6674597
v -0.0040761 0.7788099 3.9210982
v -0.0040751 0.8734069 3.9178042
v 0.045925 0.8734069 3.9178042
v 0.045925 0.7788099 3.9210992
v -0.6040741 0.7788099 3.9210992
v -0.6040751 0.8734069 3.9178042
v -0.654075 0.8734069 3.9178042
v -0.654076 0.7788099 3.9210982
v -0.6040741 0.5916409 -3.6674597
v -0.6040741 0.4152089 -3.6613157
v -0.654075 0.4152089 -3.6613157
v -0.654075 0.5916409 -3.6674607
v -0.654075 0.4675289 -3.6953096
v -0.6040741 0.4675289 -3.6953096
v -0.654075 0.5370819 -3.6977327
v -0.6040741 0.5370819 -3.6977308
v -0.6040741 0.8073609 3.9347701
v -0.654076 0.8073619 3.9347701
v -0.6040751 0.8458759 3.9334292
v -0.654075 0.8458759 3.9334283
v -0.654075 0.8610989 3.1344414
v -0.6040741 0.8610989 3.1344423
v -0.654076 0.6196489 3.1428504
v -0.6040741 0.6196489 3.1428514
v -0.654075 0.8872059 3.8839874
v -0.6040741 0.8872059 3.8839884
v -0.6040741 0.6261399 -3.6114676
v -0.654075 0.6261399 -3.6114697
v -0.654076 0.7626919 3.8883233
v -0.6040741 0.7626919 3.8883233
v -0.6040751 0.3846889 -3.6030586
v -0.654075 0.3846889 -3.6030586
v 0.0259249 0.6523119 -2.8600388
v 0.1259249 0.6523119 -2.8600378
v 0.0259249 0.6623059 -2.8603866
v 0.1159249 0.6623059 -2.8603857
v 0.1159249 0.8022209 -2.8652587
v 0.1259249 0.8022209 -2.8652587
v 0.1259249 1.0145549 3.2310443
v 0.1159249 1.0145549 3.2310443
v 0.1159249 0.8746399 3.2359173
v 0.0259249 0.8746399 3.2359164
v 0.1259249 0.8646459 3.2362654
v 0.0259249 0.8646459 3.2362642
v -0.633742 0.6523119 -2.8600378
v -0.7337421 0.6523119 -2.8600388
v -0.633742 0.6623059 -2.8603857
v -0.7237421 0.6623059 -2.8603866
v -0.7237421 0.8022209 -2.8652587
v -0.7337421 0.8022209 -2.8652587
v -0.733741 1.0145549 3.2310433
v -0.7237411 1.0145549 3.2310433
v -0.7237411 0.8746399 3.2359164
v -0.6337401 0.8746399 3.2359173
v -0.733741 0.8646459 3.2362642
v -0.6337401 0.8646459 3.2362654
v 0.127508 0.6711949 1.1710663
v 0.164342 0.6711949 1.1710663
v 0.164342 0.6724769 1.2078793
v 0.127508 0.6724769 1.2078793
v 0.127508 1.630613 1.1376493
v 0.164342 1.630613 1.1376493
v 0.164342 1.6318959 1.1744623
v 0.127508 1.6318959 1.1744623
v 0.127508 1.6268299 -0.0286787
v 0.164342 1.6268299 -0.0286787
v 0.164342 1.590035 -0.0273977
v 0.127508 1.590035 -0.0273977
v 0.127508 1.5829889 -0.0711247
v 0.164342 1.5829889 -0.0711247
v 0.164342 1.6142279 -0.0906417
v 0.127508 1.6142279 -0.0906417
v 0.127508 1.5703229 -0.1348587
v 0.164342 1.5703229 -0.1348587
v 0.164342 1.5530269 -0.1023367
v 0.127508 1.5530269 -0.1023367
v 0.127508 1.515222 -0.1219197
v 0.164342 1.515222 -0.1219197
v 0.164342 1.5139399 -0.1587327
v 0.127508 1.5139399 -0.1587327
v 0.127508 0.6259549 -0.1278057
v 0.164342 0.6259549 -0.1278057
v 0.164342 0.6272369 -0.0909937
v 0.127508 0.6272369 -0.0909937
v 0.164343 0.7416359 3.1935172
v 0.127508 0.7416359 3.1935172
v 0.127508 0.7429189 3.2303302
v 0.164343 0.7429189 3.2303302
v 0.164343 1.0621189 3.2192113
v 0.127508 1.0621189 3.2192113
v 0.127508 1.0608369 3.1823983
v 0.164343 1.0608369 3.1823983
v 0.164343 1.0971879 3.1602323
v 0.127508 1.0971879 3.1602323
v 0.127508 1.1167049 3.1914723
v 0.164343 1.1167049 3.1914723
v 0.164343 1.6606929 1.2434103
v 0.127508 1.6606929 1.2434103
v 0.127508 1.628171 1.2261143
v 0.164343 1.628171 1.2261143
v 0.164343 1.6321399 1.1820043
v 0.127508 1.6321399 1.1820043
v 0.127508 1.6689529 1.1807213
v 0.164343 1.6689529 1.1807213
v 0.130439 1.1223829 -0.1093767
v 0.1614109 1.1223829 -0.1093767
v 0.1614109 1.0914299 -0.1082987
v 0.130439 1.0914299 -0.1082987
v 0.130439 1.221121 2.7254603
v 0.1614109 1.221121 2.7254603
v 0.1614109 1.1935499 2.8236504
v 0.130439 1.1935499 2.8236504
v 0.127508 0.5765979 -1.5448817
v 0.164342 0.5765979 -1.5448817
v 0.164342 0.5778809 -1.5080687
v 0.127508 0.5778809 -1.5080687
v 0.127508 1.5360169 -1.5782987
v 0.164342 1.5360169 -1.5782987
v 0.164342 1.5372989 -1.5414857
v 0.127508 1.5372989 -1.5414857
v 0.127508 1.5322329 -2.7446277
v 0.164342 1.5322329 -2.7446277
v 0.164342 1.4954379 -2.7433457
v 0.127508 1.4954379 -2.7433457
v 0.127508 1.4883919 -2.7870727
v 0.164342 1.4883919 -2.7870727
v 0.164342 1.5196319 -2.8065886
v 0.127508 1.5196319 -2.8065886
v 0.127508 1.475727 -2.8508067
v 0.164342 1.475727 -2.8508067
v 0.164342 1.4584309 -2.8182847
v 0.127508 1.4584309 -2.8182847
v 0.127508 1.4206249 -2.8378677
v 0.164342 1.4206249 -2.8378677
v 0.164342 1.4193429 -2.8746808
v 0.127508 1.4193429 -2.8746808
v 0.127508 0.5313589 -2.8437536
v 0.164342 0.5313589 -2.8437536
v 0.164342 0.5326409 -2.8069417
v 0.127508 0.5326409 -2.8069417
v 0.164343 0.6218379 -0.2460097
v 0.127508 0.6218379 -0.2460097
v 0.127508 0.6231199 -0.2091967
v 0.164343 0.6231199 -0.2091967
v 0.164343 1.5111049 -0.2401277
v 0.127508 1.5111049 -0.2401277
v 0.127508 1.5098219 -0.2769397
v 0.164343 1.5098219 -0.2769397
v 0.164343 1.5461739 -0.2991057
v 0.127508 1.5461739 -0.2991057
v 0.127508 1.5656899 -0.2678657
v 0.164343 1.5656899 -0.2678657
v 0.164343 1.6064129 -0.3150307
v 0.127508 1.6064129 -0.3150307
v 0.127508 1.5738909 -0.3323267
v 0.164343 1.5738909 -0.3323267
v 0.164343 1.5778599 -0.3764377
v 0.127508 1.5778599 -0.3764377
v 0.127508 1.6146729 -0.3777197
v 0.164343 1.6146729 -0.3777197
v 0.130439 1.027787 -2.8253248
v 0.1614109 1.027787 -2.8253248
v 0.1614109 0.9968339 -2.8242466
v 0.130439 0.9968339 -2.8242466
v 0.130439 1.1170639 -0.2621207
v 0.1614109 1.1170639 -0.2621207
v 0.1614109 1.0861109 -0.2610427
v 0.130439 1.0861109 -0.2610427
v -0.7695611 1.0861109 -0.2610427
v -0.738589 1.0861109 -0.2610427
v -0.738589 1.1170639 -0.2621207
v -0.7695611 1.1170639 -0.2621207
v -0.7695611 0.9968339 -2.8242466
v -0.738589 0.9968339 -2.8242466
v -0.738589 1.027787 -2.8253248
v -0.7695611 1.027787 -2.8253248
v -0.735658 1.6146729 -0.3777197
v -0.7724921 1.6146729 -0.3777197
v -0.7724921 1.5778599 -0.3764377
v -0.735658 1.5778599 -0.3764377
v -0.735658 1.5738909 -0.3323267
v -0.7724921 1.5738909 -0.3323267
v -0.7724921 1.6064129 -0.3150307
v -0.735657 1.6064129 -0.3150307
v -0.735657 1.5656899 -0.2678657
v -0.7724921 1.5656899 -0.2678657
v -0.7724921 1.5461739 -0.2991057
v -0.735658 1.5461739 -0.2991057
v -0.735658 1.5098219 -0.2769397
v -0.7724921 1.5098219 -0.2769397
v -0.7724921 1.5111049 -0.2401277
v -0.735657 1.5111049 -0.2401277
v -0.735657 0.6231199 -0.2091967
v -0.7724921 0.6231199 -0.2091967
v -0.7724921 0.6218379 -0.2460097
v -0.735657 0.6218379 -0.2460097
v -0.7724921 0.5326409 -2.8069417
v -0.735658 0.5326409 -2.8069417
v -0.735658 0.5313589 -2.8437536
v -0.7724921 0.5313589 -2.8437536
v -0.7724921 1.4193429 -2.8746808
v -0.735658 1.4193429 -2.8746808
v -0.735658 1.4206249 -2.8378677
v -0.7724921 1.4206249 -2.8378677
v -0.7724921 1.4584309 -2.8182847
v -0.735658 1.4584309 -2.8182847
v -0.735658 1.475727 -2.8508067
v -0.7724921 1.475727 -2.8508067
v -0.7724921 1.5196319 -2.8065886
v -0.735658 1.5196319 -2.8065886
v -0.735658 1.4883919 -2.7870727
v -0.7724921 1.4883919 -2.7870727
v -0.7724921 1.4954379 -2.7433457
v -0.735658 1.4954379 -2.7433457
v -0.735658 1.5322329 -2.7446277
v -0.7724921 1.5322329 -2.7446277
v -0.7724921 1.5372989 -1.5414857
v -0.735658 1.5372989 -1.5414857
v -0.735658 1.5360169 -1.5782987
v -0.7724921 1.5360169 -1.5782987
v -0.7724921 0.5778809 -1.5080687
v -0.735658 0.5778809 -1.5080687
v -0.735658 0.5765979 -1.5448817
v -0.7724921 0.5765979 -1.5448817
v -0.7695611 1.1935499 2.8236504
v -0.738589 1.1935499 2.8236504
v -0.738589 1.221121 2.7254603
v -0.7695611 1.221121 2.7254603
v -0.7695611 1.0914299 -0.1082987
v -0.738589 1.0914299 -0.1082987
v -0.738589 1.1223829 -0.1093767
v -0.7695611 1.1223829 -0.1093767
v -0.735658 1.6689529 1.1807213
v -0.7724921 1.6689529 1.1807213
v -0.7724921 1.6321399 1.1820043
v -0.735658 1.6321399 1.1820043
v -0.735658 1.628171 1.2261143
v -0.7724921 1.628171 1.2261143
v -0.7724921 1.6606929 1.2434103
v -0.735657 1.6606929 1.2434103
v -0.735657 1.1167049 3.1914723
v -0.772491 1.1167049 3.1914723
v -0.772491 1.0971879 3.1602323
v -0.735658 1.0971879 3.1602323
v -0.735658 1.0608369 3.1823983
v -0.772491 1.0608369 3.1823983
v -0.772491 1.0621189 3.2192113
v -0.735657 1.0621189 3.2192113
v -0.735657 0.7429189 3.2303302
v -0.772491 0.7429189 3.2303302
v -0.772491 0.7416359 3.1935172
v -0.735657 0.7416359 3.1935172
v -0.7724921 0.6272369 -0.0909937
v -0.735658 0.6272369 -0.0909937
v -0.735658 0.6259549 -0.1278057
v -0.7724921 0.6259549 -0.1278057
v -0.7724921 1.5139399 -0.1587327
v -0.735658 1.5139399 -0.1587327
v -0.735658 1.515222 -0.1219197
v -0.7724921 1.515222 -0.1219197
v -0.7724921 1.5530269 -0.1023367
v -0.735658 1.5530269 -0.1023367
v -0.735658 1.5703229 -0.1348587
v -0.7724921 1.5703229 -0.1348587
v -0.7724921 1.6142279 -0.0906417
v -0.735658 1.6142279 -0.0906417
v -0.735658 1.5829889 -0.0711247
v -0.7724921 1.5829889 -0.0711247
v -0.7724921 1.590035 -0.0273977
v -0.735658 1.590035 -0.0273977
v -0.735658 1.6268299 -0.0286787
v -0.7724921 1.6268299 -0.0286787
v -0.7724921 1.6318959 1.1744623
v -0.735658 1.6318959 1.1744623
v -0.735658 1.630613 1.1376493
v -0.7724921 1.630613 1.1376493
v -0.7724921 0.6724769 1.2078793
v -0.735658 0.6724769 1.2078793
v -0.735658 0.6711949 1.1710663
v -0.7724921 0.6711949 1.1710663
v -0.764834 0.5306859 -1.5521057
v 0.156684 0.5306859 -1.5521057
v 0.156684 0.5325719 -1.4979517
v -0.764834 0.5325719 -1.4979517
v -0.764834 0.6886329 -1.5576067
v 0.156684 0.6886329 -1.5576067
v 0.156684 0.6905189 -1.5034528
v -0.764834 0.6905189 -1.5034528
v -0.764834 0.6452679 -2.8026648
v 0.156684 0.6452679 -2.8026648
v 0.156684 0.6433809 -2.8568187
v -0.764834 0.6433809 -2.8568187
v -0.764834 0.4873199 -2.7971637
v 0.156684 0.4873199 -2.7971637
v 0.156684 0.4854339 -2.8513176
v -0.764834 0.4854339 -2.8513176
v -0.764834 0.7357709 -0.2042407
v 0.156684 0.7357709 -0.2042407
v 0.156684 0.7338839 -0.2583947
v -0.764834 0.7338839 -0.2583947
v -0.764834 0.5778229 -0.1987387
v 0.156684 0.5778229 -0.1987387
v 0.156684 0.5759369 -0.2528927
v -0.764834 0.5759369 -0.2528927
v -0.764833 0.6957309 3.1864972
v 0.156684 0.6957309 3.1864972
v 0.156684 0.6976169 3.2406514
v -0.764833 0.6976169 3.2406514
v -0.764833 0.8536779 3.1809964
v 0.156684 0.8536779 3.1809964
v 0.156684 0.8555639 3.2351494
v -0.764833 0.8555639 3.2351494
v -0.764834 0.5800559 -0.1346347
v 0.156684 0.5800559 -0.1346347
v 0.156684 0.5819419 -0.0804807
v -0.764834 0.5819419 -0.0804807
v -0.764834 0.7380029 -0.1401357
v 0.156684 0.7380029 -0.1401357
v 0.156684 0.7398899 -0.0859817
v -0.764834 0.7398899 -0.0859817
v -0.764834 0.7851409 1.2132303
v 0.156684 0.7851409 1.2132303
v 0.156684 0.7832549 1.1590763
v -0.764834 0.7832549 1.1590763
v -0.764834 0.6271939 1.2187324
v 0.156684 0.6271939 1.2187324
v 0.156684 0.6253079 1.1645774
v -0.764834 0.6253079 1.1645774
v -0.6644381 0.5058069 -3.2448757
v -0.6644381 0.5050899 -3.2654557
v -0.6644381 0.4941789 -3.2829196
v -0.6644381 0.4759979 -3.2925887
v -0.6644381 0.4554179 -3.2918727
v -0.6644381 0.4379529 -3.2809618
v -0.6644381 0.4282839 -3.2627807
v -0.6644381 0.4290009 -3.2421997
v -0.6644381 0.4399119 -3.2247357
v -0.6644381 0.4580929 -3.2150667
v -0.6644381 0.4786729 -3.2157817
v -0.6644381 0.4961379 -3.2266936
v 0.0562879 0.5058069 -3.2448757
v 0.0562879 0.5050899 -3.2654557
v 0.0562879 0.4941789 -3.2829196
v 0.0562879 0.4759979 -3.2925887
v 0.0562879 0.4554179 -3.2918727
v 0.0562879 0.4379529 -3.2809618
v 0.0562879 0.4282839 -3.2627807
v 0.0562879 0.4290009 -3.2421997
v 0.0562879 0.4399119 -3.2247357
v 0.0562879 0.4580929 -3.2150667
v 0.0562879 0.4786729 -3.2157817
v 0.0562879 0.4961379 -3.2266936
v -0.6644381 0.4670459 -3.2538276
v 0.0562879 0.4670459 -3.2538276
v 0.0562879 0.5972739 0.4851474
v -0.6644381 0.5972739 0.4851474
v 0.0562879 0.6263659 0.5122813
v 0.0562879 0.6089019 0.5231923
v 0.0562879 0.5883209 0.5239083
v 0.0562879 0.5701399 0.5142393
v 0.0562879 0.5592289 0.4967743
v 0.0562879 0.5585129 0.4761943
v 0.0562879 0.5681819 0.4580133
v 0.0562879 0.5856459 0.4471023
v 0.0562879 0.6062259 0.4463853
v 0.0562879 0.6244079 0.4560543
v 0.0562879 0.6353189 0.4735193
v 0.0562879 0.6360349 0.4940993
v -0.6644381 0.6263659 0.5122813
v -0.6644381 0.6089019 0.5231923
v -0.6644381 0.5883209 0.5239083
v -0.6644381 0.5701399 0.5142393
v -0.6644381 0.5592289 0.4967743
v -0.6644381 0.5585129 0.4761943
v -0.6644381 0.5681819 0.4580133
v -0.6644381 0.5856459 0.4471023
v -0.6644381 0.6062259 0.4463853
v -0.6644381 0.6244079 0.4560543
v -0.6644381 0.6353189 0.4735193
v -0.6644381 0.6360349 0.4940993
v -0.654075 0.5916409 -3.6674607
v -0.654075 0.6261399 -3.6114697
v -0.654075 0.8610989 3.1344414
v -0.654075 0.8872059 3.8839874
v -0.654075 0.8734069 3.9178042
v -0.654075 0.8734069 3.9178042
v -0.6040751 0.8734069 3.9178042
v -0.6040751 0.8734069 3.9178042
v -0.6040751 0.8458759 3.9334292
v -0.6040741 0.8073609 3.9347701
v -0.6040741 0.7788099 3.9210992
v -0.6040741 0.7788099 3.9210992
v -0.654076 0.7788099 3.9210982
v -0.654076 0.7788099 3.9210982
v -0.654076 0.8073619 3.9347701
v -0.654075 0.8458759 3.9334283
v -0.654076 0.7626919 3.8883233
v -0.654076 0.6196489 3.1428504
v -0.654075 0.3846889 -3.6030586
v -0.654075 0.4152089 -3.6613157
v -0.654075 0.4675289 -3.6953096
v -0.654075 0.4675289 -3.6953096
v -0.6040741 0.4675289 -3.6953096
v -0.6040741 0.4675289 -3.6953096
v -0.6040741 0.4152089 -3.6613157
v -0.6040751 0.3846889 -3.6030586
v -0.6040741 0.6196489 3.1428514
v -0.6040741 0.7626919 3.8883233
v -0.6040741 0.5370819 -3.6977308
v -0.6040741 0.5370819 -3.6977308
v -0.6040741 0.5916409 -3.6674597
v -0.6040741 0.6261399 -3.6114676
v -0.6040741 0.8610989 3.1344423
v -0.6040741 0.8872059 3.8839884
v -0.654075 0.5370819 -3.6977327
v -0.654075 0.5370819 -3.6977327
v 0.164342 1.590035 -0.0273977
v 0.164342 1.5829889 -0.0711247
v 0.164342 1.5829889 -0.0711247
v 0.164342 1.5530269 -0.1023367
v 0.164342 1.515222 -0.1219197
v 0.164342 0.6272369 -0.0909937
v 0.164342 0.6272369 -0.0909937
v 0.164342 0.6259549 -0.1278057
v 0.164342 0.6259549 -0.1278057
v 0.164342 1.5139399 -0.1587327
v 0.164342 1.5703229 -0.1348587
v 0.164342 1.6142279 -0.0906417
v 0.164342 1.6142279 -0.0906417
v 0.127508 1.6142279 -0.0906417
v 0.127508 1.6142279 -0.0906417
v 0.127508 1.5703229 -0.1348587
v 0.127508 1.5139399 -0.1587327
v 0.127508 0.6259549 -0.1278057
v 0.127508 1.6268299 -0.0286787
v 0.127508 1.6689529 1.1807213
v 0.127508 1.6606929 1.2434103
v 0.127508 1.1167049 3.1914723
v 0.127508 1.1167049 3.1914723
v 0.127508 1.0621189 3.2192113
v 0.127508 0.7429189 3.2303302
v 0.127508 0.7429189 3.2303302
v 0.127508 0.7416359 3.1935172
v 0.127508 0.7416359 3.1935172
v 0.164343 0.7416359 3.1935172
v 0.164343 0.7416359 3.1935172
v 0.164343 0.7429189 3.2303302
v 0.164343 0.7429189 3.2303302
v 0.164343 1.0621189 3.2192113
v 0.164343 1.1167049 3.1914723
v 0.164343 1.0608369 3.1823983
v 0.164343 1.0971879 3.1602323
v 0.164343 1.0971879 3.1602323
v 0.164343 1.628171 1.2261143
v 0.164343 1.6321399 1.1820043
v 0.127508 1.0971879 3.1602323
v 0.127508 1.0971879 3.1602323
v 0.127508 1.0608369 3.1823983
v 0.127508 1.628171 1.2261143
v 0.127508 1.6321399 1.1820043
v 0.127508 1.590035 -0.0273977
v 0.127508 1.5829889 -0.0711247
v 0.127508 1.5829889 -0.0711247
v 0.127508 1.5530269 -0.1023367
v 0.127508 1.515222 -0.1219197
v 0.127508 0.6272369 -0.0909937
v 0.164343 1.1167049 3.1914723
v 0.164343 1.6606929 1.2434103
v 0.164343 1.6689529 1.1807213
v 0.164342 1.6268299 -0.0286787
v 0.127508 0.6259549 -0.1278057
v 0.127508 0.6272369 -0.0909937
v -0.6337401 0.8746399 3.2359173
v -0.6337401 0.8746399 3.2359173
v -0.633742 0.6623059 -2.8603857
v -0.633742 0.6623059 -2.8603857
v -0.633742 0.6523119 -2.8600378
v -0.633742 0.6523119 -2.8600378
v -0.7337421 0.6523119 -2.8600388
v -0.7337421 0.6523119 -2.8600388
v -0.7337421 0.8022209 -2.8652587
v -0.7337421 0.8022209 -2.8652587
v -0.7237421 0.8022209 -2.8652587
v -0.7237421 0.8022209 -2.8652587
v -0.7237421 0.6623059 -2.8603866
v -0.7237421 0.6623059 -2.8603866
v -0.7237411 0.8746399 3.2359164
v -0.7237411 0.8746399 3.2359164
v -0.7237411 1.0145549 3.2310433
v -0.7237411 1.0145549 3.2310433
v -0.733741 1.0145549 3.2310433
v -0.733741 1.0145549 3.2310433
v -0.733741 0.8646459 3.2362642
v -0.733741 0.8646459 3.2362642
v -0.6337401 0.8646459 3.2362654
v -0.6337401 0.8646459 3.2362654
v 0.0459259 0.4675289 -3.6953096
v 0.0459259 0.4675289 -3.6953096
v 0.0459259 0.5370819 -3.6977308
v 0.0459259 0.5370819 -3.6977308
v -0.0040741 0.5370819 -3.6977327
v -0.0040741 0.5370819 -3.6977327
v -0.0040741 0.4675289 -3.6953096
v -0.0040741 0.4675289 -3.6953096
v -0.0040741 0.4152089 -3.6613157
v -0.0040751 0.3846889 -3.6030586
v -0.0040751 0.6196489 3.1428504
v -0.0040751 0.7626919 3.8883233
v -0.0040761 0.7788099 3.9210982
v -0.0040761 0.7788099 3.9210982
v -0.0040761 0.8073619 3.9347701
v -0.0040751 0.8458759 3.9334283
v -0.0040751 0.8734069 3.9178042
v -0.0040751 0.8734069 3.9178042
v -0.0040751 0.8872059 3.8839874
v -0.0040751 0.8610989 3.1344414
v -0.0040751 0.6261399 -3.6114697
v -0.0040741 0.5916409 -3.6674607
v 0.045925 0.8734069 3.9178042
v 0.045925 0.8734069 3.9178042
v 0.045925 0.8872059 3.8839884
v 0.045925 0.8610989 3.1344423
v 0.0459259 0.6261399 -3.6114676
v 0.0459259 0.5916409 -3.6674597
v 0.0459239 0.8458759 3.9334292
v 0.045925 0.8073609 3.9347701
v 0.045925 0.7788099 3.9210992
v 0.0459259 0.4152089 -3.6613157
v 0.045925 0.3846889 -3.6030586
v 0.045925 0.6196489 3.1428514
v 0.045925 0.7626919 3.8883233
v 0.045925 0.7788099 3.9210992
v 0.156684 0.7832549 1.1590763
v 0.156684 0.7832549 1.1590763
v 0.156684 0.7851409 1.2132303
v 0.156684 0.7851409 1.2132303
v 0.156684 0.6271939 1.2187324
v 0.156684 0.6271939 1.2187324
v -0.764834 0.6271939 1.2187324
v -0.764834 0.6271939 1.2187324
v -0.764834 0.7851409 1.2132303
v -0.764834 0.6253079 1.1645774
v -0.764834 0.6253079 1.1645774
v -0.764834 0.7832549 1.1590763
v 0.156684 0.6253079 1.1645774
v -0.764834 0.7851409 1.2132303
v -0.764834 0.7832549 1.1590763
v 0.156684 0.6253079 1.1645774
v -0.735658 0.5313589 -2.8437536
v -0.735658 0.5313589 -2.8437536
v -0.735658 0.5326409 -2.8069417
v -0.735658 0.5326409 -2.8069417
v -0.7724921 0.5326409 -2.8069417
v -0.7724921 0.5326409 -2.8069417
v -0.7724921 0.5313589 -2.8437536
v -0.7724921 0.5313589 -2.8437536
v -0.7724921 1.4193429 -2.8746808
v -0.7724921 1.475727 -2.8508067
v -0.7724921 1.5196319 -2.8065886
v -0.7724921 1.5196319 -2.8065886
v -0.735658 1.5196319 -2.8065886
v -0.735658 1.5196319 -2.8065886
v -0.735658 1.475727 -2.8508067
v -0.735658 1.4193429 -2.8746808
v -0.735658 1.5322329 -2.7446277
v -0.735658 1.6146729 -0.3777197
v -0.735657 1.6064129 -0.3150307
v -0.735657 1.6064129 -0.3150307
v -0.7724921 1.6064129 -0.3150307
v -0.7724921 1.6064129 -0.3150307
v -0.7724921 1.6146729 -0.3777197
v -0.7724921 1.5322329 -2.7446277
v -0.7724921 1.5656899 -0.2678657
v -0.7724921 1.5111049 -0.2401277
v -0.7724921 0.6231199 -0.2091967
v -0.7724921 0.6231199 -0.2091967
v -0.735657 0.6231199 -0.2091967
v -0.735657 0.6231199 -0.2091967
v -0.735657 1.5111049 -0.2401277
v -0.735657 1.5656899 -0.2678657
v -0.735657 0.6218379 -0.2460097
v -0.735657 0.6218379 -0.2460097
v -0.735658 1.5098219 -0.2769397
v -0.735658 1.5461739 -0.2991057
v -0.735658 1.5738909 -0.3323267
v -0.735658 1.5738909 -0.3323267
v -0.735658 1.5778599 -0.3764377
v -0.735658 1.4954379 -2.7433457
v -0.735658 1.4883919 -2.7870727
v -0.735658 1.4883919 -2.7870727
v -0.735658 1.4584309 -2.8182847
v -0.735658 1.4206249 -2.8378677
v -0.7724921 1.4883919 -2.7870727
v -0.7724921 1.4883919 -2.7870727
v -0.7724921 1.4584309 -2.8182847
v -0.7724921 1.4206249 -2.8378677
v -0.7724921 1.4954379 -2.7433457
v -0.7724921 1.5778599 -0.3764377
v -0.7724921 1.5738909 -0.3323267
v -0.7724921 1.5738909 -0.3323267
v -0.7724921 1.5461739 -0.2991057
v -0.7724921 1.5098219 -0.2769397
v -0.7724921 0.6218379 -0.2460097
v -0.7724921 0.6218379 -0.2460097
v -0.6644381 0.4941789 -3.2829196
v -0.6644381 0.5050899 -3.2654557
v -0.6644381 0.5050899 -3.2654557
v -0.6644381 0.5058069 -3.2448757
v -0.6644381 0.4961379 -3.2266936
v -0.6644381 0.4961379 -3.2266936
v -0.6644381 0.4786729 -3.2157817
v -0.6644381 0.4786729 -3.2157817
v -0.6644381 0.4580929 -3.2150667
v -0.6644381 0.4399119 -3.2247357
v -0.6644381 0.4290009 -3.2421997
v -0.6644381 0.4290009 -3.2421997
v -0.6644381 0.4282839 -3.2627807
v -0.6644381 0.4282839 -3.2627807
v -0.6644381 0.4379529 -3.2809618
v -0.6644381 0.4379529 -3.2809618
v -0.6644381 0.4554179 -3.2918727
v -0.6644381 0.4554179 -3.2918727
v -0.6644381 0.4759979 -3.2925887
v 0.0562879 0.4554179 -3.2918727
v 0.0562879 0.4554179 -3.2918727
v 0.0562879 0.4759979 -3.2925887
v 0.0562879 0.4941789 -3.2829196
v 0.0562879 0.5050899 -3.2654557
v 0.0562879 0.4379529 -3.2809618
v 0.0562879 0.4379529 -3.2809618
v 0.0562879 0.4282839 -3.2627807
v 0.0562879 0.4282839 -3.2627807
v 0.0562879 0.4290009 -3.2421997
v 0.0562879 0.4290009 -3.2421997
v 0.0562879 0.4399119 -3.2247357
v 0.0562879 0.4580929 -3.2150667
v 0.0562879 0.4786729 -3.2157817
v 0.0562879 0.4786729 -3.2157817
v 0.0562879 0.4961379 -3.2266936
v 0.164343 0.6218379 -0.2460097
v 0.164343 0.6218379 -0.2460097
v 0.127508 0.6218379 -0.2460097
v 0.127508 0.6218379 -0.2460097
v 0.127508 0.6231199 -0.2091967
v 0.127508 0.6231199 -0.2091967
v 0.164343 0.6231199 -0.2091967
v 0.164343 0.6231199 -0.2091967
v 0.164343 1.5111049 -0.2401277
v 0.164343 1.5656899 -0.2678657
v 0.164343 1.6064129 -0.3150307
v 0.164343 1.6064129 -0.3150307
v 0.127508 1.6064129 -0.3150307
v 0.127508 1.6064129 -0.3150307
v 0.127508 1.5656899 -0.2678657
v 0.127508 1.5111049 -0.2401277
v 0.127508 1.6146729 -0.3777197
v 0.127508 1.5322329 -2.7446277
v 0.127508 1.5196319 -2.8065886
v 0.127508 1.5196319 -2.8065886
v 0.164342 1.5196319 -2.8065886
v 0.164342 1.5196319 -2.8065886
v 0.164342 1.5322329 -2.7446277
v 0.164343 1.6146729 -0.3777197
v 0.164342 1.475727 -2.8508067
v 0.164342 1.4193429 -2.8746808
v 0.164342 0.5313589 -2.8437536
v 0.164342 0.5313589 -2.8437536
v 0.127508 0.5313589 -2.8437536
v 0.127508 0.5313589 -2.8437536
v 0.127508 1.4193429 -2.8746808
v 0.127508 1.475727 -2.8508067
v 0.127508 0.5326409 -2.8069417
v 0.127508 0.5326409 -2.8069417
v 0.127508 1.4206249 -2.8378677
v 0.127508 1.4584309 -2.8182847
v 0.127508 1.4883919 -2.7870727
v 0.127508 1.4883919 -2.7870727
v 0.127508 1.4954379 -2.7433457
v 0.127508 1.5778599 -0.3764377
v 0.127508 1.5738909 -0.3323267
v 0.127508 1.5738909 -0.3323267
v 0.127508 1.5461739 -0.2991057
v 0.127508 1.5098219 -0.2769397
v 0.164343 1.5738909 -0.3323267
v 0.164343 1.5738909 -0.3323267
v 0.164343 1.5461739 -0.2991057
v 0.164343 1.5098219 -0.2769397
v 0.164343 1.5778599 -0.3764377
v 0.164342 1.4954379 -2.7433457
v 0.164342 1.4883919 -2.7870727
v 0.164342 1.4883919 -2.7870727
v 0.164342 1.4584309 -2.8182847
v 0.164342 1.4206249 -2.8378677
v 0.164342 0.5326409 -2.8069417
v 0.164342 0.5326409 -2.8069417
v 0.0562879 0.6353189 0.4735193
v 0.0562879 0.6353189 0.4735193
v 0.0562879 0.6244079 0.4560543
v 0.0562879 0.6244079 0.4560543
v -0.6644381 0.6244079 0.4560543
v -0.6644381 0.6244079 0.4560543
v -0.6644381 0.6062259 0.4463853
v -0.6644381 0.5856459 0.4471023
v -0.6644381 0.5856459 0.4471023
v 0.0562879 0.5856459 0.4471023
v 0.0562879 0.5856459 0.4471023
v 0.0562879 0.5681819 0.4580133
v 0.0562879 0.5585129 0.4761943
v 0.0562879 0.5592289 0.4967743
v 0.0562879 0.5592289 0.4967743
v -0.6644381 0.5592289 0.4967743
v -0.6644381 0.5592289 0.4967743
v -0.6644381 0.5701399 0.5142393
v -0.6644381 0.5701399 0.5142393
v 0.0562879 0.5701399 0.5142393
v -0.6644381 0.5883209 0.5239083
v -0.6644381 0.6089019 0.5231923
v -0.6644381 0.6089019 0.5231923
v 0.0562879 0.6089019 0.5231923
v 0.0562879 0.6089019 0.5231923
v 0.0562879 0.6263659 0.5122813
v 0.0562879 0.6263659 0.5122813
v -0.6644381 0.6263659 0.5122813
v -0.6644381 0.6263659 0.5122813
v -0.6644381 0.6360349 0.4940993
v -0.6644381 0.6353189 0.4735193
v 0.0562879 0.6360349 0.4940993
v 0.0562879 0.5883209 0.5239083
v 0.0562879 0.5701399 0.5142393
v -0.6644381 0.5585129 0.4761943
v -0.6644381 0.5681819 0.4580133
v 0.0562879 0.6062259 0.4463853
v -0.6644381 0.6353189 0.4735193
v -0.764834 0.5800559 -0.1346347
v -0.764834 0.5800559 -0.1346347
v -0.764834 0.5819419 -0.0804807
v -0.764834 0.5819419 -0.0804807
v 0.156684 0.5819419 -0.0804807
v 0.156684 0.5819419 -0.0804807
v 0.156684 0.5800559 -0.1346347
v 0.156684 0.5800559 -0.1346347
v 0.156684 0.7380029 -0.1401357
v 0.156684 0.7380029 -0.1401357
v -0.764834 0.7380029 -0.1401357
v 0.156684 0.7398899 -0.0859817
v 0.156684 0.7398899 -0.0859817
v -0.764834 0.7398899 -0.0859817
v -0.764834 0.7398899 -0.0859817
v -0.764834 0.7380029 -0.1401357
v -0.738589 1.0861109 -0.2610427
v -0.738589 0.9968339 -2.8242466
v -0.735658 1.5139399 -0.1587327
v -0.735658 0.6259549 -0.1278057
v -0.735658 0.6259549 -0.1278057
v -0.7724921 0.6259549 -0.1278057
v -0.7724921 0.6259549 -0.1278057
v -0.7724921 0.6272369 -0.0909937
v -0.7724921 0.6272369 -0.0909937
v -0.735658 0.6272369 -0.0909937
v -0.735658 0.6272369 -0.0909937
v -0.735658 1.515222 -0.1219197
v -0.735658 1.5530269 -0.1023367
v -0.735658 1.5829889 -0.0711247
v -0.735658 1.5829889 -0.0711247
v -0.7724921 1.5829889 -0.0711247
v -0.7724921 1.5829889 -0.0711247
v -0.7724921 1.5530269 -0.1023367
v -0.7724921 1.515222 -0.1219197
v -0.7724921 1.590035 -0.0273977
v -0.7724921 1.6321399 1.1820043
v -0.7724921 1.628171 1.2261143
v -0.772491 1.0971879 3.1602323
v -0.772491 1.0971879 3.1602323
v -0.772491 1.0608369 3.1823983
v -0.772491 0.7416359 3.1935172
v -0.772491 0.7416359 3.1935172
v -0.772491 0.7429189 3.2303302
v -0.772491 0.7429189 3.2303302
v -0.772491 1.0621189 3.2192113
v -0.772491 1.1167049 3.1914723
v -0.772491 1.1167049 3.1914723
v -0.7724921 1.6606929 1.2434103
v -0.7724921 1.6689529 1.1807213
v -0.7724921 1.6268299 -0.0286787
v -0.7724921 1.6142279 -0.0906417
v -0.7724921 1.6142279 -0.0906417
v -0.7724921 1.5703229 -0.1348587
v -0.7724921 1.5139399 -0.1587327
v -0.735658 1.6142279 -0.0906417
v -0.735658 1.6142279 -0.0906417
v -0.735658 1.5703229 -0.1348587
v -0.735658 1.6268299 -0.0286787
v -0.735658 1.6689529 1.1807213
v -0.735657 1.6606929 1.2434103
v -0.735657 1.1167049 3.1914723
v -0.735657 1.1167049 3.1914723
v -0.735657 1.0621189 3.2192113
v -0.735657 0.7429189 3.2303302
v -0.735657 0.7429189 3.2303302
v -0.735657 0.7416359 3.1935172
v -0.735658 1.0971879 3.1602323
v -0.735658 1.0971879 3.1602323
v -0.735658 1.628171 1.2261143
v -0.735658 1.6321399 1.1820043
v -0.735658 1.590035 -0.0273977
v -0.735658 1.0608369 3.1823983
v -0.735657 0.7416359 3.1935172
v -0.764834 0.5306859 -1.5521057
v -0.764834 0.5306859 -1.5521057
v -0.764834 0.5325719 -1.4979517
v -0.764834 0.5325719 -1.4979517
v 0.156684 0.5325719 -1.4979517
v 0.156684 0.5325719 -1.4979517
v 0.156684 0.5306859 -1.5521057
v 0.156684 0.5306859 -1.5521057
v 0.156684 0.6886329 -1.5576067
v 0.156684 0.6886329 -1.5576067
v -0.764834 0.6886329 -1.5576067
v 0.156684 0.6905189 -1.5034528
v 0.156684 0.6905189 -1.5034528
v -0.764834 0.6905189 -1.5034528
v -0.764834 0.6905189 -1.5034528
v -0.764834 0.6886329 -1.5576067
v -0.764834 0.6452679 -2.8026648
v -0.764834 0.6452679 -2.8026648
v -0.764834 0.6433809 -2.8568187
v -0.764834 0.6433809 -2.8568187
v -0.764834 0.4854339 -2.8513176
v -0.764834 0.4854339 -2.8513176
v -0.764834 0.4873199 -2.7971637
v -0.764834 0.4873199 -2.7971637
v 0.156684 0.4873199 -2.7971637
v 0.156684 0.4873199 -2.7971637
v 0.156684 0.6452679 -2.8026648
v 0.156684 0.6452679 -2.8026648
v 0.156684 0.6433809 -2.8568187
v 0.156684 0.4854339 -2.8513176
v -0.7724921 1.5372989 -1.5414857
v -0.7724921 0.5778809 -1.5080687
v -0.7724921 0.5778809 -1.5080687
v -0.7724921 0.5765979 -1.5448817
v -0.7724921 0.5765979 -1.5448817
v -0.7724921 1.5360169 -1.5782987
v -0.735658 0.5765979 -1.5448817
v -0.735658 0.5765979 -1.5448817
v -0.735658 1.5360169 -1.5782987
v -0.735658 0.5778809 -1.5080687
v -0.7695611 1.1170639 -0.2621207
v -0.7695611 1.027787 -2.8253248
v 0.164342 0.5778809 -1.5080687
v 0.164342 0.5778809 -1.5080687
v 0.164342 0.5765979 -1.5448817
v 0.164342 0.5765979 -1.5448817
v 0.127508 0.5765979 -1.5448817
v 0.127508 0.5765979 -1.5448817
v 0.127508 0.5778809 -1.5080687
v 0.127508 0.5778809 -1.5080687
v 0.127508 1.5372989 -1.5414857
v 0.127508 1.5360169 -1.5782987
v 0.164342 1.5360169 -1.5782987
v 0.164342 1.5372989 -1.5414857
v 0.156684 0.8536779 3.1809964
v 0.156684 0.8536779 3.1809964
v -0.764833 0.8536779 3.1809964
v -0.764833 0.8536779 3.1809964
v -0.764833 0.8555639 3.2351494
v -0.764833 0.8555639 3.2351494
v 0.156684 0.8555639 3.2351494
v 0.156684 0.8555639 3.2351494
v 0.156684 0.6976169 3.2406514
v 0.156684 0.6976169 3.2406514
v 0.156684 0.6957309 3.1864972
v -0.764833 0.6976169 3.2406514
v -0.764833 0.6976169 3.2406514
v -0.764833 0.6957309 3.1864972
v -0.764833 0.6957309 3.1864972
v 0.156684 0.6957309 3.1864972
v 0.0562879 0.5058069 -3.2448757
v 0.0562879 0.4961379 -3.2266936
v 0.0562879 0.5050899 -3.2654557
v -0.7695611 1.0861109 -0.2610427
v -0.7695611 0.9968339 -2.8242466
v 0.1614109 1.027787 -2.8253248
v 0.1614109 1.1170639 -0.2621207
v 0.054631 0.7692459 3.8047452
v 0.054631 0.7692459 3.8047452
v -0.0127821 0.7692459 3.8047452
v -0.0127821 0.7692459 3.8047452
v -0.0127821 0.6584849 3.2275152
v -0.0127821 0.6584849 3.2275152
v 0.054631 0.6584849 3.2275164
v 0.054631 0.6584849 3.2275164
v 0.0437139 0.6001929 3.2387013
v 0.0437139 0.6001929 3.2387013
v -0.0018631 0.6001929 3.2387013
v -0.0018631 0.6001929 3.2387013
v -0.0018631 0.7109529 3.8159313
v -0.0018631 0.7109529 3.8159313
v 0.0437139 0.7109529 3.8159313
v 0.0437139 0.7109529 3.8159313
v -0.764834 0.7357709 -0.2042407
v -0.764834 0.7357709 -0.2042407
v -0.764834 0.5778229 -0.1987387
v -0.764834 0.5778229 -0.1987387
v -0.764834 0.5759369 -0.2528927
v -0.764834 0.5759369 -0.2528927
v -0.764834 0.7338839 -0.2583947
v -0.764834 0.7338839 -0.2583947
v 0.156684 0.7338839 -0.2583947
v 0.156684 0.7338839 -0.2583947
v 0.156684 0.5759369 -0.2528927
v 0.156684 0.7357709 -0.2042407
v 0.156684 0.5759369 -0.2528927
v 0.156684 0.5778229 -0.1987387
v -0.603951 0.5091689 -3.4583287
v -0.0041991 0.5091689 -3.4583287
v 0.130439 1.027787 -2.8253248
v 0.130439 1.1170639 -0.2621207
v -0.6040741 0.7813389 3.9177284
v -0.0040751 0.7813389 3.9177284
v 0.130439 1.1223829 -0.1093767
v 0.130439 1.221121 2.7254603
v -0.6040741 0.7641429 3.8902035
v -0.0040751 0.7641429 3.8902035
v 0.156684 0.7357709 -0.2042407
v 0.156684 0.5778229 -0.1987387
v -0.6627821 0.7692459 3.8047452
v -0.6627821 0.7692459 3.8047452
v -0.651863 0.7109529 3.8159313
v -0.651863 0.7109529 3.8159313
v -0.6062871 0.7109529 3.8159313
v -0.6062871 0.7109529 3.8159313
v -0.6062871 0.6001929 3.2387013
v -0.6062871 0.6001929 3.2387013
v -0.651863 0.6001929 3.2387013
v -0.651863 0.6001929 3.2387013
v -0.6627811 0.6584849 3.2275152
v -0.6627811 0.6584849 3.2275152
v -0.5953671 0.6584849 3.2275164
v -0.5953671 0.6584849 3.2275164
v -0.5953671 0.7692459 3.8047452
v -0.5953671 0.7692459 3.8047452
v 0.0259249 0.6523119 -2.8600388
v 0.0259249 0.6523119 -2.8600388
v 0.1259249 0.6523119 -2.8600378
v 0.1259249 0.6523119 -2.8600378
v 0.1259249 0.8022209 -2.8652587
v 0.1259249 0.8022209 -2.8652587
v 0.1159249 0.8022209 -2.8652587
v 0.1159249 0.8022209 -2.8652587
v 0.1159249 0.6623059 -2.8603857
v 0.1159249 0.6623059 -2.8603857
v 0.0259249 0.6623059 -2.8603866
v 0.0259249 0.6623059 -2.8603866
v 0.0259249 0.8746399 3.2359164
v 0.0259249 0.8746399 3.2359164
v 0.1159249 0.8746399 3.2359173
v 0.1159249 0.8746399 3.2359173
v 0.1159249 1.0145549 3.2310443
v 0.1159249 1.0145549 3.2310443
v 0.1259249 1.0145549 3.2310443
v 0.1259249 1.0145549 3.2310443
v 0.1259249 0.8646459 3.2362654
v 0.1259249 0.8646459 3.2362654
v 0.0259249 0.8646459 3.2362642
v 0.0259249 0.8646459 3.2362642
v 0.130439 1.0914299 -0.1082987
v 0.130439 1.1935499 2.8236504
v 0.1614109 1.1223829 -0.1093767
v 0.1614109 1.221121 2.7254603
v -0.7695611 1.221121 2.7254603
v -0.7695611 1.1223829 -0.1093767
v -0.6040741 0.8851909 3.8859873
v -0.0040751 0.8851909 3.8859873
v 0.1614109 1.0914299 -0.1082987
v 0.1614109 1.1935499 2.8236504
v 0.156684 0.6433809 -2.8568187
v 0.156684 0.4854339 -2.8513176
v 0.127508 0.6711949 1.1710663
v 0.127508 0.6711949 1.1710663
v 0.164342 0.6711949 1.1710663
v 0.164342 0.6711949 1.1710663
v 0.164342 0.6724769 1.2078793
v 0.164342 0.6724769 1.2078793
v 0.127508 0.6724769 1.2078793
v 0.127508 0.6724769 1.2078793
v 0.127508 1.6318959 1.1744623
v 0.164342 1.6318959 1.1744623
v 0.164342 1.630613 1.1376493
v 0.127508 1.630613 1.1376493
v -0.6040741 0.8099929 3.9329672
v -0.0040751 0.8099929 3.9329672
v -0.7724921 0.6724769 1.2078793
v -0.7724921 0.6724769 1.2078793
v -0.7724921 1.6318959 1.1744623
v -0.735658 0.6724769 1.2078793
v -0.735658 0.6724769 1.2078793
v -0.735658 1.6318959 1.1744623
v -0.735658 0.6711949 1.1710663
v -0.735658 0.6711949 1.1710663
v -0.735658 1.630613 1.1376493
v -0.7724921 0.6711949 1.1710663
v -0.738589 1.221121 2.7254603
v -0.738589 1.1223829 -0.1093767
v -0.6040961 0.3885579 -3.6042788
v -0.0040541 0.3885579 -3.6042788
v -0.6040961 0.5897319 -3.6657648
v -0.0040541 0.5897319 -3.6657627
v -0.7695611 1.1935499 2.8236504
v -0.7695611 1.0914299 -0.1082987
v 0.1614109 0.9968339 -2.8242466
v 0.1614109 1.0861109 -0.2610427
v -0.6040961 0.4180779 -3.6597867
v -0.0040541 0.4180779 -3.6597867
v -0.738589 1.1935499 2.8236504
v -0.738589 1.0914299 -0.1082987
v -0.735658 1.5372989 -1.5414857
v -0.735658 0.5778809 -1.5080687
v 0.130439 0.9968339 -2.8242466
v 0.130439 1.0861109 -0.2610427
v -0.7724921 1.630613 1.1376493
v -0.7724921 0.6711949 1.1710663
v -0.6040741 0.8699529 3.9146423
v -0.0040751 0.8699529 3.9146423
v -0.738589 1.1170639 -0.2621207
v -0.738589 1.027787 -2.8253248
v 0.927131 0.363639 2.7124555
v -0.927131 0.363639 2.7124555
v 0.927131 0.493135 2.7124555
v -0.927131 0.493135 2.7124555
v 0.927131 0.493135 2.7432334
v -0.927131 0.493135 2.7432334
v 0.927131 0.363639 2.7432334
v -0.927131 0.363639 2.7432334
v 0.644035 0.363639 2.7124555
v -0.644034 0.363639 2.7124555
v 0.644035 0.493135 2.7124555
v -0.644034 0.493135 2.7124555
v 0.644035 0.493135 2.7432334
v -0.644034 0.493135 2.7432334
v 0.644035 0.363639 2.7432334
v -0.644034 0.363639 2.7432334
v 0.644035 0.493135 2.7124555
v 0.644035 0.493135 2.7432334
v 0.644035 0.493135 2.7432334
v 0.644035 0.363639 2.7432334
v 0.644035 0.363639 2.7432334
v 0.644035 0.363639 2.7124555
v 0.927131 0.363639 2.7432334
v 0.927131 0.363639 2.7432334
v 0.927131 0.493135 2.7432334
v 0.927131 0.363639 2.7124555
v -0.927131 0.363639 2.7124555
v -0.927131 0.363639 2.7432334
v -0.927131 0.363639 2.7432334
v -0.927131 0.493135 2.7432334
v -0.927131 0.493135 2.7432334
v -0.927131 0.493135 2.7124555
v -0.644034 0.493135 2.7432334
v -0.644034 0.493135 2.7432334
v -0.644034 0.493135 2.7124555
v -0.644034 0.363639 2.7432334
v -0.644034 0.363639 2.7432334
v -0.644034 0.363639 2.7124555
v 0.927131 0.493135 2.7124555
v 0.927131 0.493135 2.7432334
v 0.913869 0.475341 2.7587624
v -0.913869 0.475341 2.7587624
v 0.913869 0.374508 2.7587624
v -0.913869 0.374508 2.7587624
v 0.826367 0.475341 2.7587624
v -0.826367 0.475341 2.7587624
v 0.826367 0.374508 2.7587624
v -0.826367 0.374508 2.7587624
v 0.97512 0.273884 -2.1120365
v -0.975121 0.273884 -2.1120365
v 0.745458 0.273884 -2.1120365
v -0.745458 0.273884 -2.1120365
v 0.745458 0.273884 -2.1772625
v -0.745458 0.273884 -2.1772625
v 0.97512 0.273884 -2.1772625
v -0.975121 0.273884 -2.1772625
v 0.97512 0.370557 -2.1120365
v -0.975121 0.370557 -2.1120365
v 0.745458 0.370557 -2.1120374
v -0.745458 0.370557 -2.1120374
v 0.745458 0.370557 -2.1772625
v -0.745458 0.370557 -2.1772625
v 0.97512 0.370557 -2.1772625
v -0.975121 0.370557 -2.1772625
v 0.745458 0.370557 -2.1120374
v 0.745458 0.370557 -2.1772625
v 0.745458 0.370557 -2.1772625
v 0.97512 0.370557 -2.1772625
v 0.97512 0.370557 -2.1772625
v 0.97512 0.370557 -2.1120365
v 0.97512 0.273884 -2.1772625
v 0.97512 0.273884 -2.1772625
v 0.745458 0.273884 -2.1772625
v 0.97512 0.273884 -2.1120365
v -0.975121 0.273884 -2.1120365
v -0.975121 0.273884 -2.1772625
v -0.975121 0.273884 -2.1772625
v -0.745458 0.273884 -2.1772625
v -0.745458 0.273884 -2.1772625
v -0.745458 0.273884 -2.1120365
v -0.745458 0.370557 -2.1772625
v -0.745458 0.370557 -2.1772625
v -0.745458 0.370557 -2.1120374
v -0.975121 0.370557 -2.1772625
v -0.975121 0.370557 -2.1772625
v -0.975121 0.370557 -2.1120365
v 0.745458 0.273884 -2.1120365
v 0.745458 0.273884 -2.1772625
v 0.786711 0.476139 2.7587085
v -0.786711 0.476139 2.7587085
v 0.786711 0.374471 2.7587085
v -0.786711 0.374471 2.7587085
v 0.655993 0.476139 2.7587085
v -0.655993 0.476139 2.7587085
v 0.655993 0.374471 2.7587085
v -0.655993 0.374471 2.7587085
v 0.573798 0.96806 2.3107495
v 0.712464 0.96806 2.3107495
v 0.712464 1.008579 2.3920944
v 0.573798 1.008579 2.3920944
v 0.617849 1.070338 2.3315084
v 0.668414 1.070338 2.3315084
v 0.668414 1.041252 2.2846074
v 0.617849 1.041252 2.2846074
v 0.635297 1.083365 2.3079774
v 0.650966 1.083365 2.3079774
v 0.650966 1.207521 2.4150186
v 0.635297 1.207521 2.4150186
v 0.635297 1.09715 2.3005264
v 0.650966 1.09715 2.3005264
v 0.650966 1.221306 2.4075675
v 0.635297 1.221306 2.4075675
v 0.792575 1.1047519 2.1919265
v 0.78474 1.098299 2.1799874
v 0.652064 1.0834121 2.2751086
v 0.659899 1.089864 2.2870464
v 0.792575 1.0909671 2.1993766
v 0.78474 1.084514 2.1874385
v 0.652064 1.069627 2.2825584
v 0.659899 1.076079 2.2944975
v 0.634327 1.069591 2.2824936
v 0.626493 1.076044 2.2944314
v 0.493816 1.090932 2.1993115
v 0.501651 1.084479 2.1873734
v 0.634327 1.083376 2.2750435
v 0.626493 1.089829 2.2869804
v 0.493816 1.1047159 2.1918604
v 0.501651 1.098264 2.1799226
v 0.628317 1.144745 2.2412386
v 0.643131 1.141827 2.2358394
v 0.657947 1.144745 2.2412386
v 0.664083 1.1517889 2.2542715
v 0.657947 1.158833 2.2673035
v 0.643131 1.161751 2.2727025
v 0.628317 1.158833 2.2673035
v 0.62218 1.1517889 2.2542715
v 0.643131 1.1517889 2.2542715
v 0.643131 1.0637209 2.2780554
v 0.628317 1.0666389 2.2834544
v 0.657947 1.0666389 2.2834544
v 0.664083 1.073683 2.2964876
v 0.657947 1.080727 2.3095195
v 0.643131 1.083645 2.3149185
v 0.628317 1.080727 2.3095195
v 0.62218 1.073683 2.2964876
v 0.643131 1.116511 2.2198105
v 0.609834 1.123069 2.2319434
v 0.676429 1.123069 2.2319434
v 0.690221 1.138901 2.2612364
v 0.676429 1.154734 2.2905295
v 0.643131 1.161292 2.3026624
v 0.609834 1.154734 2.2905295
v 0.596041 1.138901 2.2612364
v 0.510572 1.081526 2.1415656
v 0.594611 1.058455 2.0988815
v 0.691651 1.058455 2.0988815
v 0.77569 1.081525 2.1415656
v 0.82421 1.121485 2.2154965
v 0.82421 1.167626 2.3008645
v 0.77569 1.2075861 2.3747954
v 0.691651 1.230657 2.4174795
v 0.594612 1.230657 2.4174795
v 0.510573 1.2075861 2.3747954
v 0.462053 1.167627 2.3008645
v 0.462053 1.121485 2.2154975
v 0.525006 1.088388 2.1542635
v 0.599895 1.067829 2.1162264
v 0.686368 1.067829 2.1162264
v 0.761257 1.088388 2.1542625
v 0.804494 1.123997 2.2201436
v 0.804494 1.165114 2.2962165
v 0.761257 1.2007231 2.3620985
v 0.686369 1.221282 2.4001346
v 0.599895 1.221282 2.4001346
v 0.525006 1.2007231 2.3620985
v 0.481769 1.165114 2.2962174
v 0.481769 1.123997 2.2201445
v 0.481769 1.103017 2.2314835
v 0.481769 1.144135 2.3075564
v 0.525006 1.1797431 2.3734374
v 0.599895 1.200302 2.4114745
v 0.686369 1.200302 2.4114745
v 0.761257 1.1797431 2.3734374
v 0.804494 1.144134 2.3075564
v 0.804494 1.103017 2.2314835
v 0.761257 1.067408 2.1656015
v 0.686368 1.04685 2.1275654
v 0.599895 1.04685 2.1275654
v 0.525006 1.067408 2.1656024
v 0.462053 1.100505 2.2268364
v 0.462053 1.146647 2.3122044
v 0.510573 1.186606 2.3861356
v 0.594612 1.209677 2.4288185
v 0.691651 1.209677 2.4288185
v 0.77569 1.186606 2.3861344
v 0.82421 1.146646 2.3122034
v 0.82421 1.100505 2.2268355
v 0.77569 1.060546 2.1529055
v 0.691651 1.037475 2.1102214
v 0.594611 1.037475 2.1102214
v 0.510572 1.060546 2.1529055
v 0.643131 0.989429 2.3182104
v 0.628317 0.992347 2.3236096
v 0.657947 0.992347 2.3236096
v 0.664083 0.999391 2.3366425
v 0.657947 1.006435 2.3496745
v 0.643131 1.009353 2.3550725
v 0.628317 1.006435 2.3496745
v 0.62218 0.999391 2.3366425
v 0.62218 1.073683 2.2964876
v 0.596041 1.138901 2.2612364
v 0.596041 1.138901 2.2612364
v 0.609834 1.154734 2.2905295
v 0.609834 1.154734 2.2905295
v 0.628317 1.080727 2.3095195
v 0.628317 1.006435 2.3496745
v 0.643131 1.161292 2.3026624
v 0.643131 1.161292 2.3026624
v 0.643131 1.083645 2.3149185
v 0.643131 1.009353 2.3550725
v 0.676429 1.154734 2.2905295
v 0.676429 1.154734 2.2905295
v 0.657947 1.080727 2.3095195
v 0.657947 1.006435 2.3496745
v 0.690221 1.138901 2.2612364
v 0.690221 1.138901 2.2612364
v 0.664083 1.073683 2.2964876
v 0.664083 0.999391 2.3366425
v 0.676429 1.123069 2.2319434
v 0.676429 1.123069 2.2319434
v 0.657947 1.0666389 2.2834544
v 0.657947 0.992347 2.3236096
v 0.643131 1.116511 2.2198105
v 0.643131 1.116511 2.2198105
v 0.643131 1.0637209 2.2780554
v 0.643131 0.989429 2.3182104
v 0.609834 1.123069 2.2319434
v 0.609834 1.123069 2.2319434
v 0.628317 1.0666389 2.2834544
v 0.628317 0.992347 2.3236096
v 0.62218 0.999391 2.3366425
v 0.594612 1.209677 2.4288185
v 0.510573 1.186606 2.3861356
v 0.510573 1.186606 2.3861356
v 0.510573 1.2075861 2.3747954
v 0.510573 1.2075861 2.3747954
v 0.462053 1.167627 2.3008645
v 0.462053 1.167627 2.3008645
v 0.462053 1.121485 2.2154975
v 0.510572 1.081526 2.1415656
v 0.510572 1.081526 2.1415656
v 0.594611 1.058455 2.0988815
v 0.594611 1.058455 2.0988815
v 0.691651 1.058455 2.0988815
v 0.77569 1.081525 2.1415656
v 0.82421 1.121485 2.2154965
v 0.82421 1.121485 2.2154965
v 0.82421 1.167626 2.3008645
v 0.77569 1.2075861 2.3747954
v 0.691651 1.230657 2.4174795
v 0.691651 1.230657 2.4174795
v 0.594612 1.230657 2.4174795
v 0.691651 1.209677 2.4288185
v 0.691651 1.209677 2.4288185
v 0.77569 1.186606 2.3861344
v 0.82421 1.146646 2.3122034
v 0.82421 1.100505 2.2268355
v 0.82421 1.100505 2.2268355
v 0.77569 1.060546 2.1529055
v 0.691651 1.037475 2.1102214
v 0.594611 1.037475 2.1102214
v 0.594611 1.037475 2.1102214
v 0.510572 1.060546 2.1529055
v 0.510572 1.060546 2.1529055
v 0.462053 1.100505 2.2268364
v 0.462053 1.146647 2.3122044
v 0.462053 1.146647 2.3122044
v 0.657947 1.158833 2.2673035
v 0.664083 1.1517889 2.2542715
v 0.657947 1.144745 2.2412386
v 0.643131 1.141827 2.2358394
v 0.628317 1.144745 2.2412386
v 0.62218 1.1517889 2.2542715
v 0.628317 1.158833 2.2673035
v 0.643131 1.161751 2.2727025
v 0.804494 1.103017 2.2314835
v 0.804494 1.144134 2.3075564
v 0.761257 1.1797431 2.3734374
v 0.686369 1.200302 2.4114745
v 0.686369 1.200302 2.4114745
v 0.686369 1.221282 2.4001346
v 0.686369 1.221282 2.4001346
v 0.599895 1.221282 2.4001346
v 0.525006 1.2007231 2.3620985
v 0.481769 1.165114 2.2962174
v 0.481769 1.165114 2.2962174
v 0.481769 1.123997 2.2201445
v 0.481769 1.123997 2.2201445
v 0.525006 1.088388 2.1542635
v 0.599895 1.067829 2.1162264
v 0.599895 1.067829 2.1162264
v 0.686368 1.067829 2.1162264
v 0.761257 1.088388 2.1542625
v 0.761257 1.088388 2.1542625
v 0.804494 1.123997 2.2201436
v 0.804494 1.165114 2.2962165
v 0.761257 1.2007231 2.3620985
v 0.761257 1.067408 2.1656015
v 0.761257 1.067408 2.1656015
v 0.686368 1.04685 2.1275654
v 0.599895 1.04685 2.1275654
v 0.599895 1.04685 2.1275654
v 0.525006 1.067408 2.1656024
v 0.481769 1.103017 2.2314835
v 0.481769 1.103017 2.2314835
v 0.481769 1.144135 2.3075564
v 0.481769 1.144135 2.3075564
v 0.525006 1.1797431 2.3734374
v 0.599895 1.200302 2.4114745
v 0.635297 1.09715 2.3005264
v 0.635297 1.221306 2.4075675
v 0.573798 1.008579 2.3920944
v 0.617849 1.070338 2.3315084
v 0.617849 1.070338 2.3315084
v 0.617849 1.041252 2.2846074
v 0.617849 1.041252 2.2846074
v 0.573798 0.96806 2.3107495
v 0.668414 1.041252 2.2846074
v 0.668414 1.041252 2.2846074
v 0.712464 0.96806 2.3107495
v 0.668414 1.070338 2.3315084
v 0.78474 1.084514 2.1874385
v 0.652064 1.069627 2.2825584
v 0.626493 1.089829 2.2869804
v 0.493816 1.1047159 2.1918604
v 0.78474 1.098299 2.1799874
v 0.652064 1.0834121 2.2751086
v 0.792575 1.0909671 2.1993766
v 0.659899 1.076079 2.2944975
v 0.792575 1.1047519 2.1919265
v 0.659899 1.089864 2.2870464
v 0.650966 1.09715 2.3005264
v 0.650966 1.221306 2.4075675
v 0.712464 1.008579 2.3920944
v 0.668414 1.070338 2.3315084
v 0.634327 1.083376 2.2750435
v 0.501651 1.098264 2.1799226
v 0.626493 1.076044 2.2944314
v 0.493816 1.090932 2.1993115
v 0.650966 1.083365 2.3079774
v 0.650966 1.207521 2.4150186
v 0.634327 1.069591 2.2824936
v 0.501651 1.084479 2.1873734
v 0.635297 1.083365 2.3079774
v 0.635297 1.207521 2.4150186
v -0.82871 0.370353 1.5184635
v -0.82871 0.370353 1.5815375
v -0.82871 0.307278 1.5815375
v -0.82871 0.307278 1.5184635
v 0.303231 0.467219 2.5043886
v 0.906449 0.467219 2.5043886
v 0.951604 0.513799 2.6767726
v 0.258075 0.513799 2.6767714
v 0.303231 0.972548 2.3068664
v 0.906449 0.972548 2.3068674
v 0.951604 1.09057 2.5433016
v 0.258075 1.09057 2.5433016
v 0.951604 0.513799 2.7504306
v 0.258075 0.513799 2.7504306
v 0.951604 1.09057 2.6169596
v 0.258075 1.09057 2.6169596
v 0.604839 0.758045 2.6900995
v 0.929027 1.031559 2.4250846
v 0.280653 1.031559 2.4250846
v 0.929027 0.490509 2.5905805
v 0.280653 0.490509 2.5905805
v 0.951604 1.09057 2.6169596
v 0.951604 1.09057 2.6169596
v 0.951604 1.09057 2.5433016
v 0.929027 1.031559 2.4250846
v 0.906449 0.972548 2.3068674
v 0.906449 0.972548 2.3068674
v 0.303231 0.972548 2.3068664
v 0.303231 0.972548 2.3068664
v 0.303231 0.467219 2.5043886
v 0.303231 0.467219 2.5043886
v 0.906449 0.467219 2.5043886
v 0.906449 0.467219 2.5043886
v 0.929027 0.490509 2.5905805
v 0.951604 0.513799 2.6767726
v 0.951604 0.513799 2.7504306
v 0.280653 0.490509 2.5905805
v 0.258075 0.513799 2.6767714
v 0.258075 0.513799 2.7504306
v 0.258075 0.513799 2.7504306
v 0.951604 0.513799 2.7504306
v 0.258075 1.09057 2.6169596
v 0.280653 1.031559 2.4250846
v 0.258075 1.09057 2.5433016
v 0.258075 1.09057 2.6169596
v 0.376166 0.966982 1.6136224
v 0.895505 0.966982 1.6136224
v 0.895505 1.007893 1.7572405
v 0.376166 1.007893 1.7572405
v 0.400624 1.228232 1.5709655
v 0.871048 1.228232 1.5709655
v 0.871048 1.239193 1.6223994
v 0.400624 1.239193 1.6223994
v 0.415521 0.975973 1.7507625
v 0.85615 0.975973 1.7507625
v 0.85615 0.949635 1.6509755
v 0.415521 0.949635 1.6509755
v 0.48934 0.966982 1.5839034
v 0.782331 0.966982 1.5839034
v 0.782331 1.007893 1.7129105
v 0.48934 1.007893 1.7129105
v 0.48934 1.244799 1.5412475
v 0.782331 1.244799 1.5412475
v 0.782331 1.255759 1.5780694
v 0.48934 1.255759 1.5780694
v 0.48934 0.975973 1.7064325
v 0.782331 0.975973 1.7064325
v 0.782331 0.933018 1.6509755
v 0.48934 0.933018 1.6509755
v 0.386389 0.856658 1.6274235
v 0.885282 0.856658 1.6274235
v 0.885282 0.862837 1.9966655
v 0.386389 0.862837 1.9966655
v 0.386389 0.95778 1.6538955
v 0.885282 0.95778 1.6538955
v 0.885282 0.928872 2.0007284
v 0.386389 0.928872 2.0007284
v 0.885282 0.935037 1.5972714
v 0.386389 0.935037 1.5972714
v 0.885282 0.901468 2.0149484
v 0.386389 0.901468 2.0149484
v 0.4677 0.856658 1.6181545
v 0.803971 0.856658 1.6181545
v 0.803971 0.862837 2.0235324
v 0.4677 0.862837 2.0235324
v 0.4677 0.945616 1.6446265
v 0.803972 0.945616 1.6446265
v 0.803971 0.916708 2.0275955
v 0.4677 0.916708 2.0275955
v 0.803971 0.922873 1.5880024
v 0.4677 0.922873 1.5880024
v 0.803971 0.889304 2.0418155
v 0.4677 0.889304 2.0418155
v 0.443638 0.700203 1.6115415
v 0.828034 0.700203 1.6115415
v 0.828033 0.700203 2.0001955
v 0.443638 0.700203 2.0001955
v 0.443638 0.870619 1.6115415
v 0.828034 0.870619 1.6115415
v 0.828033 0.870619 2.0001955
v 0.443638 0.870619 2.0001955
v 0.828034 0.74882 1.6115415
v 0.828034 0.844967 1.6115415
v 0.443638 0.74882 1.6115415
v 0.443638 0.844967 1.6115415
v 0.828033 0.74882 2.0001955
v 0.828033 0.844967 2.0001955
v 0.443638 0.74882 2.0001955
v 0.443638 0.844967 2.0001955
v 0.848245 0.75746 1.5911055
v 0.848245 0.836327 1.5911055
v 0.423426 0.75746 1.5911055
v 0.423426 0.836327 1.5911055
v 0.848245 0.836327 2.0206316
v 0.848245 0.75746 2.0206316
v 0.423426 0.836327 2.0206316
v 0.423426 0.75746 2.0206316
v 0.386389 0.928872 2.0007284
v 0.386389 0.928872 2.0007284
v 0.386389 0.95778 1.6538955
v 0.386389 0.935037 1.5972714
v 0.386389 0.935037 1.5972714
v 0.386389 0.856658 1.6274235
v 0.386389 0.856658 1.6274235
v 0.386389 0.862837 1.9966655
v 0.386389 0.862837 1.9966655
v 0.386389 0.901468 2.0149484
v 0.386389 0.901468 2.0149484
v 0.4677 0.889304 2.0418155
v 0.803971 0.889304 2.0418155
v 0.885282 0.901468 2.0149484
v 0.885282 0.901468 2.0149484
v 0.885282 0.862837 1.9966655
v 0.885282 0.862837 1.9966655
v 0.885282 0.856658 1.6274235
v 0.885282 0.856658 1.6274235
v 0.885282 0.935037 1.5972714
v 0.885282 0.935037 1.5972714
v 0.885282 0.95778 1.6538955
v 0.885282 0.928872 2.0007284
v 0.885282 0.928872 2.0007284
v 0.803971 0.916708 2.0275955
v 0.4677 0.916708 2.0275955
v 0.803971 0.922873 1.5880024
v 0.4677 0.922873 1.5880024
v 0.803971 0.856658 1.6181545
v 0.4677 0.856658 1.6181545
v 0.803971 0.862837 2.0235324
v 0.4677 0.862837 2.0235324
v 0.782331 0.933018 1.6509755
v 0.85615 0.949635 1.6509755
v 0.85615 0.949635 1.6509755
v 0.895505 0.966982 1.6136224
v 0.895505 0.966982 1.6136224
v 0.895505 0.966982 1.6136224
v 0.895505 1.007893 1.7572405
v 0.895505 1.007893 1.7572405
v 0.871048 1.239193 1.6223994
v 0.871048 1.239193 1.6223994
v 0.871048 1.228232 1.5709655
v 0.871048 1.228232 1.5709655
v 0.782331 1.244799 1.5412475
v 0.48934 1.244799 1.5412475
v 0.400624 1.228232 1.5709655
v 0.400624 1.228232 1.5709655
v 0.400624 1.239193 1.6223994
v 0.400624 1.239193 1.6223994
v 0.376166 1.007893 1.7572405
v 0.376166 1.007893 1.7572405
v 0.376166 0.966982 1.6136224
v 0.376166 0.966982 1.6136224
v 0.48934 0.966982 1.5839034
v 0.782331 0.966982 1.5839034
v 0.415521 0.949635 1.6509755
v 0.415521 0.949635 1.6509755
v 0.415521 0.975973 1.7507625
v 0.415521 0.975973 1.7507625
v 0.48934 0.975973 1.7064325
v 0.782331 0.975973 1.7064325
v 0.85615 0.975973 1.7507625
v 0.48934 0.933018 1.6509755
v 0.48934 1.255759 1.5780694
v 0.782331 1.255759 1.5780694
v 0.376166 0.966982 1.6136224
v 0.85615 0.975973 1.7507625
v 0.828033 0.700203 2.0001955
v 0.828033 0.700203 2.0001955
v 0.828034 0.700203 1.6115415
v 0.828034 0.700203 1.6115415
v 0.443638 0.700203 1.6115415
v 0.443638 0.700203 1.6115415
v 0.443638 0.700203 2.0001955
v 0.443638 0.700203 2.0001955
v 0.443638 0.74882 2.0001955
v 0.443638 0.74882 2.0001955
v 0.423426 0.75746 2.0206316
v 0.423426 0.75746 2.0206316
v 0.423426 0.75746 2.0206316
v 0.848245 0.75746 2.0206316
v 0.848245 0.75746 2.0206316
v 0.848245 0.75746 2.0206316
v 0.828033 0.74882 2.0001955
v 0.828033 0.74882 2.0001955
v 0.443638 0.74882 2.0001955
v 0.848245 0.75746 1.5911055
v 0.848245 0.75746 1.5911055
v 0.848245 0.75746 1.5911055
v 0.828034 0.74882 1.6115415
v 0.828034 0.74882 1.6115415
v 0.828033 0.74882 2.0001955
v 0.423426 0.75746 1.5911055
v 0.423426 0.75746 1.5911055
v 0.423426 0.836327 1.5911055
v 0.423426 0.836327 1.5911055
v 0.423426 0.836327 1.5911055
v 0.848245 0.836327 1.5911055
v 0.848245 0.836327 1.5911055
v 0.848245 0.836327 2.0206316
v 0.848245 0.836327 2.0206316
v 0.423426 0.836327 2.0206316
v 0.423426 0.836327 2.0206316
v 0.443638 0.844967 2.0001955
v 0.443638 0.844967 2.0001955
v 0.443638 0.844967 2.0001955
v 0.828033 0.844967 2.0001955
v 0.443638 0.870619 2.0001955
v 0.443638 0.870619 2.0001955
v 0.828033 0.870619 2.0001955
v 0.828033 0.870619 2.0001955
v 0.828034 0.870619 1.6115415
v 0.828034 0.870619 1.6115415
v 0.443638 0.870619 1.6115415
v 0.443638 0.870619 1.6115415
v 0.443638 0.844967 1.6115415
v 0.828034 0.844967 1.6115415
v 0.828034 0.844967 1.6115415
v 0.828033 0.844967 2.0001955
v 0.828033 0.844967 2.0001955
v 0.443638 0.844967 1.6115415
v 0.423426 0.836327 2.0206316
v 0.848245 0.836327 1.5911055
v 0.848245 0.836327 2.0206316
v 0.423426 0.75746 1.5911055
v 0.443638 0.74882 1.6115415
v 0.443638 0.74882 1.6115415
v 0.828034 0.74882 1.6115415
v 0.443638 0.74882 1.6115415
v 0.828034 0.844967 1.6115415
v 0.443638 0.844967 1.6115415
v 0.213537 0.367906 -0.932875
v 0.998673 0.367906 -0.932875
v 0.998674 0.367906 0.894959
v 0.213537 0.367906 0.894958
v 0.213537 0.943497 -1.179203
v 0.998675 0.943497 -1.179202
v 0.998674 0.943497 1.178915
v 0.213537 0.943497 1.178914
v 0.998673 0.773698 -1.179203
v 0.213537 0.773698 -1.179203
v 0.998674 0.773698 1.178915
v 0.213537 0.773698 1.178914
v 0.998674 0.943497 1.178915
v 0.998674 0.943497 1.178915
v 0.998675 0.943497 -1.179202
v 0.998675 0.943497 -1.179202
v 0.213537 0.943497 -1.179203
v 0.213537 0.943497 -1.179203
v 0.213537 0.943497 1.178914
v 0.213537 0.943497 1.178914
v 0.213537 0.773698 1.178914
v 0.213537 0.773698 1.178914
v 0.998674 0.773698 1.178915
v 0.213537 0.367906 0.894958
v 0.213537 0.367906 0.894958
v 0.998674 0.367906 0.894959
v 0.998674 0.367906 0.894959
v 0.998673 0.367906 -0.932875
v 0.998673 0.367906 -0.932875
v 0.213537 0.367906 -0.932875
v 0.213537 0.367906 -0.932875
v 0.213537 0.773698 -1.179203
v 0.998673 0.773698 -1.179203
v 0.998674 0.773698 1.178915
v 0.998673 0.773698 -1.179203
v 0.213537 0.773698 -1.179203
v -1.027867 0.413 -2.1450856
v 1.027867 0.413 -2.1450856
v -0.791267 0.413 -2.1450856
v 0.791266 0.413 -2.1450856
v -1.027867 0.776526 -1.9045695
v 1.027867 0.776526 -1.9045695
v -0.791266 0.776526 -1.9045686
v 0.791266 0.776526 -1.9045686
v -1.027867 0.354222 -2.0290015
v 1.027867 0.354222 -2.0290015
v -0.791267 0.354222 -2.0291865
v 0.791266 0.354222 -2.0291865
v -1.027867 0.696015 -1.3034996
v 1.027867 0.696015 -1.3034996
v -0.791267 0.696015 -1.3034996
v 0.791266 0.696015 -1.3034996
v -1.027867 0.696015 -1.7993225
v 1.027867 0.696015 -1.7993225
v -0.791267 0.696015 -1.7993225
v 0.791266 0.696015 -1.7993225
v -1.027867 0.776526 1.2704995
v 1.027867 0.776526 1.2704995
v -0.791266 0.776526 1.2705004
v 0.200819 0.776526 1.2705004
v 0.791266 0.270171 -1.1276906
v -1.027867 0.270171 -1.1276906
v 1.027867 0.270171 -1.1276906
v 0.200819 0.270171 1.0617945
v -1.027867 0.270171 1.0617934
v 1.027867 0.270171 1.0617934
v -1.027867 0.354222 0.9320945
v 1.027867 0.354222 0.9320945
v -1.027867 0.776526 1.1844865
v 1.027867 0.776526 1.1844865
v -0.791266 0.776526 1.1844875
v 0.200819 0.776526 1.1844875
v -0.791266 0.270171 0.9320945
v 0.200819 0.270171 0.9320945
v -1.027867 0.270171 0.9320945
v 1.027867 0.270171 0.9320945
v -1.027867 0.354222 -0.9708785
v 1.027867 0.354222 -0.9708785
v -1.027867 0.776526 -1.1881775
v 1.027867 0.776526 -1.1881775
v -0.791267 0.776526 -1.1881775
v 0.791266 0.776526 -1.1881775
v 0.791266 0.270171 -0.9708785
v -1.027867 0.270171 -0.9708785
v 1.027867 0.270171 -0.9708785
v -1.027867 0.684457 1.2704995
v 1.027867 0.684457 1.2704995
v -0.791266 0.684457 1.2705004
v 0.200819 0.684457 1.2705004
v -1.027867 0.418184 1.0617934
v 1.027867 0.418184 1.0617934
v 0.200819 0.418184 1.0617945
v -1.027867 0.418184 0.9320945
v 1.027867 0.418184 0.9320945
v -0.791266 0.418184 0.9320945
v 0.200819 0.418184 0.9320945
v -1.027867 0.217627 -2.1450856
v 1.027867 0.217627 -2.1450856
v 0.791266 0.217627 -2.1450856
v -1.027867 0.217627 -2.0290015
v 1.027867 0.217627 -2.0290015
v -0.791267 0.217627 -2.0291865
v 0.791266 0.217627 -2.0291865
v -1.027867 0.323142 2.7714565
v 1.027867 0.323142 2.7714565
v -0.791266 0.532 2.7714574
v -1.027867 0.532 2.7714565
v 1.027867 0.532 2.7714565
v -0.791266 0.532014 2.0585024
v 0.200819 0.532014 2.0585024
v -0.791266 0.323142 1.9577935
v 0.200819 0.323142 1.9577935
v -1.027867 0.323142 1.9577935
v 1.027867 0.323142 1.9577935
v -1.027867 0.532014 2.0585015
v 1.027867 0.532014 2.0585015
v -0.791266 0.776526 1.9851555
v 0.200819 0.776526 1.9851555
v -0.791266 0.684457 1.8261145
v 0.200819 0.684457 1.8261145
v -1.027867 0.684457 1.8261135
v 1.027867 0.684457 1.8261135
v -1.027867 0.776526 1.9851555
v 1.027867 0.776526 1.9851555
v -1.027867 0.423 -1.1276906
v 1.027867 0.423 -1.1276906
v -0.791267 0.423 -1.1276906
v 0.791266 0.423 -1.1276906
v -1.027867 0.42337 -0.9708785
v 1.027867 0.42337 -0.9708785
v -0.791267 0.42337 -0.9708785
v 0.791266 0.42337 -0.9708785
v 0.200819 0.532 2.7714574
v 0.200819 0.323142 2.7714574
v -0.940581 0.50209 2.7714565
v 0.940581 0.50209 2.7714565
v -0.627439 0.50209 2.7714574
v 0.627439 0.50209 2.7714574
v -0.940581 0.353067 2.7714565
v 0.940581 0.353067 2.7714565
v -0.627439 0.353067 2.7714574
v 0.627439 0.353067 2.7714574
v -0.627439 0.353067 2.7214575
v 0.627439 0.353067 2.7214575
v -0.940581 0.353067 2.7214565
v 0.940581 0.353067 2.7214565
v -0.627439 0.50209 2.7214575
v 0.627439 0.50209 2.7214575
v -0.940581 0.50209 2.7214565
v 0.940581 0.50209 2.7214565
v -0.778613 0.270171 -0.9708785
v 0.95 0.270171 -0.9708785
v -0.778613 0.354222 -0.9708785
v 0.95 0.354222 -0.9708785
v -0.778613 0.270171 0.9320945
v 0.95 0.270171 0.9320945
v -0.778613 0.354222 0.9320945
v 0.95 0.354222 0.9320945
v -0.791266 0.418184 1.0617945
v -0.791267 0.270171 -0.9708785
v -0.791266 0.270171 1.0617945
v -0.791267 0.270171 -1.1276906
v -0.791267 0.217627 -2.1450856
v 0.791266 0.423 -1.9817035
v 0.791266 0.217627 -1.5008365
v -0.791267 0.423 -1.9817035
v -0.791267 0.217627 -1.5008365
v 1.027867 0.44767 2.0836434
v 1.027867 0.532 2.5238435
v 0.200819 0.532 2.5238445
v 0.28862 0.532 2.5238445
v 0.28862 0.44767 2.0836434
v 0.28862 0.532014 2.0585024
v 0.940581 0.353067 2.7714565
v 0.940581 0.353067 2.7714565
v 0.940581 0.50209 2.7714565
v 0.940581 0.50209 2.7714565
v 0.627439 0.50209 2.7714574
v 0.627439 0.50209 2.7714574
v 0.627439 0.353067 2.7714574
v 0.627439 0.353067 2.7714574
v 0.627439 0.353067 2.7214575
v 0.627439 0.353067 2.7214575
v 0.627439 0.50209 2.7214575
v 0.627439 0.50209 2.7214575
v 0.940581 0.50209 2.7214565
v 0.940581 0.50209 2.7214565
v 0.940581 0.353067 2.7214565
v 0.940581 0.353067 2.7214565
v -0.778613 0.354222 -0.9708785
v -0.778613 0.354222 0.9320945
v 1.027867 0.354222 -2.0290015
v 1.027867 0.354222 -2.0290015
v 1.027867 0.696015 -1.7993225
v 1.027867 0.696015 -1.7993225
v 0.791266 0.696015 -1.7993225
v 0.791266 0.696015 -1.7993225
v 0.791266 0.354222 -2.0291865
v 0.791266 0.696015 -1.3034996
v 0.791266 0.696015 -1.3034996
v 1.027867 0.696015 -1.3034996
v 1.027867 0.696015 -1.3034996
v 1.027867 0.423 -1.1276906
v 1.027867 0.423 -1.1276906
v 0.791266 0.423 -1.1276906
v 0.791266 0.423 -1.1276906
v 0.791266 0.423 -1.9817035
v 0.791266 0.413 -2.1450856
v 0.791266 0.413 -2.1450856
v 0.791266 0.413 -2.1450856
v 0.791266 0.413 -2.1450856
v 0.791266 0.413 -2.1450856
v 0.791266 0.776526 -1.9045686
v 0.791266 0.776526 -1.9045686
v 1.027867 0.776526 -1.9045695
v 1.027867 0.776526 -1.9045695
v 1.027867 0.413 -2.1450856
v 1.027867 0.413 -2.1450856
v 1.027867 0.217627 -2.1450856
v 1.027867 0.217627 -2.1450856
v 0.791266 0.217627 -2.1450856
v 1.027867 0.217627 -2.0290015
v 1.027867 0.217627 -2.0290015
v 0.791266 0.217627 -2.0291865
v 1.027867 0.776526 -1.1881775
v 1.027867 0.776526 -1.1881775
v 0.791266 0.776526 -1.1881775
v 0.791266 0.776526 -1.1881775
v 0.791266 0.42337 -0.9708785
v 0.791266 0.42337 -0.9708785
v -0.791267 0.42337 -0.9708785
v -0.791267 0.42337 -0.9708785
v -0.791267 0.42337 -0.9708785
v -0.791267 0.423 -1.1276906
v -0.791267 0.423 -1.1276906
v -0.791267 0.423 -1.1276906
v -0.791267 0.423 -1.1276906
v -0.791267 0.696015 -1.3034996
v -0.791267 0.696015 -1.3034996
v -1.027867 0.696015 -1.3034996
v -1.027867 0.696015 -1.3034996
v -1.027867 0.696015 -1.7993225
v -1.027867 0.696015 -1.7993225
v -0.791267 0.696015 -1.7993225
v -1.027867 0.354222 -2.0290015
v -1.027867 0.354222 -2.0290015
v -0.791267 0.354222 -2.0291865
v -1.027867 0.217627 -2.0290015
v -1.027867 0.217627 -2.0290015
v -1.027867 0.217627 -2.1450856
v -1.027867 0.217627 -2.1450856
v -1.027867 0.413 -2.1450856
v -1.027867 0.413 -2.1450856
v -0.791267 0.413 -2.1450856
v -0.791267 0.413 -2.1450856
v -0.791267 0.413 -2.1450856
v -0.791267 0.217627 -2.1450856
v -0.791267 0.217627 -2.1450856
v -0.791267 0.217627 -1.5008365
v -0.791267 0.270171 -1.1276906
v -0.791267 0.270171 -1.1276906
v -1.027867 0.270171 -1.1276906
v -1.027867 0.270171 -1.1276906
v -1.027867 0.270171 -0.9708785
v -1.027867 0.270171 -0.9708785
v -0.791267 0.270171 -0.9708785
v 0.791266 0.270171 -0.9708785
v 1.027867 0.270171 -0.9708785
v 1.027867 0.270171 -0.9708785
v 1.027867 0.270171 -0.9708785
v 1.027867 0.270171 -1.1276906
v 1.027867 0.42337 -0.9708785
v -1.027867 0.42337 -0.9708785
v -1.027867 0.423 -1.1276906
v 0.791266 0.217627 -2.1450856
v 0.791266 0.217627 -2.1450856
v 0.791266 0.217627 -1.5008365
v 0.791266 0.270171 -1.1276906
v 0.791266 0.270171 -1.1276906
v 1.027867 0.270171 -1.1276906
v -0.791267 0.423 -1.9817035
v -0.791267 0.217627 -2.1450856
v -1.027867 0.776526 -1.9045695
v -1.027867 0.776526 -1.9045695
v -0.791266 0.776526 -1.9045686
v -0.791266 0.776526 -1.9045686
v -0.791267 0.413 -2.1450856
v -0.791267 0.776526 -1.1881775
v -1.027867 0.776526 -1.1881775
v -1.027867 0.776526 -1.1881775
v -0.791267 0.776526 -1.1881775
v -1.027867 0.42337 -0.9708785
v -0.791267 0.217627 -2.1450856
v -0.791267 0.217627 -2.0291865
v -0.791267 0.696015 -1.7993225
v -0.791267 0.354222 -2.0291865
v -1.027867 0.423 -1.1276906
v 1.027867 0.42337 -0.9708785
v 0.791266 0.217627 -2.1450856
v -0.791267 0.413 -2.1450856
v 0.791266 0.423 -1.1276906
v 0.791266 0.423 -1.1276906
v 0.791266 0.42337 -0.9708785
v 0.791266 0.354222 -2.0291865
v 0.200819 0.270171 1.0617945
v 1.027867 0.270171 1.0617934
v 1.027867 0.270171 1.0617934
v 1.027867 0.418184 1.0617934
v 1.027867 0.418184 1.0617934
v 0.200819 0.418184 1.0617945
v 0.200819 0.418184 1.0617945
v 0.200819 0.418184 0.9320945
v 0.200819 0.418184 0.9320945
v 0.200819 0.418184 0.9320945
v 0.200819 0.776526 1.1844875
v 0.200819 0.776526 1.1844875
v 1.027867 0.776526 1.1844865
v 1.027867 0.776526 1.1844865
v 1.027867 0.776526 1.2704995
v 1.027867 0.776526 1.9851555
v 1.027867 0.776526 1.9851555
v 1.027867 0.532014 2.0585015
v 0.200819 0.776526 1.9851555
v 0.200819 0.776526 1.9851555
v 0.200819 0.776526 1.2705004
v 0.200819 0.532014 2.0585024
v 1.027867 0.418184 0.9320945
v 1.027867 0.418184 0.9320945
v 1.027867 0.270171 0.9320945
v 1.027867 0.270171 0.9320945
v 0.200819 0.270171 0.9320945
v -0.791266 0.270171 0.9320945
v -1.027867 0.270171 0.9320945
v -1.027867 0.270171 0.9320945
v -1.027867 0.270171 0.9320945
v -1.027867 0.270171 1.0617934
v -1.027867 0.270171 1.0617934
v -0.791266 0.270171 1.0617945
v -1.027867 0.418184 1.0617934
v -1.027867 0.418184 1.0617934
v -1.027867 0.684457 1.2704995
v -1.027867 0.684457 1.2704995
v -0.791266 0.684457 1.2705004
v -0.791266 0.684457 1.2705004
v -0.791266 0.418184 1.0617945
v -0.791266 0.418184 1.0617945
v -0.791266 0.418184 0.9320945
v -0.791266 0.684457 1.8261145
v -0.791266 0.684457 1.8261145
v -0.791266 0.323142 1.9577935
v -1.027867 0.684457 1.8261135
v -1.027867 0.684457 1.8261135
v -1.027867 0.323142 1.9577935
v -0.791266 0.418184 1.0617945
v -1.027867 0.418184 0.9320945
v -1.027867 0.418184 0.9320945
v -1.027867 0.776526 1.1844865
v -1.027867 0.776526 1.1844865
v -0.791266 0.776526 1.1844875
v -0.791266 0.776526 1.1844875
v -0.791266 0.776526 1.2705004
v -0.791266 0.776526 1.9851555
v -0.791266 0.776526 1.9851555
v -0.791266 0.532014 2.0585024
v -0.791266 0.532014 2.0585024
v -0.791266 0.532014 2.0585024
v -0.791266 0.323142 1.9577935
v 0.200819 0.532014 2.0585024
v 0.200819 0.532014 2.0585024
v 0.200819 0.323142 1.9577935
v -1.027867 0.532014 2.0585015
v -1.027867 0.532014 2.0585015
v -1.027867 0.532 2.7714565
v -1.027867 0.776526 1.9851555
v -0.791266 0.418184 0.9320945
v -1.027867 0.776526 1.2704995
v -1.027867 0.776526 1.9851555
v -0.791266 0.418184 0.9320945
v 1.027867 0.684457 1.2704995
v 1.027867 0.684457 1.2704995
v 0.200819 0.684457 1.2705004
v 0.200819 0.684457 1.2705004
v 0.200819 0.418184 1.0617945
v 0.200819 0.684457 1.8261145
v 0.200819 0.684457 1.8261145
v 0.200819 0.323142 1.9577935
v 1.027867 0.684457 1.8261135
v 1.027867 0.684457 1.8261135
v 1.027867 0.323142 1.9577935
v 1.027867 0.270171 0.9320945
v -0.940581 0.353067 2.7714565
v -0.940581 0.353067 2.7714565
v -0.940581 0.50209 2.7714565
v -0.940581 0.50209 2.7714565
v -0.627439 0.50209 2.7714574
v -0.627439 0.50209 2.7714574
v -0.627439 0.353067 2.7714574
v -0.627439 0.353067 2.7714574
v -0.627439 0.353067 2.7214575
v -0.627439 0.353067 2.7214575
v -0.627439 0.50209 2.7214575
v -0.627439 0.50209 2.7214575
v -0.940581 0.50209 2.7214565
v -0.940581 0.50209 2.7214565
v -0.940581 0.353067 2.7214565
v -0.940581 0.353067 2.7214565
v -1.027867 0.354222 0.9320945
v -1.027867 0.354222 -0.9708785
v -1.027867 0.323142 2.7714565
v -1.027867 0.532 2.7714565
v 1.027867 0.354222 0.9320945
v 1.027867 0.354222 -0.9708785
v 0.95 0.354222 -0.9708785
v 0.95 0.354222 0.9320945
v 1.027867 0.532 2.7714565
v 1.027867 0.532 2.7714565
v 1.027867 0.323142 2.7714565
v 1.027867 0.532 2.5238435
v 0.200819 0.532 2.7714574
v -1.027867 0.270171 0.9320945
v -1.027867 0.270171 -0.9708785
v 0.95 0.270171 -0.9708785
v 0.95 0.270171 0.9320945
v 1.027867 0.532014 2.0585015
v 1.027867 0.44767 2.0836434
v 1.027867 0.44767 2.0836434
v 1.027867 0.532 2.5238435
v 0.28862 0.44767 2.0836434
v 0.28862 0.44767 2.0836434
v 0.28862 0.532014 2.0585024
v 0.28862 0.532014 2.0585024
v 0.28862 0.532 2.5238445
v 0.28862 0.532 2.5238445
v -0.778613 0.270171 -0.9708785
v -0.778613 0.270171 0.9320945
v 1.027867 0.270171 0.9320945
v 1.027867 0.270171 -0.9708785
v -1.027867 0.270171 -0.9708785
v 0.200819 0.532 2.5238445
v 0.200819 0.532 2.7714574
v 0.200819 0.532014 2.0585024
usemtl mat0
vt 0.106357 0.731502
vt 0.142005 0.766851
vt 0.155053 0.744440
f 49/1 1/2 3/3
vt 0.155053 0.744440
vt 0.142005 0.766851
vt 0.106357 0.731502
f 4/4 2/5 50/6
vt 0.106357 0.731502
vt 0.155053 0.744440
vt 0.155053 0.718563
f 49/7 3/8 5/9
vt 0.155053 0.718563
vt 0.155053 0.744440
vt 0.106357 0.731502
f 6/10 4/11 50/12
vt 0.106357 0.731502
vt 0.155053 0.718563
vt 0.142005 0.696153
f 49/13 5/14 7/15
vt 0.142005 0.696153
vt 0.155053 0.718563
vt 0.106357 0.731502
f 8/16 6/17 50/18
vt 0.106357 0.731502
vt 0.142005 0.696153
vt 0.119405 0.683214
f 49/19 7/20 9/21
vt 0.119405 0.683214
vt 0.142005 0.696153
vt 0.106357 0.731502
f 10/22 8/23 50/24
vt 0.106357 0.731502
vt 0.119405 0.683214
vt 0.093309 0.683214
f 49/25 9/26 11/27
vt 0.093309 0.683214
vt 0.119405 0.683214
vt 0.106357 0.731502
f 12/28 10/29 50/30
vt 0.106357 0.731502
vt 0.093309 0.683214
vt 0.070709 0.696153
f 49/31 11/32 13/33
vt 0.070709 0.696153
vt 0.093309 0.683214
vt 0.106357 0.731502
f 14/34 12/35 50/36
vt 0.106357 0.731502
vt 0.070709 0.696153
vt 0.057661 0.718563
f 49/37 13/38 15/39
vt 0.057661 0.718563
vt 0.070709 0.696153
vt 0.106357 0.731502
f 16/40 14/41 50/42
vt 0.106357 0.731502
vt 0.057661 0.718563
vt 0.057661 0.744440
f 49/43 15/44 17/45
vt 0.057661 0.744440
vt 0.057661 0.718563
vt 0.106357 0.731502
f 18/46 16/47 50/48
vt 0.106357 0.731502
vt 0.057661 0.744440
vt 0.070709 0.766851
f 49/49 17/50 19/51
vt 0.070709 0.766851
vt 0.057661 0.744440
vt 0.106357 0.731502
f 20/52 18/53 50/54
vt 0.106357 0.731502
vt 0.070709 0.766851
vt 0.093309 0.779789
f 49/55 19/56 21/57
vt 0.093309 0.779789
vt 0.070709 0.766851
vt 0.106357 0.731502
f 22/58 20/59 50/60
vt 0.106357 0.731502
vt 0.093309 0.779789
vt 0.119405 0.779789
f 49/61 21/62 23/63
vt 0.119405 0.779789
vt 0.093309 0.779789
vt 0.106357 0.731502
f 24/64 22/65 50/66
vt 0.119405 0.779789
vt 0.142005 0.766851
vt 0.106357 0.731502
f 23/67 1/68 49/69
vt 0.106357 0.731502
vt 0.142005 0.766851
vt 0.119405 0.779789
f 50/70 2/71 24/72
vt 0.142005 0.766851
vt 0.167470 0.792102
vt 0.189839 0.753683
vt 0.155053 0.744440
f 1/73 55/74 51/75 3/76
vt 0.189839 0.753683
vt 0.167470 0.792102
vt 0.142005 0.766851
vt 0.155053 0.744440
f 52/77 56/78 2/79 4/80
vt 0.167470 0.792102
vt 0.152998 0.777751
vt 0.170069 0.748430
vt 0.189839 0.753683
f 57/81 25/82 27/83 53/84
vt 0.170069 0.748430
vt 0.152998 0.777751
vt 0.167470 0.792102
vt 0.189839 0.753683
f 28/85 26/86 58/87 54/88
vt 0.155053 0.744440
vt 0.189839 0.753683
vt 0.189839 0.709320
vt 0.155053 0.718563
f 3/89 51/90 59/91 5/92
vt 0.189839 0.709320
vt 0.189839 0.753683
vt 0.155053 0.744440
vt 0.155053 0.718563
f 60/93 52/94 4/95 6/96
vt 0.189839 0.753683
vt 0.170069 0.748430
vt 0.170069 0.714573
vt 0.189839 0.709320
f 53/97 27/98 29/99 61/100
vt 0.170069 0.714573
vt 0.170069 0.748430
vt 0.189839 0.753683
vt 0.189839 0.709320
f 30/101 28/102 54/103 62/104
vt 0.155053 0.718563
vt 0.189839 0.709320
vt 0.167470 0.670902
vt 0.142005 0.696153
f 5/105 59/106 63/107 7/108
vt 0.167470 0.670902
vt 0.189839 0.709320
vt 0.155053 0.718563
vt 0.142005 0.696153
f 64/109 60/110 6/111 8/112
vt 0.189839 0.709320
vt 0.170069 0.714573
vt 0.152998 0.685252
vt 0.167470 0.670902
f 61/113 29/114 31/115 65/116
vt 0.152998 0.685252
vt 0.170069 0.714573
vt 0.189839 0.709320
vt 0.167470 0.670902
f 32/117 30/118 62/119 66/120
vt 0.142005 0.696153
vt 0.167470 0.670902
vt 0.128726 0.648720
vt 0.119405 0.683214
f 7/121 63/122 67/123 9/124
vt 0.128726 0.648720
vt 0.167470 0.670902
vt 0.142005 0.696153
vt 0.119405 0.683214
f 68/125 64/126 8/127 10/128
vt 0.167470 0.670902
vt 0.152998 0.685252
vt 0.123429 0.668324
vt 0.128726 0.648720
f 65/129 31/130 33/131 69/132
vt 0.123429 0.668324
vt 0.152998 0.685252
vt 0.167470 0.670902
vt 0.128726 0.648720
f 34/133 32/134 66/135 70/136
vt 0.119405 0.683214
vt 0.128726 0.648720
vt 0.083988 0.648720
vt 0.093309 0.683214
f 9/137 67/138 71/139 11/140
vt 0.083988 0.648720
vt 0.128726 0.648720
vt 0.119405 0.683214
vt 0.093309 0.683214
f 72/141 68/142 10/143 12/144
vt 0.128726 0.648720
vt 0.123429 0.668324
vt 0.089286 0.668324
vt 0.083988 0.648720
f 69/145 33/146 35/147 73/148
vt 0.089286 0.668324
vt 0.123429 0.668324
vt 0.128726 0.648720
vt 0.083988 0.648720
f 36/149 34/150 70/151 74/152
vt 0.093309 0.683214
vt 0.083988 0.648720
vt 0.045244 0.670902
vt 0.070709 0.696153
f 11/153 71/154 75/155 13/156
vt 0.045244 0.670902
vt 0.083988 0.648720
vt 0.093309 0.683214
vt 0.070709 0.696153
f 76/157 72/158 12/159 14/160
vt 0.083988 0.648720
vt 0.089286 0.668324
vt 0.059717 0.685252
vt 0.045244 0.670901
f 73/161 35/162 37/163 77/164
vt 0.059717 0.685252
vt 0.089286 0.668324
vt 0.083988 0.648720
vt 0.045244 0.670901
f 38/165 36/166 74/167 78/168
vt 0.070709 0.696153
vt 0.045244 0.670902
vt 0.022875 0.709320
vt 0.057661 0.718563
f 13/169 75/170 79/171 15/172
vt 0.022875 0.709320
vt 0.045244 0.670902
vt 0.070709 0.696153
vt 0.057661 0.718563
f 80/173 76/174 14/175 16/176
vt 0.045244 0.670901
vt 0.059717 0.685252
vt 0.042645 0.714573
vt 0.022875 0.709320
f 77/177 37/178 39/179 81/180
vt 0.042645 0.714573
vt 0.059717 0.685252
vt 0.045244 0.670901
vt 0.022875 0.709320
f 40/181 38/182 78/183 82/184
vt 0.057661 0.718563
vt 0.022875 0.709320
vt 0.022875 0.753683
vt 0.057661 0.744440
f 15/185 79/186 83/187 17/188
vt 0.022875 0.753683
vt 0.022875 0.709320
vt 0.057661 0.718563
vt 0.057661 0.744440
f 84/189 80/190 16/191 18/192
vt 0.022875 0.709320
vt 0.042645 0.714573
vt 0.042645 0.748430
vt 0.022875 0.753683
f 81/193 39/194 41/195 85/196
vt 0.042645 0.748430
vt 0.042645 0.714573
vt 0.022875 0.709320
vt 0.022875 0.753683
f 42/197 40/198 82/199 86/200
vt 0.057661 0.744440
vt 0.022875 0.753683
vt 0.045244 0.792102
vt 0.070709 0.766851
f 17/201 83/202 87/203 19/204
vt 0.045244 0.792102
vt 0.022875 0.753683
vt 0.057661 0.744440
vt 0.070709 0.766851
f 88/205 84/206 18/207 20/208
vt 0.022875 0.753683
vt 0.042645 0.748430
vt 0.059716 0.777751
vt 0.045244 0.792102
f 85/209 41/210 43/211 89/212
vt 0.059716 0.777751
vt 0.042645 0.748430
vt 0.022875 0.753683
vt 0.045244 0.792102
f 44/213 42/214 86/215 90/216
vt 0.070709 0.766851
vt 0.045244 0.792102
vt 0.083988 0.814283
vt 0.093309 0.779789
f 19/217 87/218 91/219 21/220
vt 0.083988 0.814283
vt 0.045244 0.792102
vt 0.070709 0.766851
vt 0.093309 0.779789
f 92/221 88/222 20/223 22/224
vt 0.045244 0.792102
vt 0.059716 0.777751
vt 0.089285 0.794679
vt 0.083988 0.814283
f 89/225 43/226 45/227 93/228
vt 0.089285 0.794679
vt 0.059716 0.777751
vt 0.045244 0.792102
vt 0.083988 0.814283
f 46/229 44/230 90/231 94/232
vt 0.093309 0.779789
vt 0.083988 0.814283
vt 0.128726 0.814283
vt 0.119405 0.779789
f 21/233 91/234 95/235 23/236
vt 0.128726 0.814283
vt 0.083988 0.814283
vt 0.093309 0.779789
vt 0.119405 0.779789
f 96/237 92/238 22/239 24/240
vt 0.083988 0.814283
vt 0.089285 0.794679
vt 0.123429 0.794679
vt 0.128726 0.814283
f 93/241 45/242 47/243 97/244
vt 0.123429 0.794679
vt 0.089285 0.794679
vt 0.083988 0.814283
vt 0.128726 0.814283
f 48/245 46/246 94/247 98/248
vt 0.152998 0.777751
vt 0.167470 0.792102
vt 0.128726 0.814283
vt 0.123429 0.794679
f 25/249 57/250 97/251 47/252
vt 0.128726 0.814283
vt 0.167470 0.792102
vt 0.152998 0.777751
vt 0.123429 0.794679
f 98/253 58/254 26/255 48/256
vt 0.167470 0.792102
vt 0.142005 0.766851
vt 0.119405 0.779789
vt 0.128726 0.814283
f 55/257 1/258 23/259 95/260
vt 0.119405 0.779789
vt 0.142005 0.766851
vt 0.167470 0.792102
vt 0.128726 0.814283
f 24/261 2/262 56/263 96/264
vt 0.152998 0.777751
vt 0.123429 0.794679
vt 0.119353 0.779596
vt 0.141862 0.766709
f 441/265 442/266 101/267 123/268
vt 0.119353 0.779596
vt 0.123429 0.794679
vt 0.152998 0.777751
vt 0.141862 0.766709
f 102/269 365/270 364/271 124/272
vt 0.123429 0.794679
vt 0.089285 0.794679
vt 0.093361 0.779596
vt 0.119353 0.779596
f 442/273 443/274 103/275 101/276
vt 0.093361 0.779596
vt 0.089285 0.794679
vt 0.123429 0.794679
vt 0.119353 0.779596
f 104/277 366/278 365/279 102/280
vt 0.089285 0.794679
vt 0.059716 0.777751
vt 0.070852 0.766709
vt 0.093361 0.779596
f 443/281 444/282 105/283 103/284
vt 0.070852 0.766709
vt 0.059716 0.777751
vt 0.089285 0.794679
vt 0.093361 0.779596
f 106/285 367/286 366/287 104/288
vt 0.059716 0.777751
vt 0.042645 0.748430
vt 0.057856 0.744388
vt 0.070852 0.766709
f 444/289 433/290 107/291 105/292
vt 0.057856 0.744388
vt 0.042645 0.748430
vt 0.059716 0.777751
vt 0.070852 0.766709
f 108/293 368/294 367/295 106/296
vt 0.042645 0.748430
vt 0.042645 0.714573
vt 0.057856 0.718615
vt 0.057856 0.744388
f 433/297 434/298 109/299 107/300
vt 0.057856 0.718615
vt 0.042645 0.714573
vt 0.042645 0.748430
vt 0.057856 0.744388
f 110/301 357/302 368/303 108/304
vt 0.042645 0.714573
vt 0.059717 0.685252
vt 0.070852 0.696294
vt 0.057856 0.718615
f 434/305 435/306 111/307 109/308
vt 0.070852 0.696294
vt 0.059717 0.685252
vt 0.042645 0.714573
vt 0.057856 0.718615
f 112/309 358/310 357/311 110/312
vt 0.059717 0.685252
vt 0.089286 0.668324
vt 0.093361 0.683407
vt 0.070852 0.696294
f 435/313 436/314 113/315 111/316
vt 0.093361 0.683407
vt 0.089286 0.668324
vt 0.059717 0.685252
vt 0.070852 0.696294
f 114/317 359/318 358/319 112/320
vt 0.089286 0.668324
vt 0.123429 0.668324
vt 0.119353 0.683407
vt 0.093361 0.683407
f 436/321 437/322 115/323 113/324
vt 0.119353 0.683407
vt 0.123429 0.668324
vt 0.089286 0.668324
vt 0.093361 0.683407
f 116/325 360/326 359/327 114/328
vt 0.123429 0.668324
vt 0.152998 0.685252
vt 0.141862 0.696294
vt 0.119353 0.683407
f 437/329 438/330 117/331 115/332
vt 0.141862 0.696294
vt 0.152998 0.685252
vt 0.123429 0.668324
vt 0.119353 0.683407
f 118/333 361/334 360/335 116/336
vt 0.152998 0.685252
vt 0.170069 0.714573
vt 0.154858 0.718615
vt 0.141862 0.696294
f 438/337 439/338 119/339 117/340
vt 0.154858 0.718615
vt 0.170069 0.714573
vt 0.152998 0.685252
vt 0.141862 0.696294
f 120/341 362/342 361/343 118/344
vt 0.170069 0.714573
vt 0.170069 0.748430
vt 0.154858 0.744389
vt 0.154858 0.718615
f 439/345 440/346 121/347 119/348
vt 0.154858 0.744389
vt 0.170069 0.748430
vt 0.170069 0.714573
vt 0.154858 0.718615
f 122/349 363/350 362/351 120/352
vt 0.170069 0.748430
vt 0.152998 0.777751
vt 0.141862 0.766709
vt 0.154858 0.744389
f 440/353 441/354 123/355 121/356
vt 0.141862 0.766709
vt 0.152998 0.777751
vt 0.170069 0.748430
vt 0.154858 0.744389
f 124/357 364/358 363/359 122/360
vt 0.106357 0.731502
vt 0.154858 0.744389
vt 0.141862 0.766709
f 99/361 415/362 414/363
vt 0.141862 0.766709
vt 0.154858 0.744389
vt 0.106357 0.731502
f 347/364 348/365 100/366
vt 0.106357 0.731502
vt 0.154858 0.718615
vt 0.154858 0.744389
f 99/367 416/368 415/369
vt 0.154858 0.744389
vt 0.154858 0.718615
vt 0.106357 0.731502
f 348/370 349/371 100/372
vt 0.106357 0.731502
vt 0.141862 0.696294
vt 0.154858 0.718615
f 99/373 417/374 416/375
vt 0.154858 0.718615
vt 0.141862 0.696294
vt 0.106357 0.731502
f 349/376 350/377 100/378
vt 0.106357 0.731502
vt 0.119353 0.683407
vt 0.141862 0.696294
f 99/379 418/380 417/381
vt 0.141862 0.696294
vt 0.119353 0.683407
vt 0.106357 0.731502
f 350/382 351/383 100/384
vt 0.106357 0.731502
vt 0.093361 0.683407
vt 0.119353 0.683407
f 99/385 419/386 418/387
vt 0.119353 0.683407
vt 0.093361 0.683407
vt 0.106357 0.731502
f 351/388 352/389 100/390
vt 0.106357 0.731502
vt 0.070852 0.696294
vt 0.093361 0.683407
f 99/391 420/392 419/393
vt 0.093361 0.683407
vt 0.070852 0.696294
vt 0.106357 0.731502
f 352/394 353/395 100/396
vt 0.106357 0.731502
vt 0.057856 0.718615
vt 0.070852 0.696294
f 99/397 409/398 420/399
vt 0.070852 0.696294
vt 0.057856 0.718615
vt 0.106357 0.731502
f 353/400 354/401 100/402
vt 0.106357 0.731502
vt 0.057856 0.744388
vt 0.057856 0.718615
f 99/403 410/404 409/405
vt 0.057856 0.718615
vt 0.057856 0.744388
vt 0.106357 0.731502
f 354/406 355/407 100/408
vt 0.106357 0.731502
vt 0.070852 0.766709
vt 0.057856 0.744388
f 99/409 411/410 410/411
vt 0.057856 0.744388
vt 0.070852 0.766709
vt 0.106357 0.731502
f 355/412 356/413 100/414
vt 0.106357 0.731502
vt 0.093361 0.779596
vt 0.070852 0.766709
f 99/415 412/416 411/417
vt 0.070852 0.766709
vt 0.093361 0.779596
vt 0.106357 0.731502
f 356/418 345/419 100/420
vt 0.106357 0.731502
vt 0.119353 0.779596
vt 0.093361 0.779596
f 99/421 413/422 412/423
vt 0.093361 0.779596
vt 0.119353 0.779596
vt 0.106357 0.731502
f 345/424 346/425 100/426
vt 0.106357 0.731502
vt 0.141862 0.766709
vt 0.119353 0.779596
f 99/427 414/428 413/429
vt 0.119353 0.779596
vt 0.141862 0.766709
vt 0.106357 0.731502
f 346/430 347/431 100/432
vt 0.167470 0.792102
vt 0.173966 0.798544
vt 0.198713 0.756041
vt 0.189839 0.753683
f 428/433 129/434 125/435 427/436
vt 0.198713 0.756041
vt 0.173966 0.798544
vt 0.167470 0.792102
vt 0.189839 0.753683
f 126/437 130/438 517/439 516/440
vt 0.017334 0.491917
vt 0.090634 0.491917
vt 0.090634 0.627209
vt 0.017334 0.627209
f 379/441 131/442 127/443 377/444
vt 0.090634 0.627209
vt 0.090634 0.491917
vt 0.017334 0.491917
vt 0.017334 0.627209
f 480/445 132/446 460/447 458/448
vt 0.173966 0.798544
vt 0.167470 0.792102
vt 0.189839 0.753683
vt 0.198713 0.756041
f 405/449 504/450 503/451 403/452
vt 0.189839 0.753683
vt 0.167470 0.792102
vt 0.173966 0.798544
vt 0.198713 0.756041
f 446/453 445/454 482/455 479/456
vt 0.189839 0.753683
vt 0.198713 0.756041
vt 0.198713 0.706963
vt 0.189839 0.709320
f 427/457 125/458 133/459 426/460
vt 0.198713 0.706963
vt 0.198713 0.756041
vt 0.189839 0.753683
vt 0.189839 0.709320
f 134/461 126/462 516/463 515/464
vt 0.017334 0.491917
vt 0.090634 0.491917
vt 0.090634 0.627209
vt 0.017334 0.627209
f 376/465 404/466 135/467 375/468
vt 0.090634 0.627209
vt 0.090634 0.491917
vt 0.017334 0.491917
vt 0.017334 0.627209
f 136/469 128/470 457/471 476/472
vt 0.198713 0.756041
vt 0.189839 0.753683
vt 0.189839 0.709320
vt 0.198713 0.706963
f 403/473 503/474 502/475 406/476
vt 0.189839 0.709320
vt 0.189839 0.753683
vt 0.198713 0.756041
vt 0.198713 0.706963
f 447/477 446/478 479/479 477/480
vt 0.189839 0.709320
vt 0.198713 0.706963
vt 0.173967 0.664459
vt 0.167470 0.670902
f 426/481 133/482 137/483 425/484
vt 0.173967 0.664459
vt 0.198713 0.706963
vt 0.189839 0.709320
vt 0.167470 0.670902
f 138/485 134/486 515/487 514/488
vt 0.017334 0.491917
vt 0.090634 0.491917
vt 0.090634 0.627209
vt 0.017334 0.627209
f 374/489 407/490 139/491 373/492
vt 0.090634 0.627209
vt 0.090634 0.491917
vt 0.017334 0.491917
vt 0.017334 0.627209
f 140/493 478/494 475/495 474/496
vt 0.198713 0.706963
vt 0.189839 0.709320
vt 0.167470 0.670902
vt 0.173967 0.664459
f 406/497 502/498 501/499 408/500
vt 0.167470 0.670902
vt 0.189839 0.709320
vt 0.198713 0.706963
vt 0.173967 0.664459
f 448/501 447/502 477/503 496/504
vt 0.167470 0.670902
vt 0.173967 0.664459
vt 0.131104 0.639921
vt 0.128726 0.648720
f 425/505 137/506 141/507 424/508
vt 0.131104 0.639921
vt 0.173967 0.664459
vt 0.167470 0.670902
vt 0.128726 0.648720
f 142/509 138/510 514/511 513/512
vt 0.017334 0.491917
vt 0.090634 0.491917
vt 0.090634 0.627209
vt 0.017334 0.627209
f 373/513 139/514 143/515 372/516
vt 0.090634 0.627209
vt 0.090634 0.491917
vt 0.017334 0.491917
vt 0.017334 0.627209
f 495/517 140/518 474/519 473/520
vt 0.173967 0.664459
vt 0.167470 0.670902
vt 0.128726 0.648720
vt 0.131104 0.639921
f 408/521 501/522 500/523 369/524
vt 0.128726 0.648720
vt 0.167470 0.670902
vt 0.173967 0.664459
vt 0.131104 0.639921
f 449/525 448/526 496/527 494/528
vt 0.128726 0.648720
vt 0.131104 0.639921
vt 0.081610 0.639921
vt 0.083988 0.648720
f 424/529 141/530 145/531 423/532
vt 0.081610 0.639921
vt 0.131104 0.639921
vt 0.128726 0.648720
vt 0.083988 0.648720
f 146/533 142/534 513/535 512/536
vt 0.017334 0.491917
vt 0.090634 0.491917
vt 0.090634 0.627209
vt 0.017334 0.627209
f 371/537 370/538 147/539 390/540
vt 0.090634 0.627209
vt 0.090634 0.491917
vt 0.017334 0.491917
vt 0.017334 0.627209
f 148/541 144/542 472/543 471/544
vt 0.131104 0.639921
vt 0.128726 0.648720
vt 0.083988 0.648720
vt 0.081610 0.639921
f 369/545 500/546 499/547 393/548
vt 0.083988 0.648720
vt 0.128726 0.648720
vt 0.131104 0.639921
vt 0.081610 0.639921
f 450/549 449/550 494/551 493/552
vt 0.083988 0.648720
vt 0.081610 0.639921
vt 0.038748 0.664459
vt 0.045244 0.670902
f 423/553 145/554 149/555 422/556
vt 0.038748 0.664459
vt 0.081610 0.639921
vt 0.083988 0.648720
vt 0.045244 0.670902
f 150/557 146/558 512/559 511/560
vt 0.017334 0.491917
vt 0.090634 0.491917
vt 0.090634 0.627209
vt 0.017334 0.627209
f 390/561 147/562 151/563 389/564
vt 0.090634 0.627209
vt 0.090634 0.491917
vt 0.017334 0.491917
vt 0.017334 0.627209
f 492/565 148/566 471/567 470/568
vt 0.081610 0.639921
vt 0.083988 0.648720
vt 0.045244 0.670901
vt 0.038748 0.664459
f 393/569 499/570 498/571 391/572
vt 0.045244 0.670901
vt 0.083988 0.648720
vt 0.081610 0.639921
vt 0.038748 0.664459
f 451/573 450/574 493/575 491/576
vt 0.045244 0.670902
vt 0.038748 0.664459
vt 0.014001 0.706962
vt 0.022875 0.709320
f 422/577 149/578 153/579 421/580
vt 0.014001 0.706962
vt 0.038748 0.664459
vt 0.045244 0.670902
vt 0.022875 0.709320
f 154/581 150/582 511/583 510/584
vt 0.017334 0.491917
vt 0.090634 0.491917
vt 0.090634 0.627209
vt 0.017334 0.627209
f 388/585 392/586 155/587 387/588
vt 0.090634 0.627209
vt 0.090634 0.491917
vt 0.017334 0.491917
vt 0.017334 0.627209
f 490/589 152/590 469/591 468/592
vt 0.038748 0.664459
vt 0.045244 0.670901
vt 0.022875 0.709320
vt 0.014001 0.706962
f 391/593 498/594 497/595 394/596
vt 0.022875 0.709320
vt 0.045244 0.670901
vt 0.038748 0.664459
vt 0.014001 0.706962
f 452/597 451/598 491/599 489/600
vt 0.022875 0.709320
vt 0.014001 0.706962
vt 0.014001 0.756041
vt 0.022875 0.753683
f 421/601 153/602 157/603 432/604
vt 0.014001 0.756041
vt 0.014001 0.706962
vt 0.022875 0.709320
vt 0.022875 0.753683
f 158/605 154/606 510/607 509/608
vt 0.017334 0.491917
vt 0.090634 0.491917
vt 0.090634 0.627209
vt 0.017334 0.627209
f 386/609 395/610 159/611 385/612
vt 0.090634 0.627209
vt 0.090634 0.491917
vt 0.017334 0.491917
vt 0.017334 0.627209
f 488/613 156/614 467/615 466/616
vt 0.014001 0.706962
vt 0.022875 0.709320
vt 0.022875 0.753683
vt 0.014001 0.756041
f 394/617 497/618 508/619 396/620
vt 0.022875 0.753683
vt 0.022875 0.709320
vt 0.014001 0.706962
vt 0.014001 0.756041
f 453/621 452/622 489/623 487/624
vt 0.022875 0.753683
vt 0.014001 0.756041
vt 0.038748 0.798544
vt 0.045244 0.792102
f 432/625 157/626 161/627 431/628
vt 0.038748 0.798544
vt 0.014001 0.756041
vt 0.022875 0.753683
vt 0.045244 0.792102
f 162/629 158/630 509/631 520/632
vt 0.017334 0.491917
vt 0.090634 0.491917
vt 0.090634 0.627209
vt 0.017334 0.627209
f 384/633 397/634 163/635 383/636
vt 0.090634 0.627209
vt 0.090634 0.491917
vt 0.017334 0.491917
vt 0.017334 0.627209
f 164/637 160/638 465/639 464/640
vt 0.014001 0.756041
vt 0.022875 0.753683
vt 0.045244 0.792102
vt 0.038748 0.798544
f 396/641 508/642 507/643 398/644
vt 0.045244 0.792102
vt 0.022875 0.753683
vt 0.014001 0.756041
vt 0.038748 0.798544
f 454/645 453/646 487/647 486/648
vt 0.045244 0.792102
vt 0.038748 0.798544
vt 0.081610 0.823083
vt 0.083988 0.814283
f 431/649 161/650 165/651 430/652
vt 0.081610 0.823083
vt 0.038748 0.798544
vt 0.045244 0.792102
vt 0.083988 0.814283
f 166/653 162/654 520/655 519/656
vt 0.017334 0.491917
vt 0.090634 0.491917
vt 0.090634 0.627209
vt 0.017334 0.627209
f 383/657 163/658 167/659 382/660
vt 0.090634 0.627209
vt 0.090634 0.491917
vt 0.017334 0.491917
vt 0.017334 0.627209
f 485/661 164/662 464/663 463/664
vt 0.038748 0.798544
vt 0.045244 0.792102
vt 0.083988 0.814283
vt 0.081610 0.823083
f 398/665 507/666 506/667 399/668
vt 0.083988 0.814283
vt 0.045244 0.792102
vt 0.038748 0.798544
vt 0.081610 0.823083
f 455/669 454/670 486/671 484/672
vt 0.083988 0.814283
vt 0.081610 0.823083
vt 0.131104 0.823083
vt 0.128726 0.814283
f 430/673 165/674 169/675 429/676
vt 0.131104 0.823083
vt 0.081610 0.823083
vt 0.083988 0.814283
vt 0.128726 0.814283
f 170/677 166/678 519/679 518/680
vt 0.017334 0.491917
vt 0.090634 0.491917
vt 0.090634 0.627209
vt 0.017334 0.627209
f 381/681 400/682 401/683 380/684
vt 0.090634 0.627209
vt 0.090634 0.491917
vt 0.017334 0.491917
vt 0.017334 0.627209
f 172/685 168/686 462/687 461/688
vt 0.081610 0.823083
vt 0.083988 0.814283
vt 0.128726 0.814283
vt 0.131104 0.823083
f 399/689 506/690 505/691 171/692
vt 0.128726 0.814283
vt 0.083988 0.814283
vt 0.081610 0.823083
vt 0.131104 0.823083
f 456/693 455/694 484/695 483/696
vt 0.167470 0.792102
vt 0.173966 0.798544
vt 0.131104 0.823083
vt 0.128726 0.814283
f 504/697 405/698 171/699 505/700
vt 0.131104 0.823083
vt 0.173966 0.798544
vt 0.167470 0.792102
vt 0.128726 0.814283
f 483/701 482/702 445/703 456/704
vt 0.090634 0.627209
vt 0.017334 0.627209
vt 0.017334 0.491917
vt 0.090634 0.491917
f 402/705 378/706 380/707 401/708
vt 0.017334 0.491917
vt 0.017334 0.627209
vt 0.090634 0.627209
vt 0.090634 0.491917
f 461/709 459/710 481/711 172/712
vt 0.173966 0.798544
vt 0.167470 0.792102
vt 0.128726 0.814283
vt 0.131104 0.823083
f 129/713 428/714 429/715 169/716
vt 0.128726 0.814283
vt 0.167470 0.792102
vt 0.173966 0.798544
vt 0.131104 0.823083
f 518/717 517/718 130/719 170/720
vt 0.128726 0.814283
vt 0.167470 0.792102
vt 0.173966 0.798544
vt 0.131104 0.823083
f 249/721 289/722 560/723 175/724
vt 0.173966 0.798544
vt 0.167470 0.792102
vt 0.128726 0.814283
vt 0.131104 0.823083
f 600/725 290/726 250/727 176/728
vt 0.017334 0.491917
vt 0.017334 0.627209
vt 0.090634 0.627209
vt 0.090634 0.491917
f 558/729 559/730 213/731 523/732
vt 0.090634 0.627209
vt 0.017334 0.627209
vt 0.017334 0.491917
vt 0.090634 0.491917
f 214/733 599/734 598/735 563/736
vt 0.131104 0.823083
vt 0.173966 0.798544
vt 0.167470 0.792102
vt 0.128726 0.814283
f 173/737 522/738 287/739 247/740
vt 0.167470 0.792102
vt 0.173966 0.798544
vt 0.131104 0.823083
vt 0.128726 0.814283
f 288/741 562/742 174/743 248/744
vt 0.128726 0.814283
vt 0.083988 0.814283
vt 0.081610 0.823083
vt 0.131104 0.823083
f 247/745 251/746 177/747 173/748
vt 0.081610 0.823083
vt 0.083988 0.814283
vt 0.128726 0.814283
vt 0.131104 0.823083
f 178/749 252/750 248/751 174/752
vt 0.090634 0.627209
vt 0.090634 0.491917
vt 0.017334 0.491917
vt 0.017334 0.627209
f 523/753 525/754 557/755 558/756
vt 0.017334 0.491917
vt 0.090634 0.491917
vt 0.090634 0.627209
vt 0.017334 0.627209
f 597/757 565/758 563/759 598/760
vt 0.131104 0.823083
vt 0.081610 0.823083
vt 0.083988 0.814283
vt 0.128726 0.814283
f 175/761 556/762 253/763 249/764
vt 0.083988 0.814283
vt 0.081610 0.823083
vt 0.131104 0.823083
vt 0.128726 0.814283
f 254/765 596/766 176/767 250/768
vt 0.083988 0.814283
vt 0.045244 0.792102
vt 0.038748 0.798544
vt 0.081610 0.823083
f 251/769 255/770 181/771 177/772
vt 0.038748 0.798544
vt 0.045244 0.792102
vt 0.083988 0.814283
vt 0.081610 0.823083
f 182/773 256/774 252/775 178/776
vt 0.090634 0.627209
vt 0.090634 0.491917
vt 0.017334 0.491917
vt 0.017334 0.627209
f 524/777 526/778 183/779 179/780
vt 0.017334 0.491917
vt 0.090634 0.491917
vt 0.090634 0.627209
vt 0.017334 0.627209
f 184/781 566/782 564/783 180/784
vt 0.081610 0.823083
vt 0.038748 0.798544
vt 0.045244 0.792102
vt 0.083988 0.814283
f 556/785 555/786 257/787 253/788
vt 0.045244 0.792102
vt 0.038748 0.798544
vt 0.081610 0.823083
vt 0.083988 0.814283
f 258/789 595/790 596/791 254/792
vt 0.045244 0.792102
vt 0.022875 0.753683
vt 0.014001 0.756041
vt 0.038748 0.798544
f 255/793 259/794 185/795 181/796
vt 0.014001 0.756041
vt 0.022875 0.753683
vt 0.045244 0.792102
vt 0.038748 0.798544
f 186/797 260/798 256/799 182/800
vt 0.090634 0.627209
vt 0.090634 0.491917
vt 0.017334 0.491917
vt 0.017334 0.627209
f 526/801 528/802 554/803 183/804
vt 0.017334 0.491917
vt 0.090634 0.491917
vt 0.090634 0.627209
vt 0.017334 0.627209
f 594/805 568/806 566/807 184/808
vt 0.038748 0.798544
vt 0.014001 0.756041
vt 0.022875 0.753683
vt 0.045244 0.792102
f 555/809 553/810 261/811 257/812
vt 0.022875 0.753683
vt 0.014001 0.756041
vt 0.038748 0.798544
vt 0.045244 0.792102
f 262/813 593/814 595/815 258/816
vt 0.022875 0.753683
vt 0.022875 0.709320
vt 0.014001 0.706962
vt 0.014001 0.756041
f 259/817 263/818 189/819 185/820
vt 0.014001 0.706962
vt 0.022875 0.709320
vt 0.022875 0.753683
vt 0.014001 0.756041
f 190/821 264/822 260/823 186/824
vt 0.090634 0.627209
vt 0.090634 0.491917
vt 0.017334 0.491917
vt 0.017334 0.627209
f 527/825 530/826 552/827 187/828
vt 0.017334 0.491917
vt 0.090634 0.491917
vt 0.090634 0.627209
vt 0.017334 0.627209
f 592/829 570/830 567/831 188/832
vt 0.014001 0.756041
vt 0.014001 0.706962
vt 0.022875 0.709320
vt 0.022875 0.753683
f 553/833 551/834 265/835 261/836
vt 0.022875 0.709320
vt 0.014001 0.706962
vt 0.014001 0.756041
vt 0.022875 0.753683
f 266/837 591/838 593/839 262/840
vt 0.022875 0.709320
vt 0.045244 0.670901
vt 0.038748 0.664459
vt 0.014001 0.706962
f 263/841 267/842 193/843 189/844
vt 0.038748 0.664459
vt 0.045244 0.670901
vt 0.022875 0.709320
vt 0.014001 0.706962
f 194/845 268/846 264/847 190/848
vt 0.090634 0.627209
vt 0.090634 0.491917
vt 0.017334 0.491917
vt 0.017334 0.627209
f 529/849 532/850 550/851 191/852
vt 0.017334 0.491917
vt 0.090634 0.491917
vt 0.090634 0.627209
vt 0.017334 0.627209
f 590/853 572/854 569/855 192/856
vt 0.014001 0.706962
vt 0.038748 0.664459
vt 0.045244 0.670902
vt 0.022875 0.709320
f 551/857 549/858 269/859 265/860
vt 0.045244 0.670902
vt 0.038748 0.664459
vt 0.014001 0.706962
vt 0.022875 0.709320
f 270/861 589/862 591/863 266/864
vt 0.045244 0.670901
vt 0.083988 0.648720
vt 0.081610 0.639921
vt 0.038748 0.664459
f 267/865 271/866 197/867 193/868
vt 0.081610 0.639921
vt 0.083988 0.648720
vt 0.045244 0.670901
vt 0.038748 0.664459
f 198/869 272/870 268/871 194/872
vt 0.090634 0.627209
vt 0.090634 0.491917
vt 0.017334 0.491917
vt 0.017334 0.627209
f 531/873 533/874 199/875 195/876
vt 0.017334 0.491917
vt 0.090634 0.491917
vt 0.090634 0.627209
vt 0.017334 0.627209
f 200/877 573/878 571/879 196/880
vt 0.038748 0.664459
vt 0.081610 0.639921
vt 0.083988 0.648720
vt 0.045244 0.670902
f 549/881 548/882 273/883 269/884
vt 0.083988 0.648720
vt 0.081610 0.639921
vt 0.038748 0.664459
vt 0.045244 0.670902
f 274/885 588/886 589/887 270/888
vt 0.083988 0.648720
vt 0.128726 0.648720
vt 0.131104 0.639921
vt 0.081610 0.639921
f 271/889 275/890 201/891 197/892
vt 0.131104 0.639921
vt 0.128726 0.648720
vt 0.083988 0.648720
vt 0.081610 0.639921
f 202/893 276/894 272/895 198/896
vt 0.090634 0.627209
vt 0.090634 0.491917
vt 0.017334 0.491917
vt 0.017334 0.627209
f 533/897 535/898 547/899 199/900
vt 0.017334 0.491917
vt 0.090634 0.491917
vt 0.090634 0.627209
vt 0.017334 0.627209
f 587/901 575/902 573/903 200/904
vt 0.081610 0.639921
vt 0.131104 0.639921
vt 0.128726 0.648720
vt 0.083988 0.648720
f 548/905 546/906 277/907 273/908
vt 0.128726 0.648720
vt 0.131104 0.639921
vt 0.081610 0.639921
vt 0.083988 0.648720
f 278/909 586/910 588/911 274/912
vt 0.128726 0.648720
vt 0.167470 0.670902
vt 0.173967 0.664459
vt 0.131104 0.639921
f 275/913 279/914 205/915 201/916
vt 0.173967 0.664459
vt 0.167470 0.670902
vt 0.128726 0.648720
vt 0.131104 0.639921
f 206/917 280/918 276/919 202/920
vt 0.090634 0.627209
vt 0.090634 0.491917
vt 0.017334 0.491917
vt 0.017334 0.627209
f 534/921 536/922 207/923 203/924
vt 0.017334 0.491917
vt 0.090634 0.491917
vt 0.090634 0.627209
vt 0.017334 0.627209
f 208/925 576/926 574/927 204/928
vt 0.131104 0.639921
vt 0.173967 0.664459
vt 0.167470 0.670902
vt 0.128726 0.648720
f 546/929 545/930 281/931 277/932
vt 0.167470 0.670902
vt 0.173967 0.664459
vt 0.131104 0.639921
vt 0.128726 0.648720
f 282/933 585/934 586/935 278/936
vt 0.167470 0.670902
vt 0.189839 0.709320
vt 0.198713 0.706963
vt 0.173967 0.664459
f 279/937 283/938 209/939 205/940
vt 0.198713 0.706963
vt 0.189839 0.709320
vt 0.167470 0.670902
vt 0.173967 0.664459
f 210/941 284/942 280/943 206/944
vt 0.090634 0.627209
vt 0.090634 0.491917
vt 0.017334 0.491917
vt 0.017334 0.627209
f 536/945 538/946 544/947 207/948
vt 0.017334 0.491917
vt 0.090634 0.491917
vt 0.090634 0.627209
vt 0.017334 0.627209
f 584/949 578/950 576/951 208/952
vt 0.173967 0.664459
vt 0.198713 0.706963
vt 0.189839 0.709320
vt 0.167470 0.670902
f 545/953 543/954 285/955 281/956
vt 0.189839 0.709320
vt 0.198713 0.706963
vt 0.173967 0.664459
vt 0.167470 0.670902
f 286/957 583/958 585/959 282/960
vt 0.189839 0.709320
vt 0.189839 0.753683
vt 0.198713 0.756041
vt 0.198713 0.706963
f 283/961 291/962 217/963 209/964
vt 0.198713 0.756041
vt 0.189839 0.753683
vt 0.189839 0.709320
vt 0.198713 0.706963
f 218/965 292/966 284/967 210/968
vt 0.090634 0.627209
vt 0.090634 0.491917
vt 0.017334 0.491917
vt 0.017334 0.627209
f 537/969 540/970 219/971 211/972
vt 0.017334 0.491917
vt 0.090634 0.491917
vt 0.090634 0.627209
vt 0.017334 0.627209
f 220/973 580/974 577/975 212/976
vt 0.198713 0.706963
vt 0.198713 0.756041
vt 0.189839 0.753683
vt 0.189839 0.709320
f 543/977 541/978 293/979 285/980
vt 0.189839 0.753683
vt 0.198713 0.756041
vt 0.198713 0.706963
vt 0.189839 0.709320
f 294/981 581/982 583/983 286/984
vt 0.189839 0.753683
vt 0.167470 0.792102
vt 0.173966 0.798544
vt 0.198713 0.756041
f 291/985 287/986 522/987 217/988
vt 0.173966 0.798544
vt 0.167470 0.792102
vt 0.189839 0.753683
vt 0.198713 0.756041
f 562/989 288/990 292/991 218/992
vt 0.090634 0.627209
vt 0.090634 0.491917
vt 0.017334 0.491917
vt 0.017334 0.627209
f 539/993 521/994 215/995 542/996
vt 0.017334 0.491917
vt 0.090634 0.491917
vt 0.090634 0.627209
vt 0.017334 0.627209
f 216/997 561/998 579/999 582/1000
vt 0.198713 0.756041
vt 0.173966 0.798544
vt 0.167470 0.792102
vt 0.189839 0.753683
f 541/1001 560/1002 289/1003 293/1004
vt 0.167470 0.792102
vt 0.173966 0.798544
vt 0.198713 0.756041
vt 0.189839 0.753683
f 290/1005 600/1006 581/1007 294/1008
vt 0.119353 0.779596
vt 0.141862 0.766709
vt 0.106357 0.731502
f 243/1009 221/1010 245/1011
vt 0.106357 0.731502
vt 0.141862 0.766709
vt 0.119353 0.779596
f 246/1012 222/1013 244/1014
vt 0.093361 0.779596
vt 0.119353 0.779596
vt 0.106357 0.731502
f 241/1015 243/1016 245/1017
vt 0.106357 0.731502
vt 0.119353 0.779596
vt 0.093361 0.779596
f 246/1018 244/1019 242/1020
vt 0.070852 0.766709
vt 0.093361 0.779596
vt 0.106357 0.731502
f 239/1021 241/1022 245/1023
vt 0.106357 0.731502
vt 0.093361 0.779596
vt 0.070852 0.766709
f 246/1024 242/1025 240/1026
vt 0.057856 0.744388
vt 0.070852 0.766709
vt 0.106357 0.731502
f 237/1027 239/1028 245/1029
vt 0.106357 0.731502
vt 0.070852 0.766709
vt 0.057856 0.744388
f 246/1030 240/1031 238/1032
vt 0.057856 0.718615
vt 0.057856 0.744388
vt 0.106357 0.731502
f 235/1033 237/1034 245/1035
vt 0.106357 0.731502
vt 0.057856 0.744388
vt 0.057856 0.718615
f 246/1036 238/1037 236/1038
vt 0.070852 0.696294
vt 0.057856 0.718615
vt 0.106357 0.731502
f 233/1039 235/1040 245/1041
vt 0.106357 0.731502
vt 0.057856 0.718615
vt 0.070852 0.696294
f 246/1042 236/1043 234/1044
vt 0.093361 0.683407
vt 0.070852 0.696294
vt 0.106357 0.731502
f 231/1045 233/1046 245/1047
vt 0.106357 0.731502
vt 0.070852 0.696294
vt 0.093361 0.683407
f 246/1048 234/1049 232/1050
vt 0.119353 0.683407
vt 0.093361 0.683407
vt 0.106357 0.731502
f 229/1051 231/1052 245/1053
vt 0.106357 0.731502
vt 0.093361 0.683407
vt 0.119353 0.683407
f 246/1054 232/1055 230/1056
vt 0.141862 0.696294
vt 0.119353 0.683407
vt 0.106357 0.731502
f 227/1057 229/1058 245/1059
vt 0.106357 0.731502
vt 0.119353 0.683407
vt 0.141862 0.696294
f 246/1060 230/1061 228/1062
vt 0.154858 0.718615
vt 0.141862 0.696294
vt 0.106357 0.731502
f 225/1063 227/1064 245/1065
vt 0.106357 0.731502
vt 0.141862 0.696294
vt 0.154858 0.718615
f 246/1066 228/1067 226/1068
vt 0.154858 0.744389
vt 0.154858 0.718615
vt 0.106357 0.731502
f 223/1069 225/1070 245/1071
vt 0.106357 0.731502
vt 0.154858 0.718615
vt 0.154858 0.744389
f 246/1072 226/1073 224/1074
vt 0.141862 0.766709
vt 0.154858 0.744389
vt 0.106357 0.731502
f 221/1075 223/1076 245/1077
vt 0.106357 0.731502
vt 0.154858 0.744389
vt 0.141862 0.766709
f 246/1078 224/1079 222/1080
vt 0.141862 0.766709
vt 0.152998 0.777751
vt 0.170069 0.748430
vt 0.154858 0.744389
f 691/1081 319/1082 317/1083 690/1084
vt 0.170069 0.748430
vt 0.152998 0.777751
vt 0.141862 0.766709
vt 0.154858 0.744389
f 318/1085 320/1086 649/1087 650/1088
vt 0.154858 0.744389
vt 0.170069 0.748430
vt 0.170069 0.714573
vt 0.154858 0.718615
f 690/1089 317/1090 315/1091 689/1092
vt 0.170069 0.714573
vt 0.170069 0.748430
vt 0.154858 0.744389
vt 0.154858 0.718615
f 316/1093 318/1094 650/1095 651/1096
vt 0.154858 0.718615
vt 0.170069 0.714573
vt 0.152998 0.685252
vt 0.141862 0.696294
f 689/1097 315/1098 313/1099 688/1100
vt 0.152998 0.685252
vt 0.170069 0.714573
vt 0.154858 0.718615
vt 0.141862 0.696294
f 314/1101 316/1102 651/1103 652/1104
vt 0.141862 0.696294
vt 0.152998 0.685252
vt 0.123429 0.668324
vt 0.119353 0.683407
f 688/1105 313/1106 311/1107 687/1108
vt 0.123429 0.668324
vt 0.152998 0.685252
vt 0.141862 0.696294
vt 0.119353 0.683407
f 312/1109 314/1110 652/1111 653/1112
vt 0.119353 0.683407
vt 0.123429 0.668324
vt 0.089286 0.668324
vt 0.093361 0.683407
f 687/1113 311/1114 309/1115 686/1116
vt 0.089286 0.668324
vt 0.123429 0.668324
vt 0.119353 0.683407
vt 0.093361 0.683407
f 310/1117 312/1118 653/1119 654/1120
vt 0.093361 0.683407
vt 0.089286 0.668324
vt 0.059717 0.685252
vt 0.070852 0.696294
f 686/1121 309/1122 307/1123 685/1124
vt 0.059717 0.685252
vt 0.089286 0.668324
vt 0.093361 0.683407
vt 0.070852 0.696294
f 308/1125 310/1126 654/1127 655/1128
vt 0.070852 0.696294
vt 0.059717 0.685252
vt 0.042645 0.714573
vt 0.057856 0.718615
f 685/1129 307/1130 305/1131 696/1132
vt 0.042645 0.714573
vt 0.059717 0.685252
vt 0.070852 0.696294
vt 0.057856 0.718615
f 306/1133 308/1134 655/1135 656/1136
vt 0.057856 0.718615
vt 0.042645 0.714573
vt 0.042645 0.748430
vt 0.057856 0.744388
f 696/1137 305/1138 303/1139 695/1140
vt 0.042645 0.748430
vt 0.042645 0.714573
vt 0.057856 0.718615
vt 0.057856 0.744388
f 304/1141 306/1142 656/1143 657/1144
vt 0.057856 0.744388
vt 0.042645 0.748430
vt 0.059716 0.777751
vt 0.070852 0.766709
f 695/1145 303/1146 301/1147 694/1148
vt 0.059716 0.777751
vt 0.042645 0.748430
vt 0.057856 0.744388
vt 0.070852 0.766709
f 302/1149 304/1150 657/1151 658/1152
vt 0.070852 0.766709
vt 0.059716 0.777751
vt 0.089285 0.794679
vt 0.093361 0.779596
f 694/1153 301/1154 299/1155 693/1156
vt 0.089285 0.794679
vt 0.059716 0.777751
vt 0.070852 0.766709
vt 0.093361 0.779596
f 300/1157 302/1158 658/1159 659/1160
vt 0.093361 0.779596
vt 0.089285 0.794679
vt 0.123429 0.794679
vt 0.119353 0.779596
f 693/1161 299/1162 297/1163 692/1164
vt 0.123429 0.794679
vt 0.089285 0.794679
vt 0.093361 0.779596
vt 0.119353 0.779596
f 298/1165 300/1166 659/1167 660/1168
vt 0.119353 0.779596
vt 0.123429 0.794679
vt 0.152998 0.777751
vt 0.141862 0.766709
f 692/1169 297/1170 319/1171 691/1172
vt 0.152998 0.777751
vt 0.123429 0.794679
vt 0.119353 0.779596
vt 0.141862 0.766709
f 320/1173 298/1174 660/1175 649/1176
vt 0.119405 0.779789
vt 0.142005 0.766851
vt 0.167470 0.792102
vt 0.128726 0.814283
f 321/1177 343/1178 605/1179 604/1180
vt 0.167470 0.792102
vt 0.142005 0.766851
vt 0.119405 0.779789
vt 0.128726 0.814283
f 663/1181 344/1182 322/1183 662/1184
vt 0.128726 0.814283
vt 0.167470 0.792102
vt 0.152998 0.777751
vt 0.123429 0.794679
f 674/1185 673/1186 627/1187 626/1188
vt 0.152998 0.777751
vt 0.167470 0.792102
vt 0.128726 0.814283
vt 0.123429 0.794679
f 620/1189 645/1190 644/1191 619/1192
vt 0.123429 0.794679
vt 0.089285 0.794679
vt 0.083988 0.814283
vt 0.128726 0.814283
f 626/1193 625/1194 675/1195 674/1196
vt 0.083988 0.814283
vt 0.089285 0.794679
vt 0.123429 0.794679
vt 0.128726 0.814283
f 643/1197 618/1198 619/1199 644/1200
vt 0.128726 0.814283
vt 0.083988 0.814283
vt 0.093309 0.779789
vt 0.119405 0.779789
f 604/1201 603/1202 323/1203 321/1204
vt 0.093309 0.779789
vt 0.083988 0.814283
vt 0.128726 0.814283
vt 0.119405 0.779789
f 324/1205 661/1206 662/1207 322/1208
vt 0.089285 0.794679
vt 0.059716 0.777751
vt 0.045244 0.792102
vt 0.083988 0.814283
f 625/1209 636/1210 676/1211 675/1212
vt 0.045244 0.792102
vt 0.059716 0.777751
vt 0.089285 0.794679
vt 0.083988 0.814283
f 642/1213 617/1214 618/1215 643/1216
vt 0.083988 0.814283
vt 0.045244 0.792102
vt 0.070709 0.766851
vt 0.093309 0.779789
f 603/1217 602/1218 325/1219 323/1220
vt 0.070709 0.766851
vt 0.045244 0.792102
vt 0.083988 0.814283
vt 0.093309 0.779789
f 326/1221 672/1222 661/1223 324/1224
vt 0.059716 0.777751
vt 0.042645 0.748430
vt 0.022875 0.753683
vt 0.045244 0.792102
f 636/1225 635/1226 677/1227 676/1228
vt 0.022875 0.753683
vt 0.042645 0.748430
vt 0.059716 0.777751
vt 0.045244 0.792102
f 641/1229 616/1230 617/1231 642/1232
vt 0.045244 0.792102
vt 0.022875 0.753683
vt 0.057661 0.744440
vt 0.070709 0.766851
f 602/1233 601/1234 327/1235 325/1236
vt 0.057661 0.744440
vt 0.022875 0.753683
vt 0.045244 0.792102
vt 0.070709 0.766851
f 328/1237 671/1238 672/1239 326/1240
vt 0.042645 0.748430
vt 0.042645 0.714573
vt 0.022875 0.709320
vt 0.022875 0.753683
f 635/1241 634/1242 678/1243 677/1244
vt 0.022875 0.709320
vt 0.042645 0.714573
vt 0.042645 0.748430
vt 0.022875 0.753683
f 640/1245 615/1246 616/1247 641/1248
vt 0.022875 0.753683
vt 0.022875 0.709320
vt 0.057661 0.718563
vt 0.057661 0.744440
f 601/1249 612/1250 329/1251 327/1252
vt 0.057661 0.718563
vt 0.022875 0.709320
vt 0.022875 0.753683
vt 0.057661 0.744440
f 330/1253 670/1254 671/1255 328/1256
vt 0.042645 0.714573
vt 0.059717 0.685252
vt 0.045244 0.670901
vt 0.022875 0.709320
f 634/1257 633/1258 679/1259 678/1260
vt 0.045244 0.670901
vt 0.059717 0.685252
vt 0.042645 0.714573
vt 0.022875 0.709320
f 639/1261 614/1262 615/1263 640/1264
vt 0.022875 0.709320
vt 0.045244 0.670902
vt 0.070709 0.696153
vt 0.057661 0.718563
f 612/1265 611/1266 331/1267 329/1268
vt 0.070709 0.696153
vt 0.045244 0.670902
vt 0.022875 0.709320
vt 0.057661 0.718563
f 332/1269 669/1270 670/1271 330/1272
vt 0.059717 0.685252
vt 0.089286 0.668324
vt 0.083988 0.648720
vt 0.045244 0.670901
f 633/1273 632/1274 680/1275 679/1276
vt 0.083988 0.648720
vt 0.089286 0.668324
vt 0.059717 0.685252
vt 0.045244 0.670901
f 638/1277 613/1278 614/1279 639/1280
vt 0.045244 0.670902
vt 0.083988 0.648720
vt 0.093309 0.683214
vt 0.070709 0.696153
f 611/1281 610/1282 333/1283 331/1284
vt 0.093309 0.683214
vt 0.083988 0.648720
vt 0.045244 0.670902
vt 0.070709 0.696153
f 334/1285 668/1286 669/1287 332/1288
vt 0.089286 0.668324
vt 0.123429 0.668324
vt 0.128726 0.648720
vt 0.083988 0.648720
f 632/1289 631/1290 681/1291 680/1292
vt 0.128726 0.648720
vt 0.123429 0.668324
vt 0.089286 0.668324
vt 0.083988 0.648720
f 637/1293 624/1294 613/1295 638/1296
vt 0.083988 0.648720
vt 0.128726 0.648720
vt 0.119405 0.683214
vt 0.093309 0.683214
f 610/1297 609/1298 335/1299 333/1300
vt 0.119405 0.683214
vt 0.128726 0.648720
vt 0.083988 0.648720
vt 0.093309 0.683214
f 336/1301 667/1302 668/1303 334/1304
vt 0.123429 0.668324
vt 0.152998 0.685252
vt 0.167470 0.670902
vt 0.128726 0.648720
f 631/1305 630/1306 682/1307 681/1308
vt 0.167470 0.670902
vt 0.152998 0.685252
vt 0.123429 0.668324
vt 0.128726 0.648720
f 648/1309 623/1310 624/1311 637/1312
vt 0.128726 0.648720
vt 0.167470 0.670902
vt 0.142005 0.696153
vt 0.119405 0.683214
f 609/1313 608/1314 337/1315 335/1316
vt 0.142005 0.696153
vt 0.167470 0.670902
vt 0.128726 0.648720
vt 0.119405 0.683214
f 338/1317 666/1318 667/1319 336/1320
vt 0.152998 0.685252
vt 0.170069 0.714573
vt 0.189839 0.709320
vt 0.167470 0.670902
f 630/1321 629/1322 683/1323 682/1324
vt 0.189839 0.709320
vt 0.170069 0.714573
vt 0.152998 0.685252
vt 0.167470 0.670902
f 647/1325 622/1326 623/1327 648/1328
vt 0.167470 0.670902
vt 0.189839 0.709320
vt 0.155053 0.718563
vt 0.142005 0.696153
f 608/1329 607/1330 339/1331 337/1332
vt 0.155053 0.718563
vt 0.189839 0.709320
vt 0.167470 0.670902
vt 0.142005 0.696153
f 340/1333 665/1334 666/1335 338/1336
vt 0.170069 0.714573
vt 0.170069 0.748430
vt 0.189839 0.753683
vt 0.189839 0.709320
f 629/1337 628/1338 684/1339 683/1340
vt 0.189839 0.753683
vt 0.170069 0.748430
vt 0.170069 0.714573
vt 0.189839 0.709320
f 646/1341 621/1342 622/1343 647/1344
vt 0.189839 0.709320
vt 0.189839 0.753683
vt 0.155053 0.744440
vt 0.155053 0.718563
f 607/1345 606/1346 341/1347 339/1348
vt 0.155053 0.744440
vt 0.189839 0.753683
vt 0.189839 0.709320
vt 0.155053 0.718563
f 342/1349 664/1350 665/1351 340/1352
vt 0.170069 0.748430
vt 0.152998 0.777751
vt 0.167470 0.792102
vt 0.189839 0.753683
f 628/1353 627/1354 673/1355 684/1356
vt 0.167470 0.792102
vt 0.152998 0.777751
vt 0.170069 0.748430
vt 0.189839 0.753683
f 645/1357 620/1358 621/1359 646/1360
vt 0.189839 0.753683
vt 0.167470 0.792102
vt 0.142005 0.766851
vt 0.155053 0.744440
f 606/1361 605/1362 343/1363 341/1364
vt 0.142005 0.766851
vt 0.167470 0.792102
vt 0.189839 0.753683
vt 0.155053 0.744440
f 344/1365 663/1366 664/1367 342/1368
vt 0.106357 0.731502
vt 0.142005 0.766851
vt 0.119405 0.779789
f 295/1369 343/1370 321/1371
vt 0.119405 0.779789
vt 0.142005 0.766851
vt 0.106357 0.731502
f 322/1372 344/1373 296/1374
vt 0.119405 0.779789
vt 0.093309 0.779789
vt 0.106357 0.731502
f 321/1375 323/1376 295/1377
vt 0.106357 0.731502
vt 0.093309 0.779789
vt 0.119405 0.779789
f 296/1378 324/1379 322/1380
vt 0.093309 0.779789
vt 0.070709 0.766851
vt 0.106357 0.731502
f 323/1381 325/1382 295/1383
vt 0.106357 0.731502
vt 0.070709 0.766851
vt 0.093309 0.779789
f 296/1384 326/1385 324/1386
vt 0.070709 0.766851
vt 0.057661 0.744440
vt 0.106357 0.731502
f 325/1387 327/1388 295/1389
vt 0.106357 0.731502
vt 0.057661 0.744440
vt 0.070709 0.766851
f 296/1390 328/1391 326/1392
vt 0.057661 0.744440
vt 0.057661 0.718563
vt 0.106357 0.731502
f 327/1393 329/1394 295/1395
vt 0.106357 0.731502
vt 0.057661 0.718563
vt 0.057661 0.744440
f 296/1396 330/1397 328/1398
vt 0.057661 0.718563
vt 0.070709 0.696153
vt 0.106357 0.731502
f 329/1399 331/1400 295/1401
vt 0.106357 0.731502
vt 0.070709 0.696153
vt 0.057661 0.718563
f 296/1402 332/1403 330/1404
vt 0.070709 0.696153
vt 0.093309 0.683214
vt 0.106357 0.731502
f 331/1405 333/1406 295/1407
vt 0.106357 0.731502
vt 0.093309 0.683214
vt 0.070709 0.696153
f 296/1408 334/1409 332/1410
vt 0.093309 0.683214
vt 0.119405 0.683214
vt 0.106357 0.731502
f 333/1411 335/1412 295/1413
vt 0.106357 0.731502
vt 0.119405 0.683214
vt 0.093309 0.683214
f 296/1414 336/1415 334/1416
vt 0.119405 0.683214
vt 0.142005 0.696153
vt 0.106357 0.731502
f 335/1417 337/1418 295/1419
vt 0.106357 0.731502
vt 0.142005 0.696153
vt 0.119405 0.683214
f 296/1420 338/1421 336/1422
vt 0.142005 0.696153
vt 0.155053 0.718563
vt 0.106357 0.731502
f 337/1423 339/1424 295/1425
vt 0.106357 0.731502
vt 0.155053 0.718563
vt 0.142005 0.696153
f 296/1426 340/1427 338/1428
vt 0.155053 0.718563
vt 0.155053 0.744440
vt 0.106357 0.731502
f 339/1429 341/1430 295/1431
vt 0.106357 0.731502
vt 0.155053 0.744440
vt 0.155053 0.718563
f 296/1432 342/1433 340/1434
vt 0.155053 0.744440
vt 0.142005 0.766851
vt 0.106357 0.731502
f 341/1435 343/1436 295/1437
vt 0.106357 0.731502
vt 0.142005 0.766851
vt 0.155053 0.744440
f 296/1438 344/1439 342/1440
vt 0.171845 0.796940
vt 0.165349 0.790504
vt 0.126605 0.812664
vt 0.128982 0.821456
f 718/1441 755/1442 735/1443 965/1444
vt 0.013324 0.496109
vt 0.086624 0.496109
vt 0.086624 0.618174
vt 0.013324 0.618174
f 698/1445 697/1446 946/1447 964/1448
vt 0.128982 0.821456
vt 0.126605 0.812664
vt 0.165349 0.790504
vt 0.171845 0.796940
f 945/1449 734/1450 754/1451 717/1452
vt 0.126605 0.812664
vt 0.128982 0.821456
vt 0.079489 0.821456
vt 0.081867 0.812664
f 734/1453 945/1454 699/1455 736/1456
vt 0.086624 0.618174
vt 0.013324 0.618174
vt 0.013324 0.496109
vt 0.086624 0.496109
f 697/1457 698/1458 700/1459 944/1460
vt 0.081867 0.812664
vt 0.079489 0.821456
vt 0.128982 0.821456
vt 0.126605 0.812664
f 737/1461 966/1462 965/1463 735/1464
vt 0.036626 0.796940
vt 0.043123 0.790504
vt 0.081867 0.812664
vt 0.079489 0.821456
f 701/1465 738/1466 736/1467 699/1468
vt 0.013324 0.496109
vt 0.086624 0.496109
vt 0.086624 0.618174
vt 0.013324 0.618174
f 702/1469 942/1470 943/1471 967/1472
vt 0.043123 0.790504
vt 0.036627 0.796940
vt 0.079489 0.821456
vt 0.081867 0.812664
f 739/1473 968/1474 966/1475 737/1476
vt 0.011880 0.754477
vt 0.020754 0.752121
vt 0.043123 0.790504
vt 0.036626 0.796940
f 703/1477 740/1478 738/1479 701/1480
vt 0.013324 0.496109
vt 0.086624 0.496109
vt 0.086624 0.618174
vt 0.013324 0.618174
f 704/1481 941/1482 942/1483 702/1484
vt 0.020754 0.752121
vt 0.011880 0.754477
vt 0.036627 0.796940
vt 0.043123 0.790504
f 741/1485 938/1486 968/1487 739/1488
vt 0.011880 0.705445
vt 0.020754 0.707801
vt 0.020754 0.752121
vt 0.011880 0.754477
f 705/1489 742/1490 740/1491 703/1492
vt 0.013324 0.496109
vt 0.086624 0.496109
vt 0.086624 0.618174
vt 0.013324 0.618174
f 706/1493 955/1494 940/1495 939/1496
vt 0.020754 0.707801
vt 0.011880 0.705445
vt 0.011880 0.754477
vt 0.020754 0.752121
f 743/1497 937/1498 938/1499 741/1500
vt 0.036627 0.662982
vt 0.043123 0.669418
vt 0.020754 0.707801
vt 0.011880 0.705445
f 707/1501 744/1502 742/1503 705/1504
vt 0.013324 0.496109
vt 0.086624 0.496109
vt 0.086624 0.618174
vt 0.013324 0.618174
f 708/1505 954/1506 955/1507 706/1508
vt 0.043123 0.669418
vt 0.036627 0.662982
vt 0.011880 0.705445
vt 0.020754 0.707801
f 745/1509 959/1510 937/1511 743/1512
vt 0.079489 0.638466
vt 0.081867 0.647258
vt 0.043123 0.669418
vt 0.036627 0.662982
f 709/1513 746/1514 744/1515 707/1516
vt 0.013324 0.496109
vt 0.086624 0.496109
vt 0.086624 0.618174
vt 0.013324 0.618174
f 710/1517 953/1518 954/1519 708/1520
vt 0.081867 0.647258
vt 0.079489 0.638466
vt 0.036627 0.662982
vt 0.043123 0.669418
f 747/1521 958/1522 959/1523 745/1524
vt 0.128983 0.638466
vt 0.126605 0.647258
vt 0.081867 0.647258
vt 0.079489 0.638466
f 711/1525 748/1526 746/1527 709/1528
vt 0.013324 0.496109
vt 0.086624 0.496109
vt 0.086624 0.618174
vt 0.013324 0.618174
f 712/1529 952/1530 953/1531 710/1532
vt 0.126605 0.647258
vt 0.128983 0.638466
vt 0.079489 0.638466
vt 0.081867 0.647258
f 749/1533 956/1534 958/1535 747/1536
vt 0.171845 0.662982
vt 0.165349 0.669418
vt 0.126605 0.647258
vt 0.128983 0.638466
f 713/1537 750/1538 748/1539 711/1540
vt 0.013324 0.496109
vt 0.086624 0.496109
vt 0.086624 0.618174
vt 0.013324 0.618174
f 714/1541 950/1542 951/1543 957/1544
vt 0.165349 0.669418
vt 0.171845 0.662982
vt 0.128983 0.638466
vt 0.126605 0.647258
f 751/1545 960/1546 956/1547 749/1548
vt 0.196592 0.705445
vt 0.187718 0.707801
vt 0.165349 0.669418
vt 0.171845 0.662982
f 715/1549 752/1550 750/1551 713/1552
vt 0.013324 0.496109
vt 0.086624 0.496109
vt 0.086624 0.618174
vt 0.013324 0.618174
f 716/1553 949/1554 950/1555 714/1556
vt 0.187718 0.707801
vt 0.196592 0.705445
vt 0.171845 0.662982
vt 0.165349 0.669418
f 753/1557 961/1558 960/1559 751/1560
vt 0.196592 0.754477
vt 0.187718 0.752122
vt 0.187718 0.707801
vt 0.196592 0.705445
f 719/1561 756/1562 752/1563 715/1564
vt 0.013324 0.496109
vt 0.086624 0.496109
vt 0.086624 0.618174
vt 0.013324 0.618174
f 720/1565 947/1566 948/1567 962/1568
vt 0.187718 0.752121
vt 0.196592 0.754477
vt 0.196592 0.705445
vt 0.187718 0.707801
f 757/1569 963/1570 961/1571 753/1572
vt 0.171845 0.796940
vt 0.165349 0.790504
vt 0.187718 0.752122
vt 0.196592 0.754477
f 717/1573 754/1574 756/1575 719/1576
vt 0.013324 0.496109
vt 0.086624 0.496109
vt 0.086624 0.618174
vt 0.013324 0.618174
f 964/1577 946/1578 947/1579 720/1580
vt 0.165349 0.790504
vt 0.171845 0.796940
vt 0.196592 0.754477
vt 0.187718 0.752121
f 755/1581 718/1582 963/1583 757/1584
vt 0.104236 0.729961
vt 0.139741 0.765135
vt 0.117232 0.778010
f 733/1585 721/1586 732/1587
vt 0.104236 0.729961
vt 0.117232 0.778010
vt 0.091240 0.778010
f 733/1588 732/1589 731/1590
vt 0.104236 0.729961
vt 0.091240 0.778010
vt 0.068731 0.765135
f 733/1591 731/1592 730/1593
vt 0.104236 0.729961
vt 0.068731 0.765135
vt 0.055735 0.742835
f 733/1594 730/1595 729/1596
vt 0.104236 0.729961
vt 0.055735 0.742835
vt 0.055735 0.717086
f 733/1597 729/1598 728/1599
vt 0.104236 0.729961
vt 0.055735 0.717086
vt 0.068731 0.694787
f 733/1600 728/1601 727/1602
vt 0.104236 0.729961
vt 0.068731 0.694787
vt 0.091240 0.681912
f 733/1603 727/1604 726/1605
vt 0.104236 0.729961
vt 0.091240 0.681912
vt 0.117232 0.681912
f 733/1606 726/1607 725/1608
vt 0.104236 0.729961
vt 0.117232 0.681912
vt 0.139741 0.694787
f 733/1609 725/1610 724/1611
vt 0.104236 0.729961
vt 0.139741 0.694787
vt 0.152737 0.717086
f 733/1612 724/1613 723/1614
vt 0.104236 0.729961
vt 0.152737 0.717086
vt 0.152737 0.742836
f 733/1615 723/1616 722/1617
vt 0.104236 0.729961
vt 0.152737 0.742836
vt 0.139741 0.765135
f 733/1618 722/1619 721/1620
vt 0.167949 0.746873
vt 0.150877 0.776167
vt 0.139741 0.765135
vt 0.152737 0.742836
f 769/1621 770/1622 991/1623 990/1624
vt 0.167949 0.713049
vt 0.167949 0.746873
vt 0.152737 0.742836
vt 0.152737 0.717086
f 768/1625 769/1626 990/1627 989/1628
vt 0.150877 0.683755
vt 0.167949 0.713049
vt 0.152737 0.717086
vt 0.139741 0.694787
f 767/1629 768/1630 989/1631 988/1632
vt 0.121308 0.666843
vt 0.150877 0.683755
vt 0.139741 0.694787
vt 0.117232 0.681912
f 766/1633 767/1634 988/1635 987/1636
vt 0.087164 0.666843
vt 0.121308 0.666843
vt 0.117232 0.681912
vt 0.091240 0.681912
f 765/1637 766/1638 987/1639 986/1640
vt 0.057595 0.683755
vt 0.087164 0.666843
vt 0.091240 0.681912
vt 0.068731 0.694787
f 764/1641 765/1642 986/1643 985/1644
vt 0.040524 0.713048
vt 0.057595 0.683755
vt 0.068731 0.694787
vt 0.055735 0.717086
f 763/1645 764/1646 985/1647 984/1648
vt 0.040523 0.746873
vt 0.040524 0.713048
vt 0.055735 0.717086
vt 0.055735 0.742835
f 762/1649 763/1650 984/1651 983/1652
vt 0.057595 0.776167
vt 0.040523 0.746873
vt 0.055735 0.742835
vt 0.068731 0.765135
f 761/1653 762/1654 983/1655 982/1656
vt 0.087164 0.793079
vt 0.057595 0.776167
vt 0.068731 0.765135
vt 0.091240 0.778010
f 760/1657 761/1658 982/1659 981/1660
vt 0.121307 0.793079
vt 0.087164 0.793079
vt 0.091240 0.778010
vt 0.117232 0.778010
f 759/1661 760/1662 981/1663 992/1664
vt 0.150877 0.776167
vt 0.121307 0.793079
vt 0.117232 0.778010
vt 0.139741 0.765135
f 770/1665 759/1666 992/1667 991/1668
vt 0.165349 0.790504
vt 0.139884 0.765276
vt 0.117284 0.778203
vt 0.126605 0.812664
f 971/1669 782/1670 771/1671 970/1672
vt 0.150877 0.776167
vt 0.165349 0.790504
vt 0.126605 0.812664
vt 0.121307 0.793079
f 920/1673 927/1674 926/1675 919/1676
vt 0.081867 0.812664
vt 0.087164 0.793079
vt 0.121307 0.793079
vt 0.126605 0.812664
f 925/1677 918/1678 919/1679 926/1680
vt 0.091188 0.778203
vt 0.081867 0.812664
vt 0.126605 0.812664
vt 0.117284 0.778203
f 772/1681 969/1682 970/1683 771/1684
vt 0.043123 0.790504
vt 0.057595 0.776167
vt 0.087164 0.793079
vt 0.081867 0.812664
f 936/1685 917/1686 918/1687 925/1688
vt 0.068588 0.765276
vt 0.043123 0.790504
vt 0.081867 0.812664
vt 0.091188 0.778203
f 773/1689 980/1690 969/1691 772/1692
vt 0.020754 0.752121
vt 0.040523 0.746873
vt 0.057595 0.776167
vt 0.043123 0.790504
f 935/1693 916/1694 917/1695 936/1696
vt 0.055540 0.742887
vt 0.020754 0.752121
vt 0.043123 0.790504
vt 0.068588 0.765276
f 774/1697 979/1698 980/1699 773/1700
vt 0.020754 0.707801
vt 0.040524 0.713048
vt 0.040523 0.746873
vt 0.020754 0.752121
f 934/1701 915/1702 916/1703 935/1704
vt 0.055540 0.717035
vt 0.020754 0.707801
vt 0.020754 0.752121
vt 0.055540 0.742887
f 775/1705 978/1706 979/1707 774/1708
vt 0.043123 0.669418
vt 0.057595 0.683755
vt 0.040524 0.713048
vt 0.020754 0.707801
f 933/1709 914/1710 915/1711 934/1712
vt 0.068588 0.694645
vt 0.043123 0.669418
vt 0.020754 0.707801
vt 0.055540 0.717035
f 776/1713 977/1714 978/1715 775/1716
vt 0.081867 0.647258
vt 0.087164 0.666843
vt 0.057595 0.683755
vt 0.043123 0.669418
f 932/1717 913/1718 914/1719 933/1720
vt 0.091188 0.681719
vt 0.081867 0.647258
vt 0.043123 0.669418
vt 0.068588 0.694645
f 777/1721 976/1722 977/1723 776/1724
vt 0.126605 0.647258
vt 0.121308 0.666843
vt 0.087164 0.666843
vt 0.081867 0.647258
f 931/1725 924/1726 913/1727 932/1728
vt 0.117284 0.681719
vt 0.126605 0.647258
vt 0.081867 0.647258
vt 0.091188 0.681719
f 778/1729 975/1730 976/1731 777/1732
vt 0.165349 0.669418
vt 0.150877 0.683755
vt 0.121308 0.666843
vt 0.126605 0.647258
f 930/1733 923/1734 924/1735 931/1736
vt 0.139884 0.694645
vt 0.165349 0.669418
vt 0.126605 0.647258
vt 0.117284 0.681719
f 779/1737 974/1738 975/1739 778/1740
vt 0.187718 0.707801
vt 0.167949 0.713049
vt 0.150877 0.683755
vt 0.165349 0.669418
f 929/1741 922/1742 923/1743 930/1744
vt 0.152932 0.717035
vt 0.187718 0.707801
vt 0.165349 0.669418
vt 0.139884 0.694645
f 780/1745 973/1746 974/1747 779/1748
vt 0.187718 0.752122
vt 0.167949 0.746873
vt 0.167949 0.713049
vt 0.187718 0.707801
f 928/1749 921/1750 922/1751 929/1752
vt 0.152932 0.742887
vt 0.187718 0.752121
vt 0.187718 0.707801
vt 0.152932 0.717035
f 781/1753 972/1754 973/1755 780/1756
vt 0.165349 0.790504
vt 0.150877 0.776167
vt 0.167949 0.746873
vt 0.187718 0.752122
f 927/1757 920/1758 921/1759 928/1760
vt 0.139884 0.765276
vt 0.165349 0.790504
vt 0.187718 0.752121
vt 0.152932 0.742887
f 782/1761 971/1762 972/1763 781/1764
vt 0.117284 0.778203
vt 0.139884 0.765276
vt 0.104236 0.729961
f 771/1765 782/1766 758/1767
vt 0.104236 0.729961
vt 0.091188 0.778203
vt 0.117284 0.778203
f 758/1768 772/1769 771/1770
vt 0.104236 0.729961
vt 0.068588 0.765276
vt 0.091188 0.778203
f 758/1771 773/1772 772/1773
vt 0.104236 0.729961
vt 0.055540 0.742887
vt 0.068588 0.765276
f 758/1774 774/1775 773/1776
vt 0.104236 0.729961
vt 0.055540 0.717035
vt 0.055540 0.742887
f 758/1777 775/1778 774/1779
vt 0.104236 0.729961
vt 0.068588 0.694645
vt 0.055540 0.717035
f 758/1780 776/1781 775/1782
vt 0.104236 0.729961
vt 0.091188 0.681719
vt 0.068588 0.694645
f 758/1783 777/1784 776/1785
vt 0.104236 0.729961
vt 0.117284 0.681719
vt 0.091188 0.681719
f 758/1786 778/1787 777/1788
vt 0.104236 0.729961
vt 0.139884 0.694645
vt 0.117284 0.681719
f 758/1789 779/1790 778/1791
vt 0.104236 0.729961
vt 0.152932 0.717035
vt 0.139884 0.694645
f 758/1792 780/1793 779/1794
vt 0.104236 0.729961
vt 0.152932 0.742887
vt 0.152932 0.717035
f 758/1795 781/1796 780/1797
vt 0.104236 0.729961
vt 0.139884 0.765276
vt 0.152932 0.742887
f 758/1798 782/1799 781/1800
vt 0.104236 0.729961
vt 0.139884 0.765276
vt 0.152932 0.742887
f 807/1801 783/1802 784/1803
vt 0.104236 0.729961
vt 0.152932 0.742887
vt 0.152932 0.717035
f 807/1804 784/1805 785/1806
vt 0.104236 0.729961
vt 0.152932 0.717035
vt 0.139884 0.694645
f 807/1807 785/1808 786/1809
vt 0.104236 0.729961
vt 0.139884 0.694645
vt 0.117284 0.681719
f 807/1810 786/1811 787/1812
vt 0.104236 0.729961
vt 0.117284 0.681719
vt 0.091188 0.681719
f 807/1813 787/1814 788/1815
vt 0.104236 0.729961
vt 0.091188 0.681719
vt 0.068588 0.694645
f 807/1816 788/1817 789/1818
vt 0.104236 0.729961
vt 0.068588 0.694645
vt 0.055540 0.717035
f 807/1819 789/1820 790/1821
vt 0.104236 0.729961
vt 0.055540 0.717035
vt 0.055540 0.742887
f 807/1822 790/1823 791/1824
vt 0.104236 0.729961
vt 0.055540 0.742887
vt 0.068588 0.765276
f 807/1825 791/1826 792/1827
vt 0.104236 0.729961
vt 0.068588 0.765276
vt 0.091188 0.778203
f 807/1828 792/1829 793/1830
vt 0.104236 0.729961
vt 0.091188 0.778203
vt 0.117284 0.778203
f 807/1831 793/1832 794/1833
vt 0.117284 0.778203
vt 0.139884 0.765276
vt 0.104236 0.729961
f 794/1834 783/1835 807/1836
vt 0.139884 0.765276
vt 0.165349 0.790504
vt 0.187718 0.752121
vt 0.152932 0.742887
f 783/1837 810/1838 808/1839 784/1840
vt 0.165349 0.790504
vt 0.150877 0.776167
vt 0.167949 0.746873
vt 0.187718 0.752122
f 811/1841 795/1842 796/1843 809/1844
vt 0.152932 0.742887
vt 0.187718 0.752121
vt 0.187718 0.707801
vt 0.152932 0.717035
f 784/1845 808/1846 812/1847 785/1848
vt 0.187718 0.752122
vt 0.167949 0.746873
vt 0.167949 0.713049
vt 0.187718 0.707801
f 809/1849 796/1850 797/1851 813/1852
vt 0.152932 0.717035
vt 0.187718 0.707801
vt 0.165349 0.669418
vt 0.139884 0.694645
f 785/1853 812/1854 814/1855 786/1856
vt 0.187718 0.707801
vt 0.167949 0.713049
vt 0.150877 0.683755
vt 0.165349 0.669418
f 813/1857 797/1858 798/1859 815/1860
vt 0.139884 0.694645
vt 0.165349 0.669418
vt 0.126605 0.647258
vt 0.117284 0.681719
f 786/1861 814/1862 816/1863 787/1864
vt 0.165349 0.669418
vt 0.150877 0.683755
vt 0.121308 0.666843
vt 0.126605 0.647258
f 815/1865 798/1866 799/1867 817/1868
vt 0.117284 0.681719
vt 0.126605 0.647258
vt 0.081867 0.647258
vt 0.091188 0.681719
f 787/1869 816/1870 818/1871 788/1872
vt 0.126605 0.647258
vt 0.121308 0.666843
vt 0.087164 0.666843
vt 0.081867 0.647258
f 817/1873 799/1874 800/1875 819/1876
vt 0.091188 0.681719
vt 0.081867 0.647258
vt 0.043123 0.669418
vt 0.068588 0.694645
f 788/1877 818/1878 820/1879 789/1880
vt 0.081867 0.647258
vt 0.087164 0.666843
vt 0.057595 0.683755
vt 0.043123 0.669418
f 819/1881 800/1882 801/1883 821/1884
vt 0.068588 0.694645
vt 0.043123 0.669418
vt 0.020754 0.707801
vt 0.055540 0.717035
f 789/1885 820/1886 822/1887 790/1888
vt 0.043123 0.669418
vt 0.057595 0.683755
vt 0.040524 0.713048
vt 0.020754 0.707801
f 821/1889 801/1890 802/1891 823/1892
vt 0.055540 0.717035
vt 0.020754 0.707801
vt 0.020754 0.752121
vt 0.055540 0.742887
f 790/1893 822/1894 824/1895 791/1896
vt 0.020754 0.707801
vt 0.040524 0.713048
vt 0.040523 0.746873
vt 0.020754 0.752121
f 823/1897 802/1898 803/1899 825/1900
vt 0.055540 0.742887
vt 0.020754 0.752121
vt 0.043123 0.790504
vt 0.068588 0.765276
f 791/1901 824/1902 826/1903 792/1904
vt 0.020754 0.752121
vt 0.040523 0.746873
vt 0.057595 0.776167
vt 0.043123 0.790504
f 825/1905 803/1906 804/1907 827/1908
vt 0.068588 0.765276
vt 0.043123 0.790504
vt 0.081867 0.812664
vt 0.091188 0.778203
f 792/1909 826/1910 828/1911 793/1912
vt 0.043123 0.790504
vt 0.057595 0.776167
vt 0.087164 0.793079
vt 0.081867 0.812664
f 827/1913 804/1914 805/1915 829/1916
vt 0.091188 0.778203
vt 0.081867 0.812664
vt 0.126605 0.812664
vt 0.117284 0.778203
f 793/1917 828/1918 830/1919 794/1920
vt 0.081867 0.812664
vt 0.087164 0.793079
vt 0.121307 0.793079
vt 0.126605 0.812664
f 829/1921 805/1922 806/1923 831/1924
vt 0.150877 0.776167
vt 0.165349 0.790504
vt 0.126605 0.812664
vt 0.121307 0.793079
f 795/1925 811/1926 831/1927 806/1928
vt 0.165349 0.790504
vt 0.139884 0.765276
vt 0.117284 0.778203
vt 0.126605 0.812664
f 810/1929 783/1930 794/1931 830/1932
vt 0.150877 0.776167
vt 0.121307 0.793079
vt 0.117232 0.778010
vt 0.139741 0.765135
f 903/1933 904/1934 833/1935 844/1936
vt 0.121307 0.793079
vt 0.087164 0.793079
vt 0.091240 0.778010
vt 0.117232 0.778010
f 904/1937 905/1938 834/1939 833/1940
vt 0.087164 0.793079
vt 0.057595 0.776167
vt 0.068731 0.765135
vt 0.091240 0.778010
f 905/1941 906/1942 835/1943 834/1944
vt 0.057595 0.776167
vt 0.040523 0.746873
vt 0.055735 0.742835
vt 0.068731 0.765135
f 906/1945 907/1946 836/1947 835/1948
vt 0.040523 0.746873
vt 0.040524 0.713048
vt 0.055735 0.717086
vt 0.055735 0.742835
f 907/1949 908/1950 837/1951 836/1952
vt 0.040524 0.713048
vt 0.057595 0.683755
vt 0.068731 0.694787
vt 0.055735 0.717086
f 908/1953 909/1954 838/1955 837/1956
vt 0.057595 0.683755
vt 0.087164 0.666843
vt 0.091240 0.681912
vt 0.068731 0.694787
f 909/1957 910/1958 839/1959 838/1960
vt 0.087164 0.666843
vt 0.121308 0.666843
vt 0.117232 0.681912
vt 0.091240 0.681912
f 910/1961 911/1962 840/1963 839/1964
vt 0.121308 0.666843
vt 0.150877 0.683755
vt 0.139741 0.694787
vt 0.117232 0.681912
f 911/1965 912/1966 841/1967 840/1968
vt 0.150877 0.683755
vt 0.167949 0.713049
vt 0.152737 0.717086
vt 0.139741 0.694787
f 912/1969 901/1970 842/1971 841/1972
vt 0.167949 0.713049
vt 0.167949 0.746873
vt 0.152737 0.742836
vt 0.152737 0.717086
f 901/1973 902/1974 843/1975 842/1976
vt 0.167949 0.746873
vt 0.150877 0.776167
vt 0.139741 0.765135
vt 0.152737 0.742836
f 902/1977 903/1978 844/1979 843/1980
vt 0.104236 0.729961
vt 0.152737 0.742836
vt 0.139741 0.765135
f 832/1981 1019/1982 1018/1983
vt 0.104236 0.729961
vt 0.152737 0.717086
vt 0.152737 0.742836
f 832/1984 1020/1985 1019/1986
vt 0.104236 0.729961
vt 0.139741 0.694787
vt 0.152737 0.717086
f 832/1987 1021/1988 1020/1989
vt 0.104236 0.729961
vt 0.117232 0.681912
vt 0.139741 0.694787
f 832/1990 1022/1991 1021/1992
vt 0.104236 0.729961
vt 0.091240 0.681912
vt 0.117232 0.681912
f 832/1993 1023/1994 1022/1995
vt 0.104236 0.729961
vt 0.068731 0.694787
vt 0.091240 0.681912
f 832/1996 1024/1997 1023/1998
vt 0.104236 0.729961
vt 0.055735 0.717086
vt 0.068731 0.694787
f 832/1999 1025/2000 1024/2001
vt 0.104236 0.729961
vt 0.055735 0.742835
vt 0.055735 0.717086
f 832/2002 1026/2003 1025/2004
vt 0.104236 0.729961
vt 0.068731 0.765135
vt 0.055735 0.742835
f 832/2005 1027/2006 1026/2007
vt 0.104236 0.729961
vt 0.091240 0.778010
vt 0.068731 0.765135
f 832/2008 1028/2009 1027/2010
vt 0.104236 0.729961
vt 0.117232 0.778010
vt 0.091240 0.778010
f 832/2011 1017/2012 1028/2013
vt 0.104236 0.729961
vt 0.139741 0.765135
vt 0.117232 0.778010
f 832/2014 1018/2015 1017/2016
vt 0.165349 0.790504
vt 0.171845 0.796940
vt 0.196592 0.754477
vt 0.187718 0.752121
f 1016/2017 883/2018 845/2019 1005/2020
vt 0.013324 0.496109
vt 0.086624 0.496109
vt 0.086624 0.618174
vt 0.013324 0.618174
f 847/2021 888/2022 846/2023 882/2024
vt 0.171845 0.796940
vt 0.165349 0.790504
vt 0.187718 0.752122
vt 0.196592 0.754477
f 848/2025 1002/2026 1001/2027 887/2028
vt 0.187718 0.752121
vt 0.196592 0.754477
vt 0.196592 0.705445
vt 0.187718 0.707801
f 1005/2029 845/2030 849/2031 1006/2032
vt 0.013324 0.496109
vt 0.086624 0.496109
vt 0.086624 0.618174
vt 0.013324 0.618174
f 882/2033 846/2034 850/2035 881/2036
vt 0.196592 0.754477
vt 0.187718 0.752122
vt 0.187718 0.707801
vt 0.196592 0.705445
f 887/2037 1001/2038 1000/2039 885/2040
vt 0.187718 0.707801
vt 0.196592 0.705445
vt 0.171845 0.662982
vt 0.165349 0.669418
f 1006/2041 849/2042 851/2043 1007/2044
vt 0.013324 0.496109
vt 0.086624 0.496109
vt 0.086624 0.618174
vt 0.013324 0.618174
f 880/2045 886/2046 852/2047 879/2048
vt 0.196592 0.705445
vt 0.187718 0.707801
vt 0.165349 0.669418
vt 0.171845 0.662982
f 885/2049 1000/2050 999/2051 900/2052
vt 0.165349 0.669418
vt 0.171845 0.662982
vt 0.128983 0.638466
vt 0.126605 0.647258
f 1007/2053 851/2054 853/2055 1008/2056
vt 0.013324 0.496109
vt 0.086624 0.496109
vt 0.086624 0.618174
vt 0.013324 0.618174
f 879/2057 852/2058 899/2059 878/2060
vt 0.171845 0.662982
vt 0.165349 0.669418
vt 0.126605 0.647258
vt 0.128983 0.638466
f 900/2061 999/2062 998/2063 898/2064
vt 0.126605 0.647258
vt 0.128983 0.638466
vt 0.079489 0.638466
vt 0.081867 0.647258
f 1008/2065 853/2066 855/2067 1009/2068
vt 0.013324 0.496109
vt 0.086624 0.496109
vt 0.086624 0.618174
vt 0.013324 0.618174
f 877/2069 854/2070 856/2071 876/2072
vt 0.128983 0.638466
vt 0.126605 0.647258
vt 0.081867 0.647258
vt 0.079489 0.638466
f 898/2073 998/2074 997/2075 897/2076
vt 0.081867 0.647258
vt 0.079489 0.638466
vt 0.036627 0.662982
vt 0.043123 0.669418
f 1009/2077 855/2078 857/2079 1010/2080
vt 0.013324 0.496109
vt 0.086624 0.496109
vt 0.086624 0.618174
vt 0.013324 0.618174
f 876/2081 856/2082 858/2083 875/2084
vt 0.079489 0.638466
vt 0.081867 0.647258
vt 0.043123 0.669418
vt 0.036627 0.662982
f 897/2085 997/2086 996/2087 896/2088
vt 0.043123 0.669418
vt 0.036627 0.662982
vt 0.011880 0.705445
vt 0.020754 0.707801
f 1010/2089 857/2090 859/2091 1011/2092
vt 0.013324 0.496109
vt 0.086624 0.496109
vt 0.086624 0.618174
vt 0.013324 0.618174
f 875/2093 858/2094 860/2095 874/2096
vt 0.036627 0.662982
vt 0.043123 0.669418
vt 0.020754 0.707801
vt 0.011880 0.705445
f 896/2097 996/2098 995/2099 895/2100
vt 0.020754 0.707801
vt 0.011880 0.705445
vt 0.011880 0.754477
vt 0.020754 0.752121
f 1011/2101 859/2102 861/2103 1012/2104
vt 0.013324 0.496109
vt 0.086624 0.496109
vt 0.086624 0.618174
vt 0.013324 0.618174
f 874/2105 860/2106 894/2107 873/2108
vt 0.011880 0.705445
vt 0.020754 0.707801
vt 0.020754 0.752121
vt 0.011880 0.754477
f 895/2109 995/2110 994/2111 893/2112
vt 0.020754 0.752121
vt 0.011880 0.754477
vt 0.036627 0.796940
vt 0.043123 0.790504
f 1012/2113 861/2114 863/2115 1013/2116
vt 0.013324 0.496109
vt 0.086624 0.496109
vt 0.086624 0.618174
vt 0.013324 0.618174
f 872/2117 862/2118 864/2119 871/2120
vt 0.011880 0.754477
vt 0.020754 0.752121
vt 0.043123 0.790504
vt 0.036626 0.796940
f 893/2121 994/2122 993/2123 892/2124
vt 0.043123 0.790504
vt 0.036627 0.796940
vt 0.079489 0.821456
vt 0.081867 0.812664
f 1013/2125 863/2126 865/2127 1014/2128
vt 0.013324 0.496109
vt 0.086624 0.496109
vt 0.086624 0.618174
vt 0.013324 0.618174
f 871/2129 864/2130 891/2131 870/2132
vt 0.036626 0.796940
vt 0.043123 0.790504
vt 0.081867 0.812664
vt 0.079489 0.821456
f 892/2133 993/2134 1004/2135 890/2136
vt 0.081867 0.812664
vt 0.079489 0.821456
vt 0.128982 0.821456
vt 0.126605 0.812664
f 1014/2137 865/2138 884/2139 1015/2140
vt 0.086624 0.618174
vt 0.013324 0.618174
vt 0.013324 0.496109
vt 0.086624 0.496109
f 868/2141 867/2142 869/2143 866/2144
vt 0.126605 0.812664
vt 0.128982 0.821456
vt 0.079489 0.821456
vt 0.081867 0.812664
f 1003/2145 889/2146 890/2147 1004/2148
vt 0.128982 0.821456
vt 0.126605 0.812664
vt 0.165349 0.790504
vt 0.171845 0.796940
f 889/2149 1003/2150 1002/2151 848/2152
vt 0.013324 0.496109
vt 0.086624 0.496109
vt 0.086624 0.618174
vt 0.013324 0.618174
f 867/2153 868/2154 888/2155 847/2156
vt 0.171845 0.796940
vt 0.165349 0.790504
vt 0.126605 0.812664
vt 0.128982 0.821456
f 883/2157 1016/2158 1015/2159 884/2160
vt 0.102512 0.877699
vt 0.102512 0.867875
vt 0.102818 0.867875
vt 0.102818 0.877699
f 1029/2161 1041/2162 1042/2163 1030/2164
vt 0.102818 0.877699
vt 0.102818 0.867875
vt 0.102795 0.867875
vt 0.102795 0.877699
f 1030/2165 1042/2166 1043/2167 1031/2168
vt 0.102795 0.877699
vt 0.102795 0.867875
vt 0.102450 0.867875
vt 0.102450 0.877699
f 1031/2169 1043/2170 1044/2171 1032/2172
vt 0.102450 0.877699
vt 0.102450 0.867875
vt 0.101875 0.867875
vt 0.101875 0.877699
f 2107/2173 2108/2174 1045/2175 1033/2176
vt 0.024242 0.877699
vt 0.024242 0.867876
vt 0.023957 0.867876
vt 0.023957 0.877699
f 1034/2177 1046/2178 1047/2179 1035/2180
vt 0.023957 0.877699
vt 0.023957 0.867876
vt 0.023799 0.867876
vt 0.023799 0.877699
f 2013/2181 2014/2182 1048/2183 1036/2184
vt 0.023799 0.877699
vt 0.023799 0.867876
vt 0.023811 0.867876
vt 0.023811 0.877699
f 2085/2185 2086/2186 1049/2187 1037/2188
vt 0.023811 0.877699
vt 0.023811 0.867876
vt 0.023989 0.867876
vt 0.023989 0.877699
f 1037/2189 1049/2190 1050/2191 1038/2192
vt 0.023989 0.877699
vt 0.023989 0.867876
vt 0.024286 0.867876
vt 0.024286 0.877699
f 2117/2193 2118/2194 1051/2195 1039/2196
vt 0.024286 0.877699
vt 0.024286 0.867876
vt 0.101960 0.867875
vt 0.101960 0.877699
f 2067/2197 2068/2198 1052/2199 1040/2200
vt 0.102512 0.867875
vt 0.102512 0.877699
vt 0.101960 0.877699
vt 0.101960 0.867875
f 2102/2201 2101/2202 1040/2203 1052/2204
vt 0.101875 0.867875
vt 0.100364 0.867878
vt 0.100364 0.877697
vt 0.101875 0.877699
f 2100/2205 1054/2206 1053/2207 2099/2208
vt 0.100364 0.867878
vt 0.024242 0.867876
vt 0.024242 0.877699
vt 0.100364 0.877697
f 2010/2209 2018/2210 2017/2211 2009/2212
vt 0.160571 0.137365
vt 0.160571 0.137365
vt 0.170573 0.135446
vt 0.170573 0.135446
f 1056/2213 1055/2214 1057/2215 1058/2216
vt 0.170573 0.135446
vt 0.170379 0.134435
vt 0.170379 0.134435
vt 0.170573 0.135446
f 1986/2217 1060/2218 1059/2219 1984/2220
vt 0.170573 0.135446
vt 0.170379 0.134435
vt 0.160377 0.136355
vt 0.160571 0.137365
f 1983/2221 1990/2222 1061/2223 1982/2224
vt 0.160571 0.137365
vt 0.160377 0.136355
vt 0.170379 0.134435
vt 0.170573 0.135446
f 1979/2225 1994/2226 1988/2227 1985/2228
vt 0.160377 0.136355
vt 0.160571 0.137365
vt 0.160571 0.137365
vt 0.160377 0.136355
f 1062/2229 1980/2230 1981/2231 1992/2232
vt 0.160377 0.136355
vt 0.170379 0.134435
vt 0.170379 0.134435
vt 0.160377 0.136355
f 1991/2233 1989/2234 1987/2235 1993/2236
vt 0.160377 0.136355
vt 0.170379 0.134435
vt 0.170379 0.134435
vt 0.160377 0.136355
f 1064/2237 1066/2238 1065/2239 1063/2240
vt 0.160377 0.136355
vt 0.160571 0.137365
vt 0.160571 0.137365
vt 0.160377 0.136355
f 2026/2241 1070/2242 1069/2243 2024/2244
vt 0.160571 0.137365
vt 0.160377 0.136355
vt 0.170379 0.134435
vt 0.170573 0.135446
f 2036/2245 2025/2246 2028/2247 2034/2248
vt 0.170573 0.135446
vt 0.170379 0.134435
vt 0.160377 0.136355
vt 0.160571 0.137365
f 1067/2249 2030/2250 2023/2251 2022/2252
vt 0.170573 0.135446
vt 0.170379 0.134435
vt 0.170379 0.134435
vt 0.170573 0.135446
f 1068/2253 2027/2254 2029/2255 2032/2256
vt 0.160571 0.137365
vt 0.160571 0.137365
vt 0.170573 0.135446
vt 0.170573 0.135446
f 2021/2257 2035/2258 2033/2259 2031/2260
vt 0.172040 0.134773
vt 0.288932 0.130701
vt 0.288932 0.130701
vt 0.172040 0.134773
f 1080/2261 1071/2262 1072/2263 1079/2264
vt 0.172040 0.134773
vt 0.159123 0.137251
vt 0.159123 0.137251
vt 0.172040 0.134773
f 1079/2265 1625/2266 1602/2267 1080/2268
vt 0.289078 0.134885
vt 0.172186 0.138956
vt 0.172186 0.138956
vt 0.289078 0.134885
f 1611/2269 1082/2270 1081/2271 1617/2272
vt 0.172186 0.138956
vt 0.159198 0.139409
vt 0.159198 0.139409
vt 0.172186 0.138956
f 1082/2273 1078/2274 1077/2275 1081/2276
vt 0.289078 0.134885
vt 0.172186 0.138956
vt 0.172040 0.134773
vt 0.288932 0.130701
f 1076/2277 1616/2278 1624/2279 1623/2280
vt 0.172186 0.138956
vt 0.159198 0.139409
vt 0.159123 0.137251
vt 0.172040 0.134773
f 1616/2281 1615/2282 1073/2283 1624/2284
vt 0.288932 0.130701
vt 0.172040 0.134773
vt 0.172186 0.138956
vt 0.289078 0.134885
f 1600/2285 1601/2286 1610/2287 1075/2288
vt 0.172040 0.134773
vt 0.159123 0.137251
vt 0.159198 0.139409
vt 0.172186 0.138956
f 1601/2289 1074/2290 1609/2291 1610/2292
vt 0.158318 0.138025
vt 0.158341 0.138693
vt 0.158341 0.138693
vt 0.158318 0.138025
f 1620/2293 1084/2294 1606/2295 1085/2296
vt 0.290531 0.132137
vt 0.290573 0.133342
vt 0.290573 0.133342
vt 0.290531 0.132137
f 1090/2297 1088/2298 1087/2299 1089/2300
vt 0.289942 0.131230
vt 0.288932 0.130701
vt 0.289078 0.134885
vt 0.290048 0.134287
f 1092/2301 1600/2302 1075/2303 1091/2304
vt 0.290048 0.134287
vt 0.290573 0.133342
vt 0.290531 0.132137
vt 0.289942 0.131230
f 1091/2305 1596/2306 1598/2307 1092/2308
vt 0.288932 0.130701
vt 0.289942 0.131230
vt 0.290048 0.134287
vt 0.289078 0.134885
f 1623/2309 1093/2310 1094/2311 1076/2312
vt 0.289942 0.131230
vt 0.290531 0.132137
vt 0.290573 0.133342
vt 0.290048 0.134287
f 1093/2313 1592/2314 1594/2315 1094/2316
vt 0.289078 0.134885
vt 0.290048 0.134287
vt 0.290048 0.134287
vt 0.289078 0.134885
f 1617/2317 1618/2318 1612/2319 1611/2320
vt 0.290048 0.134287
vt 0.290573 0.133342
vt 0.290573 0.133342
vt 0.290048 0.134287
f 1618/2321 1593/2322 1595/2323 1612/2324
vt 0.288932 0.130701
vt 0.289942 0.131230
vt 0.289942 0.131230
vt 0.288932 0.130701
f 1071/2325 1599/2326 1622/2327 1072/2328
vt 0.289942 0.131230
vt 0.290531 0.132137
vt 0.290531 0.132137
vt 0.289942 0.131230
f 1599/2329 1597/2330 1591/2331 1622/2332
vt 0.159123 0.137251
vt 0.158555 0.137531
vt 0.158612 0.139170
vt 0.159198 0.139409
f 1074/2333 1095/2334 1096/2335 1609/2336
vt 0.158555 0.137531
vt 0.158318 0.138025
vt 0.158341 0.138693
vt 0.158612 0.139170
f 1095/2337 1605/2338 1083/2339 1096/2340
vt 0.159198 0.139409
vt 0.158612 0.139170
vt 0.158555 0.137531
vt 0.159123 0.137251
f 1615/2341 1097/2342 1098/2343 1073/2344
vt 0.158612 0.139170
vt 0.158341 0.138693
vt 0.158318 0.138025
vt 0.158555 0.137531
f 1097/2345 1619/2346 1086/2347 1098/2348
vt 0.159198 0.139409
vt 0.158612 0.139170
vt 0.158612 0.139170
vt 0.159198 0.139409
f 1078/2349 1608/2350 1614/2351 1077/2352
vt 0.158612 0.139170
vt 0.158341 0.138693
vt 0.158341 0.138693
vt 0.158612 0.139170
f 1607/2353 1606/2354 1084/2355 1613/2356
vt 0.159123 0.137251
vt 0.158555 0.137531
vt 0.158555 0.137531
vt 0.159123 0.137251
f 1625/2357 1626/2358 1604/2359 1602/2360
vt 0.158555 0.137531
vt 0.158318 0.138025
vt 0.158318 0.138025
vt 0.158555 0.137531
f 1621/2361 1620/2362 1085/2363 1603/2364
vt 0.158555 0.137531
vt 0.158318 0.138025
vt 0.158318 0.138025
vt 0.158555 0.137531
f 1099/2365 1111/2366 1489/2367 1102/2368
vt 0.159123 0.137251
vt 0.158555 0.137531
vt 0.158555 0.137531
vt 0.159123 0.137251
f 1502/2369 1486/2370 1488/2371 1491/2372
vt 0.158612 0.139170
vt 0.158341 0.138693
vt 0.158341 0.138693
vt 0.158612 0.139170
f 1101/2373 1490/2374 1483/2375 1100/2376
vt 0.159198 0.139409
vt 0.158612 0.139170
vt 0.158612 0.139170
vt 0.159198 0.139409
f 1119/2377 1480/2378 1482/2379 1508/2380
vt 0.158612 0.139170
vt 0.158341 0.138693
vt 0.158318 0.138025
vt 0.158555 0.137531
f 1481/2381 1113/2382 1484/2383 1485/2384
vt 0.159198 0.139409
vt 0.158612 0.139170
vt 0.158555 0.137531
vt 0.159123 0.137251
f 1120/2385 1481/2386 1485/2387 1124/2388
vt 0.158555 0.137531
vt 0.158318 0.138025
vt 0.158341 0.138693
vt 0.158612 0.139170
f 1487/2389 1112/2390 1114/2391 1479/2392
vt 0.159123 0.137251
vt 0.158555 0.137531
vt 0.158612 0.139170
vt 0.159198 0.139409
f 1123/2393 1487/2394 1479/2395 1478/2396
vt 0.289942 0.131230
vt 0.290531 0.132137
vt 0.290531 0.132137
vt 0.289942 0.131230
f 1105/2397 1107/2398 1108/2399 1104/2400
vt 0.288932 0.130701
vt 0.289942 0.131230
vt 0.289942 0.131230
vt 0.288932 0.130701
f 1126/2401 1105/2402 1104/2403 1500/2404
vt 0.290048 0.134287
vt 0.290573 0.133342
vt 0.290573 0.133342
vt 0.290048 0.134287
f 1103/2405 1110/2406 1109/2407 1106/2408
vt 0.289078 0.134885
vt 0.290048 0.134287
vt 0.290048 0.134287
vt 0.289078 0.134885
f 1506/2409 1103/2410 1106/2411 1476/2412
vt 0.289942 0.131230
vt 0.290531 0.132137
vt 0.290573 0.133342
vt 0.290048 0.134287
f 1499/2413 1498/2414 1504/2415 1505/2416
vt 0.288932 0.130701
vt 0.289942 0.131230
vt 0.290048 0.134287
vt 0.289078 0.134885
f 1125/2417 1499/2418 1505/2419 1121/2420
vt 0.290048 0.134287
vt 0.290573 0.133342
vt 0.290531 0.132137
vt 0.289942 0.131230
f 1475/2421 1510/2422 1496/2423 1494/2424
vt 0.289942 0.131230
vt 0.288932 0.130701
vt 0.289078 0.134885
vt 0.290048 0.134287
f 1494/2425 1493/2426 1122/2427 1475/2428
vt 0.290531 0.132137
vt 0.290573 0.133342
vt 0.290573 0.133342
vt 0.290531 0.132137
f 1495/2429 1509/2430 1503/2431 1497/2432
vt 0.158318 0.138025
vt 0.158341 0.138693
vt 0.158341 0.138693
vt 0.158318 0.138025
f 1111/2433 1483/2434 1490/2435 1489/2436
vt 0.172040 0.134773
vt 0.159123 0.137251
vt 0.159198 0.139409
vt 0.172186 0.138956
f 1117/2437 1123/2438 1478/2439 1115/2440
vt 0.288932 0.130701
vt 0.172040 0.134773
vt 0.172186 0.138956
vt 0.289078 0.134885
f 1493/2441 1117/2442 1115/2443 1122/2444
vt 0.172186 0.138956
vt 0.159198 0.139409
vt 0.159123 0.137251
vt 0.172040 0.134773
f 1116/2445 1120/2446 1124/2447 1118/2448
vt 0.289078 0.134885
vt 0.172186 0.138956
vt 0.172040 0.134773
vt 0.288932 0.130701
f 1121/2449 1116/2450 1118/2451 1125/2452
vt 0.172186 0.138956
vt 0.159198 0.139409
vt 0.159198 0.139409
vt 0.172186 0.138956
f 1477/2453 1119/2454 1508/2455 1507/2456
vt 0.289078 0.134885
vt 0.172186 0.138956
vt 0.172186 0.138956
vt 0.289078 0.134885
f 1476/2457 1477/2458 1507/2459 1506/2460
vt 0.172040 0.134773
vt 0.159123 0.137251
vt 0.159123 0.137251
vt 0.172040 0.134773
f 1501/2461 1502/2462 1491/2463 1492/2464
vt 0.172040 0.134773
vt 0.288932 0.130701
vt 0.288932 0.130701
vt 0.172040 0.134773
f 1492/2465 1126/2466 1500/2467 1501/2468
vt 0.268554 0.131808
vt 0.268560 0.131981
vt 0.268560 0.131981
vt 0.268554 0.131808
f 1127/2469 1129/2470 1130/2471 1128/2472
vt 0.268554 0.131808
vt 0.268560 0.131981
vt 0.268644 0.134405
vt 0.268644 0.134405
f 1128/2473 1130/2474 1131/2475 1132/2476
vt 0.268554 0.131808
vt 0.268644 0.134405
vt 0.163008 0.138084
vt 0.162918 0.135487
f 2040/2477 2042/2478 2056/2479 1137/2480
vt 0.268554 0.131808
vt 0.268554 0.131808
vt 0.162918 0.135487
vt 0.162918 0.135487
f 2038/2481 2039/2482 2058/2483 1138/2484
vt 0.230746 0.134801
vt 0.230746 0.134801
vt 0.178592 0.136617
vt 0.178592 0.136617
f 2041/2485 2044/2486 2054/2487 1133/2488
vt 0.268644 0.134405
vt 0.268560 0.131981
vt 0.162924 0.135660
vt 0.163008 0.138084
f 2043/2489 2046/2490 2052/2491 1134/2492
vt 0.268560 0.131981
vt 0.268560 0.131981
vt 0.162924 0.135660
vt 0.162924 0.135660
f 2045/2493 2048/2494 1136/2495 1135/2496
vt 0.268560 0.131981
vt 0.268554 0.131808
vt 0.162918 0.135487
vt 0.162924 0.135660
f 2047/2497 2037/2498 2060/2499 2050/2500
vt 0.162924 0.135660
vt 0.162924 0.135660
vt 0.162918 0.135487
vt 0.162918 0.135487
f 2051/2501 2049/2502 2059/2503 2057/2504
vt 0.163008 0.138084
vt 0.162924 0.135660
vt 0.162918 0.135487
vt 0.163008 0.138084
f 2053/2505 2051/2506 2057/2507 2055/2508
vt 0.268644 0.134405
vt 0.268560 0.131981
vt 0.268554 0.131808
vt 0.268644 0.134405
f 1143/2509 1142/2510 1140/2511 1144/2512
vt 0.268560 0.131981
vt 0.268560 0.131981
vt 0.268554 0.131808
vt 0.268554 0.131808
f 1142/2513 1141/2514 1139/2515 1140/2516
vt 0.162924 0.135660
vt 0.162918 0.135487
vt 0.268554 0.131808
vt 0.268560 0.131981
f 1148/2517 1150/2518 1572/2519 1570/2520
vt 0.162924 0.135660
vt 0.162924 0.135660
vt 0.268560 0.131981
vt 0.268560 0.131981
f 1147/2521 1568/2522 1569/2523 1580/2524
vt 0.163008 0.138084
vt 0.162924 0.135660
vt 0.268560 0.131981
vt 0.268644 0.134405
f 1146/2525 1582/2526 1579/2527 1578/2528
vt 0.178592 0.136617
vt 0.178592 0.136617
vt 0.230746 0.134801
vt 0.230746 0.134801
f 1145/2529 1584/2530 1577/2531 1576/2532
vt 0.162918 0.135487
vt 0.162918 0.135487
vt 0.268554 0.131808
vt 0.268554 0.131808
f 1590/2533 1588/2534 1574/2535 1571/2536
vt 0.162918 0.135487
vt 0.163008 0.138084
vt 0.268644 0.134405
vt 0.268554 0.131808
f 1149/2537 1586/2538 1575/2539 1573/2540
vt 0.162918 0.135487
vt 0.162924 0.135660
vt 0.163008 0.138084
vt 0.163008 0.138084
f 1587/2541 1581/2542 1583/2543 1585/2544
vt 0.162918 0.135487
vt 0.162924 0.135660
vt 0.162924 0.135660
vt 0.162918 0.135487
f 1589/2545 1567/2546 1581/2547 1587/2548
vt 0.063946 0.391568
vt 0.063946 0.391568
vt 0.063128 0.391887
vt 0.063128 0.391887
f 1151/2549 1152/2550 1153/2551 1154/2552
vt 0.063946 0.391568
vt 0.072251 0.412895
vt 0.072251 0.412895
vt 0.063946 0.391568
f 2074/2553 1155/2554 1156/2555 2076/2556
vt 0.063946 0.391568
vt 0.072251 0.412895
vt 0.071433 0.413214
vt 0.063128 0.391887
f 2075/2557 2083/2558 1157/2559 2078/2560
vt 0.063128 0.391887
vt 0.071433 0.413214
vt 0.071433 0.413214
vt 0.063128 0.391887
f 2077/2561 2082/2562 1158/2563 2080/2564
vt 0.072251 0.412895
vt 0.063946 0.391568
vt 0.063128 0.391887
vt 0.071433 0.413214
f 2084/2565 2073/2566 2079/2567 2081/2568
vt 0.098150 0.402811
vt 0.098150 0.402811
vt 0.099078 0.402308
vt 0.099078 0.402308
f 1511/2569 1162/2570 1163/2571 1513/2572
vt 0.098468 0.403628
vt 0.098150 0.402811
vt 0.099078 0.402308
vt 0.099763 0.402857
f 1564/2573 1161/2574 1164/2575 1523/2576
vt 0.098468 0.403628
vt 0.098468 0.403628
vt 0.099763 0.402857
vt 0.099763 0.402857
f 1159/2577 1160/2578 1522/2579 1525/2580
vt 0.098150 0.402811
vt 0.098468 0.403628
vt 0.099763 0.402857
vt 0.099078 0.402308
f 1555/2581 1529/2582 1524/2583 1557/2584
vt 0.099078 0.402308
vt 0.099763 0.402857
vt 0.100413 0.401521
vt 0.099545 0.401388
f 1557/2585 1524/2586 1526/2587 1558/2588
vt 0.099763 0.402857
vt 0.099763 0.402857
vt 0.100413 0.401521
vt 0.100413 0.401521
f 1166/2589 1165/2590 1168/2591 1167/2592
vt 0.099763 0.402857
vt 0.099078 0.402308
vt 0.099545 0.401388
vt 0.100413 0.401521
f 1523/2593 1164/2594 1514/2595 1521/2596
vt 0.099078 0.402308
vt 0.099078 0.402308
vt 0.099545 0.401388
vt 0.099545 0.401388
f 1512/2597 1556/2598 1170/2599 1169/2600
vt 0.099545 0.401388
vt 0.099545 0.401388
vt 0.099688 0.400383
vt 0.099688 0.400383
f 1169/2601 1170/2602 1559/2603 1515/2604
vt 0.100413 0.401521
vt 0.099545 0.401388
vt 0.099688 0.400383
vt 0.100506 0.400064
f 1521/2605 1514/2606 1172/2607 1173/2608
vt 0.100413 0.401521
vt 0.100413 0.401521
vt 0.100506 0.400064
vt 0.100506 0.400064
f 1167/2609 1168/2610 1520/2611 1527/2612
vt 0.099545 0.401388
vt 0.100413 0.401521
vt 0.100506 0.400064
vt 0.099688 0.400383
f 1558/2613 1526/2614 1174/2615 1171/2616
vt 0.099688 0.400383
vt 0.100506 0.400064
vt 0.092820 0.380325
vt 0.092001 0.380643
f 1171/2617 1174/2618 1175/2619 1178/2620
vt 0.100506 0.400064
vt 0.100506 0.400064
vt 0.092820 0.380325
vt 0.092820 0.380325
f 1527/2621 1520/2622 1176/2623 1528/2624
vt 0.100506 0.400064
vt 0.099688 0.400383
vt 0.092001 0.380643
vt 0.092820 0.380325
f 1173/2625 1172/2626 1177/2627 1519/2628
vt 0.099688 0.400383
vt 0.099688 0.400383
vt 0.092001 0.380643
vt 0.092001 0.380643
f 1515/2629 1559/2630 1560/2631 1517/2632
vt 0.092001 0.380643
vt 0.092820 0.380325
vt 0.092820 0.380325
vt 0.092001 0.380643
f 1566/2633 1565/2634 1518/2635 1516/2636
vt 0.018988 0.409075
vt 0.018170 0.409393
vt 0.018170 0.409393
vt 0.018988 0.409075
f 1179/2637 1182/2638 1181/2639 1180/2640
vt 0.021751 0.416170
vt 0.021751 0.416170
vt 0.018988 0.409075
vt 0.018988 0.409075
f 1185/2641 1545/2642 1540/2643 1538/2644
vt 0.020933 0.416489
vt 0.021751 0.416170
vt 0.018988 0.409075
vt 0.018170 0.409393
f 1184/2645 1552/2646 1537/2647 1536/2648
vt 0.020933 0.416489
vt 0.020933 0.416489
vt 0.018170 0.409393
vt 0.018170 0.409393
f 1543/2649 1534/2650 1535/2651 1542/2652
vt 0.021751 0.416170
vt 0.020933 0.416489
vt 0.018170 0.409393
vt 0.018988 0.409075
f 1186/2653 1183/2654 1541/2655 1539/2656
vt 0.022536 0.416814
vt 0.021987 0.417499
vt 0.020933 0.416489
vt 0.021751 0.416170
f 1187/2657 1561/2658 1183/2659 1186/2660
vt 0.021987 0.417499
vt 0.021987 0.417499
vt 0.020933 0.416489
vt 0.020933 0.416489
f 1544/2661 1189/2662 1534/2663 1543/2664
vt 0.021987 0.417499
vt 0.022536 0.416814
vt 0.021751 0.416170
vt 0.020933 0.416489
f 1533/2665 1550/2666 1552/2667 1184/2668
vt 0.022536 0.416814
vt 0.022536 0.416814
vt 0.021751 0.416170
vt 0.021751 0.416170
f 1188/2669 1547/2670 1545/2671 1185/2672
vt 0.070241 0.413537
vt 0.070241 0.413537
vt 0.022536 0.416814
vt 0.022536 0.416814
f 1553/2673 1548/2674 1546/2675 1551/2676
vt 0.070108 0.414405
vt 0.070241 0.413537
vt 0.022536 0.416814
vt 0.021987 0.417499
f 1192/2677 1193/2678 1550/2679 1533/2680
vt 0.070108 0.414405
vt 0.070108 0.414405
vt 0.021987 0.417499
vt 0.021987 0.417499
f 1562/2681 1531/2682 1532/2683 1190/2684
vt 0.070241 0.413537
vt 0.070108 0.414405
vt 0.021987 0.417499
vt 0.022536 0.416814
f 1194/2685 1191/2686 1561/2687 1187/2688
vt 0.071265 0.413279
vt 0.071584 0.414097
vt 0.070108 0.414405
vt 0.070241 0.413537
f 1195/2689 1563/2690 1191/2691 1194/2692
vt 0.071584 0.414097
vt 0.071584 0.414097
vt 0.070108 0.414405
vt 0.070108 0.414405
f 1198/2693 1197/2694 1531/2695 1562/2696
vt 0.071584 0.414097
vt 0.071265 0.413279
vt 0.070241 0.413537
vt 0.070108 0.414405
f 1530/2697 1196/2698 1193/2699 1192/2700
vt 0.071265 0.413279
vt 0.071265 0.413279
vt 0.070241 0.413537
vt 0.070241 0.413537
f 1554/2701 1549/2702 1548/2703 1553/2704
vt 0.098468 0.403628
vt 0.071584 0.414097
vt 0.071584 0.414097
vt 0.098468 0.403628
f 1159/2705 1197/2706 1198/2707 1160/2708
vt 0.098468 0.403628
vt 0.071584 0.414097
vt 0.071265 0.413279
vt 0.098150 0.402811
f 1564/2709 1563/2710 1195/2711 1161/2712
vt 0.098468 0.403628
vt 0.098150 0.402811
vt 0.071265 0.413279
vt 0.071584 0.414097
f 1529/2713 1555/2714 1196/2715 1530/2716
vt 0.098150 0.402811
vt 0.071265 0.413279
vt 0.071265 0.413279
vt 0.098150 0.402811
f 1511/2717 1549/2718 1554/2719 1162/2720
vt 0.096045 0.390953
vt 0.030869 0.416333
vt 0.033296 0.416180
vt 0.096313 0.391641
f 1202/2721 1206/2722 1203/2723 1199/2724
vt 0.033296 0.416180
vt 0.096313 0.391641
vt 0.096313 0.391641
vt 0.033296 0.416180
f 1204/2725 1200/2726 2015/2727 2016/2728
vt 0.030869 0.416333
vt 0.096045 0.390953
vt 0.096313 0.391641
vt 0.033296 0.416180
f 1205/2729 1201/2730 2063/2731 2064/2732
vt 0.030869 0.416333
vt 0.096045 0.390953
vt 0.096045 0.390953
vt 0.030869 0.416333
f 2062/2733 2061/2734 2069/2735 2070/2736
vt 0.057672 0.396024
vt 0.057672 0.396024
vt 0.056854 0.396343
vt 0.056854 0.396343
f 1207/2737 1208/2738 1209/2739 1210/2740
vt 0.057672 0.396024
vt 0.065977 0.417352
vt 0.065977 0.417352
vt 0.057672 0.396024
f 1949/2741 1211/2742 1212/2743 1947/2744
vt 0.057672 0.396024
vt 0.065977 0.417352
vt 0.065159 0.417670
vt 0.056854 0.396343
f 1946/2745 1954/2746 1213/2747 1945/2748
vt 0.056854 0.396343
vt 0.065159 0.417670
vt 0.065159 0.417670
vt 0.056854 0.396343
f 1944/2749 1955/2750 1214/2751 1951/2752
vt 0.065977 0.417352
vt 0.057672 0.396024
vt 0.056854 0.396343
vt 0.065159 0.417670
f 1953/2753 1948/2754 1950/2755 1952/2756
vt 0.091875 0.407267
vt 0.091875 0.407267
vt 0.092804 0.406764
vt 0.092804 0.406764
f 1217/2757 1772/2758 1219/2759 1220/2760
vt 0.092194 0.408085
vt 0.091875 0.407267
vt 0.092804 0.406764
vt 0.093489 0.407313
f 1756/2761 1783/2762 1785/2763 1754/2764
vt 0.092194 0.408085
vt 0.092194 0.408085
vt 0.093489 0.407313
vt 0.093489 0.407313
f 1215/2765 1216/2766 1221/2767 1222/2768
vt 0.091875 0.407267
vt 0.092194 0.408085
vt 0.093489 0.407313
vt 0.092804 0.406764
f 1218/2769 1751/2770 1753/2771 1771/2772
vt 0.092804 0.406764
vt 0.093489 0.407313
vt 0.094138 0.405977
vt 0.093270 0.405844
f 1771/2773 1753/2774 1765/2775 1226/2776
vt 0.093489 0.407313
vt 0.093489 0.407313
vt 0.094138 0.405977
vt 0.094138 0.405977
f 1752/2777 1755/2778 1758/2779 1223/2780
vt 0.093489 0.407313
vt 0.092804 0.406764
vt 0.093270 0.405844
vt 0.094138 0.405977
f 1754/2781 1785/2782 1786/2783 1224/2784
vt 0.092804 0.406764
vt 0.092804 0.406764
vt 0.093270 0.405844
vt 0.093270 0.405844
f 1784/2785 1770/2786 1769/2787 1225/2788
vt 0.093270 0.405844
vt 0.093270 0.405844
vt 0.093414 0.404839
vt 0.093414 0.404839
f 1225/2789 1769/2790 1227/2791 1787/2792
vt 0.094138 0.405977
vt 0.093270 0.405844
vt 0.093414 0.404839
vt 0.094232 0.404520
f 1224/2793 1786/2794 1228/2795 1759/2796
vt 0.094138 0.405977
vt 0.094138 0.405977
vt 0.094232 0.404520
vt 0.094232 0.404520
f 1223/2797 1758/2798 1229/2799 1230/2800
vt 0.093270 0.405844
vt 0.094138 0.405977
vt 0.094232 0.404520
vt 0.093414 0.404839
f 1226/2801 1765/2802 1764/2803 1768/2804
vt 0.093414 0.404839
vt 0.094232 0.404520
vt 0.086545 0.384781
vt 0.085727 0.385100
f 1768/2805 1764/2806 1231/2807 1234/2808
vt 0.094232 0.404520
vt 0.094232 0.404520
vt 0.086545 0.384781
vt 0.086545 0.384781
f 1230/2809 1229/2810 1232/2811 1763/2812
vt 0.094232 0.404520
vt 0.093414 0.404839
vt 0.085727 0.385100
vt 0.086545 0.384781
f 1759/2813 1228/2814 1233/2815 1761/2816
vt 0.093414 0.404839
vt 0.093414 0.404839
vt 0.085727 0.385100
vt 0.085727 0.385100
f 1787/2817 1227/2818 1767/2819 1788/2820
vt 0.085727 0.385100
vt 0.086545 0.384781
vt 0.086545 0.384781
vt 0.085727 0.385100
f 1766/2821 1762/2822 1760/2823 1789/2824
vt 0.028799 0.407267
vt 0.027980 0.407586
vt 0.027980 0.407586
vt 0.028799 0.407267
f 1235/2825 1238/2826 1237/2827 1236/2828
vt 0.036485 0.427007
vt 0.036485 0.427007
vt 0.028799 0.407267
vt 0.028799 0.407267
f 1777/2829 1781/2830 1735/2831 1737/2832
vt 0.035667 0.427326
vt 0.036485 0.427007
vt 0.028799 0.407267
vt 0.027980 0.407586
f 1749/2833 1241/2834 1736/2835 1739/2836
vt 0.035667 0.427326
vt 0.035667 0.427326
vt 0.027980 0.407586
vt 0.027980 0.407586
f 1742/2837 1240/2838 1738/2839 1741/2840
vt 0.036485 0.427007
vt 0.035667 0.427326
vt 0.027980 0.407586
vt 0.028799 0.407267
f 1242/2841 1239/2842 1740/2843 1734/2844
vt 0.037270 0.427651
vt 0.036721 0.428336
vt 0.035667 0.427326
vt 0.036485 0.427007
f 1243/2845 1743/2846 1239/2847 1242/2848
vt 0.036721 0.428336
vt 0.036721 0.428336
vt 0.035667 0.427326
vt 0.035667 0.427326
f 1246/2849 1245/2850 1240/2851 1742/2852
vt 0.036721 0.428336
vt 0.037270 0.427651
vt 0.036485 0.427007
vt 0.035667 0.427326
f 1748/2853 1244/2854 1241/2855 1749/2856
vt 0.037270 0.427651
vt 0.037270 0.427651
vt 0.036485 0.427007
vt 0.036485 0.427007
f 1776/2857 1780/2858 1781/2859 1777/2860
vt 0.038236 0.428013
vt 0.038236 0.428013
vt 0.037270 0.427651
vt 0.037270 0.427651
f 1249/2861 1250/2862 1780/2863 1776/2864
vt 0.038103 0.428881
vt 0.038236 0.428013
vt 0.037270 0.427651
vt 0.036721 0.428336
f 1746/2865 1775/2866 1244/2867 1748/2868
vt 0.038103 0.428881
vt 0.038103 0.428881
vt 0.036721 0.428336
vt 0.036721 0.428336
f 1247/2869 1248/2870 1245/2871 1246/2872
vt 0.038236 0.428013
vt 0.038103 0.428881
vt 0.036721 0.428336
vt 0.037270 0.427651
f 1779/2873 1745/2874 1743/2875 1243/2876
vt 0.039260 0.427755
vt 0.039579 0.428573
vt 0.038103 0.428881
vt 0.038236 0.428013
f 1251/2877 1757/2878 1745/2879 1779/2880
vt 0.039579 0.428573
vt 0.039579 0.428573
vt 0.038103 0.428881
vt 0.038103 0.428881
f 1254/2881 1253/2882 1747/2883 1744/2884
vt 0.039579 0.428573
vt 0.039260 0.427755
vt 0.038236 0.428013
vt 0.038103 0.428881
f 1750/2885 1252/2886 1775/2887 1746/2888
vt 0.039260 0.427755
vt 0.039260 0.427755
vt 0.038236 0.428013
vt 0.038236 0.428013
f 1773/2889 1782/2890 1778/2891 1774/2892
vt 0.092194 0.408085
vt 0.039579 0.428573
vt 0.039579 0.428573
vt 0.092194 0.408085
f 1215/2893 1253/2894 1254/2895 1216/2896
vt 0.092194 0.408085
vt 0.039579 0.428573
vt 0.039260 0.427755
vt 0.091875 0.407267
f 1756/2897 1757/2898 1251/2899 1783/2900
vt 0.092194 0.408085
vt 0.091875 0.407267
vt 0.039260 0.427755
vt 0.039579 0.428573
f 1751/2901 1218/2902 1252/2903 1750/2904
vt 0.091875 0.407267
vt 0.039260 0.427755
vt 0.039260 0.427755
vt 0.091875 0.407267
f 1217/2905 1782/2906 1773/2907 1772/2908
vt 0.089771 0.395409
vt 0.032792 0.417597
vt 0.033060 0.418285
vt 0.090039 0.396098
f 1258/2909 1262/2910 1259/2911 1255/2912
vt 0.033060 0.418285
vt 0.090039 0.396098
vt 0.090039 0.396098
vt 0.033060 0.418285
f 1260/2913 1256/2914 2011/2915 2012/2916
vt 0.032792 0.417597
vt 0.089771 0.395409
vt 0.090039 0.396098
vt 0.033060 0.418285
f 1261/2917 1257/2918 1977/2919 1978/2920
vt 0.032792 0.417597
vt 0.089771 0.395409
vt 0.089771 0.395409
vt 0.032792 0.417597
f 2114/2921 2113/2922 2105/2923 2106/2924
vt 0.032792 0.417597
vt 0.089771 0.395409
vt 0.089771 0.395409
vt 0.032792 0.417597
f 1263/2925 1267/2926 1268/2927 1264/2928
vt 0.032792 0.417597
vt 0.089771 0.395409
vt 0.090039 0.396098
vt 0.033060 0.418285
f 1844/2929 1845/2930 1269/2931 1265/2932
vt 0.033060 0.418285
vt 0.090039 0.396098
vt 0.090039 0.396098
vt 0.033060 0.418285
f 2119/2933 2120/2934 1270/2935 1266/2936
vt 0.089771 0.395409
vt 0.032792 0.417597
vt 0.033060 0.418285
vt 0.090039 0.396098
f 1976/2937 1975/2938 1942/2939 1943/2940
vt 0.091875 0.407267
vt 0.039260 0.427755
vt 0.039260 0.427755
vt 0.091875 0.407267
f 1682/2941 1274/2942 1273/2943 1307/2944
vt 0.092194 0.408085
vt 0.091875 0.407267
vt 0.039260 0.427755
vt 0.039579 0.428573
f 1310/2945 1691/2946 1692/2947 1272/2948
vt 0.092194 0.408085
vt 0.039579 0.428573
vt 0.039260 0.427755
vt 0.091875 0.407267
f 1309/2949 1660/2950 1681/2951 1308/2952
vt 0.092194 0.408085
vt 0.039579 0.428573
vt 0.039579 0.428573
vt 0.092194 0.408085
f 1666/2953 1665/2954 1271/2955 1659/2956
vt 0.039260 0.427755
vt 0.039260 0.427755
vt 0.038236 0.428013
vt 0.038236 0.428013
f 1273/2957 1274/2958 1275/2959 1276/2960
vt 0.039579 0.428573
vt 0.039260 0.427755
vt 0.038236 0.428013
vt 0.038103 0.428881
f 1272/2961 1692/2962 1694/2963 1663/2964
vt 0.039579 0.428573
vt 0.039579 0.428573
vt 0.038103 0.428881
vt 0.038103 0.428881
f 1271/2965 1665/2966 1277/2967 1278/2968
vt 0.039260 0.427755
vt 0.039579 0.428573
vt 0.038103 0.428881
vt 0.038236 0.428013
f 1681/2969 1660/2970 1662/2971 1680/2972
vt 0.038236 0.428013
vt 0.038103 0.428881
vt 0.036721 0.428336
vt 0.037270 0.427651
f 1680/2973 1662/2974 1674/2975 1282/2976
vt 0.038103 0.428881
vt 0.038103 0.428881
vt 0.036721 0.428336
vt 0.036721 0.428336
f 1661/2977 1664/2978 1667/2979 1279/2980
vt 0.038103 0.428881
vt 0.038236 0.428013
vt 0.037270 0.427651
vt 0.036721 0.428336
f 1663/2981 1694/2982 1695/2983 1280/2984
vt 0.038236 0.428013
vt 0.038236 0.428013
vt 0.037270 0.427651
vt 0.037270 0.427651
f 1693/2985 1679/2986 1678/2987 1281/2988
vt 0.037270 0.427651
vt 0.037270 0.427651
vt 0.036485 0.427007
vt 0.036485 0.427007
f 1281/2989 1678/2990 1283/2991 1696/2992
vt 0.036721 0.428336
vt 0.037270 0.427651
vt 0.036485 0.427007
vt 0.035667 0.427326
f 1280/2993 1695/2994 1284/2995 1668/2996
vt 0.036721 0.428336
vt 0.036721 0.428336
vt 0.035667 0.427326
vt 0.035667 0.427326
f 1279/2997 1667/2998 1285/2999 1286/3000
vt 0.037270 0.427651
vt 0.036721 0.428336
vt 0.035667 0.427326
vt 0.036485 0.427007
f 1282/3001 1674/3002 1673/3003 1677/3004
vt 0.036485 0.427007
vt 0.035667 0.427326
vt 0.027980 0.407586
vt 0.028799 0.407267
f 1677/3005 1673/3006 1287/3007 1290/3008
vt 0.035667 0.427326
vt 0.035667 0.427326
vt 0.027980 0.407586
vt 0.027980 0.407586
f 1286/3009 1285/3010 1288/3011 1672/3012
vt 0.035667 0.427326
vt 0.036485 0.427007
vt 0.028799 0.407267
vt 0.027980 0.407586
f 1668/3013 1284/3014 1289/3015 1670/3016
vt 0.036485 0.427007
vt 0.036485 0.427007
vt 0.028799 0.407267
vt 0.028799 0.407267
f 1696/3017 1283/3018 1676/3019 1697/3020
vt 0.028799 0.407267
vt 0.027980 0.407586
vt 0.027980 0.407586
vt 0.028799 0.407267
f 1675/3021 1671/3022 1669/3023 1698/3024
vt 0.085727 0.385100
vt 0.086545 0.384781
vt 0.086545 0.384781
vt 0.085727 0.385100
f 1291/3025 1294/3026 1293/3027 1292/3028
vt 0.093414 0.404839
vt 0.093414 0.404839
vt 0.085727 0.385100
vt 0.085727 0.385100
f 1686/3029 1690/3030 1648/3031 1646/3032
vt 0.094232 0.404520
vt 0.093414 0.404839
vt 0.085727 0.385100
vt 0.086545 0.384781
f 1658/3033 1297/3034 1645/3035 1644/3036
vt 0.094232 0.404520
vt 0.094232 0.404520
vt 0.086545 0.384781
vt 0.086545 0.384781
f 1651/3037 1296/3038 1643/3039 1650/3040
vt 0.093414 0.404839
vt 0.094232 0.404520
vt 0.086545 0.384781
vt 0.085727 0.385100
f 1298/3041 1295/3042 1649/3043 1647/3044
vt 0.093270 0.405844
vt 0.094138 0.405977
vt 0.094232 0.404520
vt 0.093414 0.404839
f 1299/3045 1652/3046 1295/3047 1298/3048
vt 0.094138 0.405977
vt 0.094138 0.405977
vt 0.094232 0.404520
vt 0.094232 0.404520
f 1302/3049 1301/3050 1296/3051 1651/3052
vt 0.094138 0.405977
vt 0.093270 0.405844
vt 0.093414 0.404839
vt 0.094232 0.404520
f 1657/3053 1300/3054 1297/3055 1658/3056
vt 0.093270 0.405844
vt 0.093270 0.405844
vt 0.093414 0.404839
vt 0.093414 0.404839
f 1685/3057 1689/3058 1690/3059 1686/3060
vt 0.092804 0.406764
vt 0.092804 0.406764
vt 0.093270 0.405844
vt 0.093270 0.405844
f 1305/3061 1306/3062 1689/3063 1685/3064
vt 0.093489 0.407313
vt 0.092804 0.406764
vt 0.093270 0.405844
vt 0.094138 0.405977
f 1655/3065 1684/3066 1300/3067 1657/3068
vt 0.093489 0.407313
vt 0.093489 0.407313
vt 0.094138 0.405977
vt 0.094138 0.405977
f 1303/3069 1304/3070 1301/3071 1302/3072
vt 0.092804 0.406764
vt 0.093489 0.407313
vt 0.094138 0.405977
vt 0.093270 0.405844
f 1688/3073 1654/3074 1652/3075 1299/3076
vt 0.091875 0.407267
vt 0.092194 0.408085
vt 0.093489 0.407313
vt 0.092804 0.406764
f 1691/3077 1310/3078 1654/3079 1688/3080
vt 0.092194 0.408085
vt 0.092194 0.408085
vt 0.093489 0.407313
vt 0.093489 0.407313
f 1666/3081 1659/3082 1656/3083 1653/3084
vt 0.092194 0.408085
vt 0.091875 0.407267
vt 0.092804 0.406764
vt 0.093489 0.407313
f 1309/3085 1308/3086 1684/3087 1655/3088
vt 0.091875 0.407267
vt 0.091875 0.407267
vt 0.092804 0.406764
vt 0.092804 0.406764
f 1682/3089 1307/3090 1687/3091 1683/3092
vt 0.065977 0.417352
vt 0.057672 0.396024
vt 0.056854 0.396343
vt 0.065159 0.417670
f 1314/3093 1318/3094 1315/3095 1311/3096
vt 0.056854 0.396343
vt 0.065159 0.417670
vt 0.065159 0.417670
vt 0.056854 0.396343
f 1316/3097 1312/3098 1932/3099 1934/3100
vt 0.057672 0.396024
vt 0.065977 0.417352
vt 0.065159 0.417670
vt 0.056854 0.396343
f 1317/3101 1313/3102 2111/3103 2112/3104
vt 0.057672 0.396024
vt 0.065977 0.417352
vt 0.065977 0.417352
vt 0.057672 0.396024
f 1936/3105 1937/3106 1940/3107 1939/3108
vt 0.057672 0.396024
vt 0.057672 0.396024
vt 0.056854 0.396343
vt 0.056854 0.396343
f 1935/3109 1938/3110 1941/3111 1933/3112
vt 0.030869 0.416333
vt 0.096045 0.390953
vt 0.096045 0.390953
vt 0.030869 0.416333
f 1319/3113 1323/3114 1324/3115 1320/3116
vt 0.030869 0.416333
vt 0.096045 0.390953
vt 0.096313 0.391641
vt 0.033296 0.416180
f 2109/3117 2110/3118 1325/3119 1321/3120
vt 0.033296 0.416180
vt 0.096313 0.391641
vt 0.096313 0.391641
vt 0.033296 0.416180
f 2097/3121 2098/3122 1326/3123 1322/3124
vt 0.096045 0.390953
vt 0.030869 0.416333
vt 0.033296 0.416180
vt 0.096313 0.391641
f 2104/3125 2103/3126 2065/3127 2066/3128
vt 0.098150 0.402811
vt 0.071265 0.413279
vt 0.071265 0.413279
vt 0.098150 0.402811
f 1364/3129 1330/3130 1329/3131 1363/3132
vt 0.098468 0.403628
vt 0.098150 0.402811
vt 0.071265 0.413279
vt 0.071584 0.414097
f 1366/3133 1863/3134 1864/3135 1328/3136
vt 0.098468 0.403628
vt 0.071584 0.414097
vt 0.071265 0.413279
vt 0.098150 0.402811
f 1365/3137 1887/3138 1898/3139 1899/3140
vt 0.098468 0.403628
vt 0.071584 0.414097
vt 0.071584 0.414097
vt 0.098468 0.403628
f 1878/3141 1877/3142 1327/3143 1886/3144
vt 0.071265 0.413279
vt 0.071265 0.413279
vt 0.070241 0.413537
vt 0.070241 0.413537
f 1329/3145 1330/3146 1331/3147 1865/3148
vt 0.071584 0.414097
vt 0.071265 0.413279
vt 0.070241 0.413537
vt 0.070108 0.414405
f 1328/3149 1864/3150 1332/3151 1333/3152
vt 0.071584 0.414097
vt 0.071584 0.414097
vt 0.070108 0.414405
vt 0.070108 0.414405
f 1327/3153 1877/3154 1876/3155 1888/3156
vt 0.071265 0.413279
vt 0.071584 0.414097
vt 0.070108 0.414405
vt 0.070241 0.413537
f 1898/3157 1887/3158 1334/3159 1897/3160
vt 0.070241 0.413537
vt 0.070108 0.414405
vt 0.021987 0.417499
vt 0.022536 0.416814
f 1897/3161 1334/3162 1890/3163 1895/3164
vt 0.070108 0.414405
vt 0.070108 0.414405
vt 0.021987 0.417499
vt 0.021987 0.417499
f 1888/3165 1876/3166 1336/3167 1889/3168
vt 0.070108 0.414405
vt 0.070241 0.413537
vt 0.022536 0.416814
vt 0.021987 0.417499
f 1333/3169 1332/3170 1337/3171 1875/3172
vt 0.070241 0.413537
vt 0.070241 0.413537
vt 0.022536 0.416814
vt 0.022536 0.416814
f 1865/3173 1331/3174 1338/3175 1867/3176
vt 0.022536 0.416814
vt 0.022536 0.416814
vt 0.021751 0.416170
vt 0.021751 0.416170
f 1866/3177 1896/3178 1900/3179 1868/3180
vt 0.021987 0.417499
vt 0.022536 0.416814
vt 0.021751 0.416170
vt 0.020933 0.416489
f 1875/3181 1337/3182 1340/3183 1341/3184
vt 0.021987 0.417499
vt 0.021987 0.417499
vt 0.020933 0.416489
vt 0.020933 0.416489
f 1335/3185 1874/3186 1873/3187 1891/3188
vt 0.022536 0.416814
vt 0.021987 0.417499
vt 0.020933 0.416489
vt 0.021751 0.416170
f 1895/3189 1890/3190 1342/3191 1339/3192
vt 0.021751 0.416170
vt 0.020933 0.416489
vt 0.018170 0.409393
vt 0.018988 0.409075
f 1339/3193 1342/3194 1343/3195 1346/3196
vt 0.020933 0.416489
vt 0.020933 0.416489
vt 0.018170 0.409393
vt 0.018170 0.409393
f 1891/3197 1873/3198 1344/3199 1892/3200
vt 0.020933 0.416489
vt 0.021751 0.416170
vt 0.018988 0.409075
vt 0.018170 0.409393
f 1341/3201 1340/3202 1345/3203 1872/3204
vt 0.021751 0.416170
vt 0.021751 0.416170
vt 0.018988 0.409075
vt 0.018988 0.409075
f 1868/3205 1900/3206 1901/3207 1870/3208
vt 0.018988 0.409075
vt 0.018170 0.409393
vt 0.018170 0.409393
vt 0.018988 0.409075
f 1894/3209 1893/3210 1871/3211 1869/3212
vt 0.092001 0.380643
vt 0.092820 0.380325
vt 0.092820 0.380325
vt 0.092001 0.380643
f 1347/3213 1350/3214 1349/3215 1348/3216
vt 0.099688 0.400383
vt 0.099688 0.400383
vt 0.092001 0.380643
vt 0.092001 0.380643
f 1855/3217 1862/3218 1852/3219 1854/3220
vt 0.100506 0.400064
vt 0.099688 0.400383
vt 0.092001 0.380643
vt 0.092820 0.380325
f 1846/3221 1353/3222 1853/3223 1847/3224
vt 0.100506 0.400064
vt 0.100506 0.400064
vt 0.092820 0.380325
vt 0.092820 0.380325
f 1882/3225 1352/3226 1848/3227 1850/3228
vt 0.099688 0.400383
vt 0.100506 0.400064
vt 0.092820 0.380325
vt 0.092001 0.380643
f 1354/3229 1351/3230 1849/3231 1851/3232
vt 0.099545 0.401388
vt 0.100413 0.401521
vt 0.100506 0.400064
vt 0.099688 0.400383
f 1355/3233 1358/3234 1351/3235 1354/3236
vt 0.100413 0.401521
vt 0.100413 0.401521
vt 0.100506 0.400064
vt 0.100506 0.400064
f 1881/3237 1357/3238 1352/3239 1882/3240
vt 0.100413 0.401521
vt 0.099545 0.401388
vt 0.099688 0.400383
vt 0.100506 0.400064
f 1885/3241 1856/3242 1353/3243 1846/3244
vt 0.099545 0.401388
vt 0.099545 0.401388
vt 0.099688 0.400383
vt 0.099688 0.400383
f 1356/3245 1861/3246 1862/3247 1855/3248
vt 0.099078 0.402308
vt 0.099078 0.402308
vt 0.099545 0.401388
vt 0.099545 0.401388
f 1361/3249 1362/3250 1861/3251 1356/3252
vt 0.099763 0.402857
vt 0.099078 0.402308
vt 0.099545 0.401388
vt 0.100413 0.401521
f 1883/3253 1858/3254 1856/3255 1885/3256
vt 0.099763 0.402857
vt 0.099763 0.402857
vt 0.100413 0.401521
vt 0.100413 0.401521
f 1359/3257 1360/3258 1357/3259 1881/3260
vt 0.099078 0.402308
vt 0.099763 0.402857
vt 0.100413 0.401521
vt 0.099545 0.401388
f 1860/3261 1880/3262 1358/3263 1355/3264
vt 0.098150 0.402811
vt 0.098468 0.403628
vt 0.099763 0.402857
vt 0.099078 0.402308
f 1863/3265 1366/3266 1880/3267 1860/3268
vt 0.098468 0.403628
vt 0.098468 0.403628
vt 0.099763 0.402857
vt 0.099763 0.402857
f 1878/3269 1886/3270 1884/3271 1879/3272
vt 0.098468 0.403628
vt 0.098150 0.402811
vt 0.099078 0.402308
vt 0.099763 0.402857
f 1365/3273 1899/3274 1858/3275 1883/3276
vt 0.098150 0.402811
vt 0.098150 0.402811
vt 0.099078 0.402308
vt 0.099078 0.402308
f 1364/3277 1363/3278 1859/3279 1857/3280
vt 0.072251 0.412895
vt 0.063946 0.391568
vt 0.063128 0.391887
vt 0.071433 0.413214
f 1370/3281 1374/3282 1371/3283 1367/3284
vt 0.063128 0.391887
vt 0.071433 0.413214
vt 0.071433 0.413214
vt 0.063128 0.391887
f 1372/3285 1368/3286 2089/3287 2088/3288
vt 0.063946 0.391568
vt 0.072251 0.412895
vt 0.071433 0.413214
vt 0.063128 0.391887
f 1373/3289 1369/3290 2092/3291 2091/3292
vt 0.063946 0.391568
vt 0.072251 0.412895
vt 0.072251 0.412895
vt 0.063946 0.391568
f 2116/3293 2115/3294 2095/3295 2094/3296
vt 0.063946 0.391568
vt 0.063946 0.391568
vt 0.063128 0.391887
vt 0.063128 0.391887
f 2096/3297 2093/3298 2090/3299 2087/3300
vt 0.080617 0.880331
vt 0.080617 0.865244
vt 0.080056 0.865244
vt 0.080056 0.880331
f 1375/3301 1376/3302 1377/3303 1378/3304
vt 0.080674 0.880331
vt 0.080113 0.880331
vt 0.080113 0.865244
vt 0.080674 0.865244
f 1379/3305 1382/3306 1381/3307 1380/3308
vt 0.080617 0.880331
vt 0.080674 0.880331
vt 0.080674 0.865244
vt 0.080617 0.865244
f 1902/3309 1912/3310 1911/3311 1909/3312
vt 0.253394 0.133231
vt 0.253489 0.135968
vt 0.252551 0.136001
vt 0.252455 0.133264
f 1908/3313 1910/3314 1913/3315 1907/3316
vt 0.080056 0.865244
vt 0.080113 0.865244
vt 0.080113 0.880331
vt 0.080056 0.880331
f 1906/3317 1914/3318 1915/3319 1905/3320
vt 0.253489 0.135968
vt 0.253394 0.133231
vt 0.252455 0.133264
vt 0.252551 0.136001
f 1917/3321 1903/3322 1904/3323 1916/3324
vt 0.276002 0.135184
vt 0.275906 0.132447
vt 0.274968 0.132480
vt 0.275063 0.135217
f 1386/3325 1390/3326 1387/3327 1383/3328
vt 0.093515 0.865244
vt 0.093572 0.865244
vt 0.093572 0.880331
vt 0.093515 0.880331
f 1388/3329 1384/3330 1918/3331 1925/3332
vt 0.275906 0.132447
vt 0.276002 0.135184
vt 0.275063 0.135217
vt 0.274968 0.132480
f 1389/3333 1385/3334 1929/3335 1927/3336
vt 0.094076 0.880331
vt 0.094133 0.880331
vt 0.094133 0.865244
vt 0.094076 0.865244
f 1923/3337 1921/3338 2071/3339 2072/3340
vt 0.094133 0.880331
vt 0.093572 0.880331
vt 0.093572 0.865244
vt 0.094133 0.865244
f 1920/3341 1919/3342 1928/3343 1930/3344
vt 0.094076 0.880331
vt 0.094076 0.865244
vt 0.093515 0.865244
vt 0.093515 0.880331
f 1922/3345 1931/3346 1926/3347 1924/3348
vt 0.230976 0.136752
vt 0.230881 0.134015
vt 0.229943 0.134048
vt 0.230038 0.136785
f 1394/3349 1398/3350 1395/3351 1391/3352
vt 0.066598 0.865244
vt 0.066655 0.865244
vt 0.066655 0.880331
vt 0.066598 0.880331
f 1396/3353 1392/3354 1996/3355 1998/3356
vt 0.230881 0.134015
vt 0.230976 0.136752
vt 0.230038 0.136785
vt 0.229943 0.134048
f 1397/3357 1393/3358 2019/3359 2020/3360
vt 0.067159 0.880331
vt 0.067216 0.880331
vt 0.067216 0.865244
vt 0.067159 0.865244
f 2000/3361 2002/3362 2004/3363 2005/3364
vt 0.067216 0.880331
vt 0.066655 0.880331
vt 0.066655 0.865244
vt 0.067216 0.865244
f 2001/3365 1995/3366 2006/3367 2003/3368
vt 0.067159 0.880331
vt 0.067159 0.865244
vt 0.066598 0.865244
vt 0.066598 0.880331
f 1999/3369 2007/3370 2008/3371 1997/3372
vt 0.031531 0.880331
vt 0.031531 0.865244
vt 0.030970 0.865244
vt 0.030970 0.880331
f 1399/3373 1400/3374 1401/3375 1402/3376
vt 0.031588 0.880331
vt 0.031027 0.880331
vt 0.031027 0.865244
vt 0.031588 0.865244
f 1403/3377 1406/3378 1405/3379 1404/3380
vt 0.031531 0.880331
vt 0.031588 0.880331
vt 0.031588 0.865244
vt 0.031531 0.865244
f 1970/3381 1959/3382 1957/3383 1971/3384
vt 0.171284 0.136091
vt 0.171379 0.138828
vt 0.170441 0.138861
vt 0.170345 0.136124
f 1966/3385 1956/3386 1963/3387 1965/3388
vt 0.030970 0.865244
vt 0.031027 0.865244
vt 0.031027 0.880331
vt 0.030970 0.880331
f 1964/3389 1962/3390 1961/3391 1967/3392
vt 0.171379 0.138828
vt 0.171284 0.136091
vt 0.170345 0.136124
vt 0.170441 0.138861
f 1958/3393 1969/3394 1968/3395 1960/3396
vt 0.065934 0.880331
vt 0.065934 0.865244
vt 0.065373 0.865244
vt 0.065373 0.880331
f 1407/3397 1408/3398 1409/3399 1410/3400
vt 0.065991 0.880331
vt 0.065430 0.880331
vt 0.065430 0.865244
vt 0.065991 0.865244
f 1411/3401 1414/3402 1413/3403 1412/3404
vt 0.065934 0.880331
vt 0.065991 0.880331
vt 0.065991 0.865244
vt 0.065934 0.865244
f 1828/3405 1838/3406 1837/3407 1835/3408
vt 0.228832 0.134087
vt 0.228927 0.136823
vt 0.227989 0.136856
vt 0.227894 0.134119
f 1834/3409 1836/3410 1839/3411 1833/3412
vt 0.065373 0.865244
vt 0.065430 0.865244
vt 0.065430 0.880331
vt 0.065373 0.880331
f 1832/3413 1840/3414 1841/3415 1831/3416
vt 0.228927 0.136823
vt 0.228832 0.134087
vt 0.227894 0.134119
vt 0.227989 0.136856
f 1843/3417 1829/3418 1830/3419 1842/3420
vt 0.206415 0.137608
vt 0.206319 0.134871
vt 0.205381 0.134903
vt 0.205476 0.137640
f 1418/3421 1422/3422 1419/3423 1415/3424
vt 0.051915 0.865244
vt 0.051972 0.865244
vt 0.051972 0.880331
vt 0.051915 0.880331
f 1420/3425 1416/3426 1635/3427 1634/3428
vt 0.206319 0.134871
vt 0.206415 0.137608
vt 0.205476 0.137640
vt 0.205381 0.134903
f 1421/3429 1417/3430 1630/3431 1632/3432
vt 0.052476 0.880331
vt 0.052533 0.880331
vt 0.052533 0.865244
vt 0.052476 0.865244
f 1637/3433 1638/3434 1627/3435 1642/3436
vt 0.052533 0.880331
vt 0.051972 0.880331
vt 0.051972 0.865244
vt 0.052533 0.865244
f 1641/3437 1640/3438 1629/3439 1628/3440
vt 0.052476 0.880331
vt 0.052476 0.865244
vt 0.051915 0.865244
vt 0.051915 0.880331
f 1636/3441 1639/3442 1631/3443 1633/3444
vt 0.282881 0.132128
vt 0.282726 0.132800
vt 0.283082 0.132788
f 1447/3445 1423/3446 1424/3447
vt 0.282881 0.132128
vt 0.283082 0.132788
vt 0.282726 0.132800
f 1448/3448 1436/3449 1435/3450
vt 0.282881 0.132128
vt 0.283082 0.132788
vt 0.283385 0.132599
f 1447/3451 1424/3452 1425/3453
vt 0.282881 0.132128
vt 0.283385 0.132599
vt 0.283082 0.132788
f 1448/3454 1437/3455 1436/3456
vt 0.282881 0.132128
vt 0.283385 0.132599
vt 0.283552 0.132283
f 1447/3457 1425/3458 1426/3459
vt 0.282881 0.132128
vt 0.283552 0.132283
vt 0.283385 0.132599
f 1448/3460 1438/3461 1437/3462
vt 0.282881 0.132128
vt 0.283552 0.132283
vt 0.283540 0.131927
f 1447/3463 1426/3464 1427/3465
vt 0.282881 0.132128
vt 0.283540 0.131927
vt 0.283552 0.132283
f 1448/3466 1439/3467 1438/3468
vt 0.282881 0.132128
vt 0.283540 0.131927
vt 0.283351 0.131624
f 1447/3469 1427/3470 1428/3471
vt 0.282881 0.132128
vt 0.283351 0.131624
vt 0.283540 0.131927
f 1448/3472 1440/3473 1439/3474
vt 0.282881 0.132128
vt 0.283351 0.131624
vt 0.283036 0.131457
f 1447/3475 1428/3476 1429/3477
vt 0.282881 0.132128
vt 0.283036 0.131457
vt 0.283351 0.131624
f 1448/3478 1441/3479 1440/3480
vt 0.282881 0.132128
vt 0.283036 0.131457
vt 0.282679 0.131469
f 1447/3481 1429/3482 1430/3483
vt 0.282881 0.132128
vt 0.282679 0.131469
vt 0.283036 0.131457
f 1448/3484 1442/3485 1441/3486
vt 0.282881 0.132128
vt 0.282679 0.131469
vt 0.282377 0.131658
f 1447/3487 1430/3488 1431/3489
vt 0.282881 0.132128
vt 0.282377 0.131658
vt 0.282679 0.131469
f 1448/3490 1443/3491 1442/3492
vt 0.282881 0.132128
vt 0.282377 0.131658
vt 0.282209 0.131973
f 1447/3493 1431/3494 1432/3495
vt 0.282881 0.132128
vt 0.282209 0.131973
vt 0.282377 0.131658
f 1448/3496 1444/3497 1443/3498
vt 0.282881 0.132128
vt 0.282209 0.131973
vt 0.282222 0.132330
f 1447/3499 1432/3500 1433/3501
vt 0.282881 0.132128
vt 0.282222 0.132330
vt 0.282209 0.131973
f 1448/3502 1445/3503 1444/3504
vt 0.282881 0.132128
vt 0.282222 0.132330
vt 0.282411 0.132632
f 1447/3505 1433/3506 1434/3507
vt 0.282881 0.132128
vt 0.282411 0.132632
vt 0.282222 0.132330
f 1448/3508 1446/3509 1445/3510
vt 0.282411 0.132632
vt 0.282726 0.132800
vt 0.282881 0.132128
f 1434/3511 1423/3512 1447/3513
vt 0.282881 0.132128
vt 0.282726 0.132800
vt 0.282411 0.132632
f 1448/3514 1435/3515 1446/3516
vt 0.098152 0.878687
vt 0.098152 0.866888
vt 0.098366 0.866888
vt 0.098366 0.878687
f 1702/3517 1972/3518 1974/3519 1701/3520
vt 0.098366 0.878687
vt 0.098366 0.866888
vt 0.098547 0.866888
vt 0.098547 0.878687
f 1700/3521 1722/3522 1721/3523 1699/3524
vt 0.098547 0.878687
vt 0.098547 0.866888
vt 0.098647 0.866888
vt 0.098647 0.878687
f 1699/3525 1721/3526 1720/3527 1717/3528
vt 0.098647 0.878687
vt 0.098647 0.866888
vt 0.098639 0.866888
vt 0.098639 0.878687
f 1717/3529 1720/3530 1719/3531 1716/3532
vt 0.098639 0.878687
vt 0.098639 0.866888
vt 0.098526 0.866888
vt 0.098526 0.878687
f 1715/3533 1718/3534 1723/3535 1714/3536
vt 0.098526 0.878687
vt 0.098526 0.866888
vt 0.098338 0.866888
vt 0.098338 0.878687
f 1713/3537 1724/3538 1725/3539 1712/3540
vt 0.098338 0.878687
vt 0.098338 0.866888
vt 0.098125 0.866888
vt 0.098125 0.878687
f 1711/3541 1726/3542 1727/3543 1710/3544
vt 0.098125 0.878687
vt 0.098125 0.866888
vt 0.097944 0.866888
vt 0.097944 0.878687
f 1709/3545 1728/3546 1729/3547 1708/3548
vt 0.097944 0.878687
vt 0.097944 0.866888
vt 0.097844 0.866888
vt 0.097844 0.878687
f 1708/3549 1729/3550 1730/3551 1707/3552
vt 0.097844 0.878687
vt 0.097844 0.866888
vt 0.097851 0.866888
vt 0.097851 0.878687
f 1707/3553 1730/3554 1731/3555 1706/3556
vt 0.098152 0.866888
vt 0.098152 0.878687
vt 0.097964 0.878687
vt 0.097964 0.866888
f 1972/3557 1702/3558 1704/3559 1973/3560
vt 0.097851 0.878687
vt 0.097851 0.866888
vt 0.097964 0.866888
vt 0.097964 0.878687
f 1705/3561 1732/3562 1733/3563 1703/3564
vt 0.059120 0.878687
vt 0.059120 0.866888
vt 0.059233 0.866888
vt 0.059233 0.878687
f 1464/3565 1452/3566 1451/3567 1463/3568
vt 0.059421 0.866888
vt 0.059421 0.878687
vt 0.059233 0.878687
vt 0.059233 0.866888
f 1462/3569 1474/3570 1818/3571 1816/3572
vt 0.059113 0.878687
vt 0.059113 0.866888
vt 0.059120 0.866888
vt 0.059120 0.878687
f 1465/3573 1453/3574 1814/3575 1812/3576
vt 0.059213 0.878687
vt 0.059213 0.866888
vt 0.059113 0.866888
vt 0.059113 0.878687
f 1466/3577 1454/3578 1453/3579 1465/3580
vt 0.059394 0.878687
vt 0.059394 0.866888
vt 0.059213 0.866888
vt 0.059213 0.878687
f 1467/3581 1455/3582 1809/3583 1808/3584
vt 0.059607 0.878687
vt 0.059607 0.866888
vt 0.059394 0.866888
vt 0.059394 0.878687
f 1468/3585 1456/3586 1804/3587 1806/3588
vt 0.059795 0.878687
vt 0.059795 0.866888
vt 0.059607 0.866888
vt 0.059607 0.878687
f 1469/3589 1457/3590 1456/3591 1468/3592
vt 0.059908 0.878687
vt 0.059908 0.866888
vt 0.059795 0.866888
vt 0.059795 0.878687
f 1470/3593 1458/3594 1457/3595 1469/3596
vt 0.059916 0.878687
vt 0.059916 0.866888
vt 0.059908 0.866888
vt 0.059908 0.878687
f 1471/3597 1459/3598 1800/3599 1798/3600
vt 0.059815 0.878687
vt 0.059815 0.866888
vt 0.059916 0.866888
vt 0.059916 0.878687
f 1472/3601 1460/3602 1459/3603 1471/3604
vt 0.059634 0.878687
vt 0.059634 0.866888
vt 0.059815 0.866888
vt 0.059815 0.878687
f 1473/3605 1461/3606 1793/3607 1795/3608
vt 0.059421 0.878687
vt 0.059421 0.866888
vt 0.059634 0.866888
vt 0.059634 0.878687
f 1474/3609 1462/3610 1790/3611 1827/3612
vt 0.218092 0.134385
vt 0.217937 0.135057
vt 0.217622 0.134889
f 1449/3613 1821/3614 1815/3615
vt 0.217622 0.134889
vt 0.217937 0.135057
vt 0.218092 0.134385
f 1817/3616 1819/3617 1450/3618
vt 0.218092 0.134385
vt 0.217622 0.134889
vt 0.217433 0.134586
f 1449/3619 1815/3620 1813/3621
vt 0.218092 0.134385
vt 0.217433 0.134586
vt 0.217622 0.134889
f 1450/3622 1811/3623 1817/3624
vt 0.218092 0.134385
vt 0.217433 0.134586
vt 0.217421 0.134230
f 1449/3625 1813/3626 1822/3627
vt 0.218092 0.134385
vt 0.217421 0.134230
vt 0.217433 0.134586
f 1450/3628 1810/3629 1811/3630
vt 0.218092 0.134385
vt 0.217421 0.134230
vt 0.217588 0.133915
f 1449/3631 1822/3632 1823/3633
vt 0.218092 0.134385
vt 0.217588 0.133915
vt 0.217421 0.134230
f 1450/3634 1807/3635 1810/3636
vt 0.218092 0.134385
vt 0.217588 0.133915
vt 0.217891 0.133726
f 1449/3637 1823/3638 1803/3639
vt 0.218092 0.134385
vt 0.217891 0.133726
vt 0.217588 0.133915
f 1450/3640 1805/3641 1807/3642
vt 0.218092 0.134385
vt 0.217891 0.133726
vt 0.218248 0.133713
f 1449/3643 1803/3644 1802/3645
vt 0.218092 0.134385
vt 0.218248 0.133713
vt 0.217891 0.133726
f 1450/3646 1824/3647 1805/3648
vt 0.218092 0.134385
vt 0.218248 0.133713
vt 0.218563 0.133881
f 1449/3649 1802/3650 1801/3651
vt 0.218092 0.134385
vt 0.218563 0.133881
vt 0.218248 0.133713
f 1450/3652 1825/3653 1824/3654
vt 0.218092 0.134385
vt 0.218563 0.133881
vt 0.218752 0.134183
f 1449/3655 1801/3656 1799/3657
vt 0.218092 0.134385
vt 0.218752 0.134183
vt 0.218563 0.133881
f 1450/3658 1797/3659 1825/3660
vt 0.218092 0.134385
vt 0.218752 0.134183
vt 0.218764 0.134540
f 1449/3661 1799/3662 1826/3663
vt 0.218092 0.134385
vt 0.218764 0.134540
vt 0.218752 0.134183
f 1450/3664 1796/3665 1797/3666
vt 0.218092 0.134385
vt 0.218764 0.134540
vt 0.218596 0.134855
f 1449/3667 1826/3668 1792/3669
vt 0.218092 0.134385
vt 0.218596 0.134855
vt 0.218764 0.134540
f 1450/3670 1794/3671 1796/3672
vt 0.218092 0.134385
vt 0.218596 0.134855
vt 0.218294 0.135044
f 1449/3673 1792/3674 1791/3675
vt 0.218092 0.134385
vt 0.218294 0.135044
vt 0.218596 0.134855
f 1450/3676 1820/3677 1794/3678
vt 0.218092 0.134385
vt 0.218294 0.135044
vt 0.217937 0.135057
f 1449/3679 1791/3680 1821/3681
vt 0.218092 0.134385
vt 0.217937 0.135057
vt 0.218294 0.135044
f 1450/3682 1819/3683 1820/3684
vt 0.170550 0.868873
vt 0.224137 0.868873
vt 0.224137 0.868873
vt 0.170550 0.868873
f 2121/3685 2123/3686 2125/3687 2127/3688
vt 0.224137 0.868873
vt 0.224137 0.868873
vt 0.170550 0.868873
vt 0.170550 0.868873
f 2126/3689 2124/3690 2122/3691 2128/3692
vt 0.170550 0.967817
vt 0.170550 0.967817
vt 0.224137 0.967817
vt 0.224137 0.967817
f 2129/3693 2135/3694 2133/3695 2131/3696
vt 0.224137 0.967817
vt 0.170550 0.967817
vt 0.170550 0.967817
vt 0.224137 0.967817
f 2134/3697 2136/3698 2130/3699 2132/3700
vt 0.224137 0.868873
vt 0.224137 0.967817
vt 0.224137 0.967817
vt 0.224137 0.868873
f 2159/3701 2137/3702 2139/3703 2160/3704
vt 0.224137 0.967817
vt 0.224137 0.967817
vt 0.224137 0.868873
vt 0.224137 0.868873
f 2154/3705 2155/3706 2152/3707 2151/3708
vt 0.224137 0.868873
vt 0.224137 0.967817
vt 0.170550 0.967817
vt 0.170550 0.868873
f 2145/3709 2138/3710 2141/3711 2144/3712
vt 0.170550 0.967817
vt 0.224137 0.967817
vt 0.224137 0.868873
vt 0.170550 0.868873
f 2156/3713 2153/3714 2150/3715 2149/3716
vt 0.170550 0.967817
vt 0.170550 0.868873
vt 0.170550 0.868873
vt 0.170550 0.967817
f 2142/3717 2146/3718 2143/3719 2140/3720
vt 0.170550 0.868873
vt 0.170550 0.868873
vt 0.170550 0.967817
vt 0.170550 0.967817
f 2148/3721 2147/3722 2158/3723 2157/3724
vt 0.218815 0.874786
vt 0.218815 0.903812
vt 0.177160 0.903812
vt 0.177160 0.874786
f 2161/3725 2165/3726 2167/3727 2163/3728
vt 0.177160 0.903812
vt 0.218815 0.903812
vt 0.218815 0.874786
vt 0.177160 0.874786
f 2168/3729 2166/3730 2162/3731 2164/3732
vt 0.112867 0.482921
vt 0.007463 0.482921
vt 0.007463 0.482921
vt 0.112867 0.482921
f 2169/3733 2171/3734 2173/3735 2175/3736
vt 0.007463 0.482921
vt 0.007463 0.482921
vt 0.112867 0.482921
vt 0.112867 0.482921
f 2174/3737 2172/3738 2170/3739 2176/3740
vt 0.112867 0.441717
vt 0.112867 0.441717
vt 0.007463 0.441717
vt 0.007463 0.441717
f 2177/3741 2183/3742 2181/3743 2179/3744
vt 0.007463 0.441717
vt 0.112867 0.441717
vt 0.112867 0.441717
vt 0.007463 0.441717
f 2182/3745 2184/3746 2178/3747 2180/3748
vt 0.007463 0.482921
vt 0.007463 0.441717
vt 0.007463 0.441717
vt 0.007463 0.482921
f 2207/3749 2185/3750 2187/3751 2208/3752
vt 0.007463 0.441717
vt 0.007463 0.441717
vt 0.007463 0.482921
vt 0.007463 0.482921
f 2202/3753 2203/3754 2200/3755 2199/3756
vt 0.007463 0.482921
vt 0.007463 0.441717
vt 0.112867 0.441717
vt 0.112867 0.482921
f 2193/3757 2186/3758 2189/3759 2192/3760
vt 0.112867 0.441717
vt 0.007463 0.441717
vt 0.007463 0.482921
vt 0.112867 0.482921
f 2204/3761 2201/3762 2198/3763 2197/3764
vt 0.112867 0.441717
vt 0.112867 0.482921
vt 0.112867 0.482921
vt 0.112867 0.441717
f 2190/3765 2194/3766 2191/3767 2188/3768
vt 0.112867 0.482921
vt 0.112867 0.482921
vt 0.112867 0.441717
vt 0.112867 0.441717
f 2196/3769 2195/3770 2206/3771 2205/3772
vt 0.217416 0.917410
vt 0.217416 0.962471
vt 0.175762 0.962471
vt 0.175762 0.917410
f 2209/3773 2213/3774 2215/3775 2211/3776
vt 0.175762 0.962471
vt 0.217416 0.962471
vt 0.217416 0.917410
vt 0.175762 0.917410
f 2216/3777 2214/3778 2210/3779 2212/3780
vt 0.032749 0.943652
vt 0.101612 0.943460
vt 0.081995 0.906408
vt 0.056884 0.906478
f 2217/3781 2220/3782 2221/3783 2224/3784
vt 0.101612 0.943460
vt 0.101612 0.943460
vt 0.081995 0.906408
vt 0.081995 0.906408
f 2442/3785 2219/3786 2222/3787 2444/3788
vt 0.101612 0.943460
vt 0.032749 0.943652
vt 0.056884 0.906478
vt 0.081995 0.906408
f 2464/3789 2218/3790 2223/3791 2465/3792
vt 0.032749 0.943652
vt 0.032749 0.943652
vt 0.056884 0.906478
vt 0.056884 0.906478
f 2450/3793 2447/3794 2446/3795 2449/3796
vt 0.056884 0.906478
vt 0.081995 0.906408
vt 0.081995 0.906408
vt 0.056884 0.906478
f 2445/3797 2443/3798 2451/3799 2448/3800
vt 0.106651 0.731550
vt 0.103412 0.729778
vt 0.087016 0.759740
vt 0.090256 0.761512
f 2225/3801 2226/3802 2227/3803 2228/3804
vt 0.106809 0.731261
vt 0.090414 0.761223
vt 0.087174 0.759451
vt 0.103570 0.729488
f 2229/3805 2232/3806 2231/3807 2230/3808
vt 0.103412 0.729778
vt 0.103570 0.729488
vt 0.087174 0.759451
vt 0.087016 0.759740
f 2470/3809 2462/3810 2463/3811 2471/3812
vt 0.106809 0.731261
vt 0.106651 0.731550
vt 0.090256 0.761512
vt 0.090414 0.761223
f 2440/3813 2474/3814 2475/3815 2441/3816
vt 0.103422 0.725373
vt 0.103264 0.725663
vt 0.084918 0.694059
vt 0.085076 0.693771
f 2236/3817 2240/3818 2237/3819 2233/3820
vt 0.106388 0.723800
vt 0.106546 0.723510
vt 0.088200 0.691908
vt 0.088042 0.692196
f 2239/3821 2235/3822 2234/3823 2238/3824
vt 0.103422 0.725373
vt 0.085076 0.693771
vt 0.088200 0.691908
vt 0.106546 0.723510
f 2461/3825 2460/3826 2456/3827 2457/3828
vt 0.103264 0.725663
vt 0.106388 0.723800
vt 0.088042 0.692196
vt 0.084918 0.694059
f 2459/3829 2453/3830 2452/3831 2458/3832
vt 0.110062 0.725791
vt 0.110178 0.729427
vt 0.146685 0.727839
vt 0.146570 0.724204
f 2241/3833 2242/3834 2243/3835 2244/3836
vt 0.110221 0.725502
vt 0.146728 0.723914
vt 0.146843 0.727550
vt 0.110336 0.729137
f 2245/3837 2248/3838 2247/3839 2246/3840
vt 0.110178 0.729427
vt 0.110336 0.729137
vt 0.146843 0.727550
vt 0.146685 0.727839
f 2468/3841 2454/3842 2455/3843 2469/3844
vt 0.110221 0.725502
vt 0.110062 0.725791
vt 0.146570 0.724204
vt 0.146728 0.723914
f 2466/3845 2472/3846 2473/3847 2467/3848
vt 0.106350 0.726422
vt 0.111852 0.716366
vt 0.117496 0.723281
f 2257/3849 2250/3850 2249/3851
vt 0.106350 0.726422
vt 0.102986 0.715341
vt 0.111852 0.716366
f 2257/3852 2251/3853 2250/3854
vt 0.106350 0.726422
vt 0.096090 0.720808
vt 0.102986 0.715341
f 2257/3855 2252/3856 2251/3857
vt 0.106350 0.726422
vt 0.095206 0.729560
vt 0.096090 0.720808
f 2257/3858 2253/3859 2252/3860
vt 0.106350 0.726422
vt 0.100848 0.736476
vt 0.095206 0.729560
f 2257/3861 2254/3862 2253/3863
vt 0.106350 0.726422
vt 0.109716 0.737500
vt 0.100848 0.736476
f 2257/3864 2255/3865 2254/3866
vt 0.106350 0.726422
vt 0.116610 0.732036
vt 0.109716 0.737500
f 2257/3867 2256/3868 2255/3869
vt 0.106350 0.726422
vt 0.117496 0.723281
vt 0.116610 0.732036
f 2257/3870 2249/3871 2256/3872
vt 0.111336 0.726414
vt 0.117954 0.723393
vt 0.112600 0.716831
vt 0.108954 0.723495
f 2259/3873 2267/3874 2266/3875 2258/3876
vt 0.131052 0.720004
vt 0.117496 0.723281
vt 0.111852 0.716366
vt 0.118367 0.704461
f 2357/3877 2402/3878 2401/3879 2353/3880
vt 0.108954 0.723495
vt 0.112600 0.716831
vt 0.104188 0.715859
vt 0.105211 0.723062
f 2355/3881 2354/3882 2268/3883 2260/3884
vt 0.118367 0.704461
vt 0.111852 0.716366
vt 0.102986 0.715341
vt 0.098438 0.702158
f 2353/3885 2401/3886 2400/3887 2349/3888
vt 0.105211 0.723062
vt 0.104188 0.715859
vt 0.097645 0.721045
vt 0.102300 0.725370
f 2351/3889 2350/3890 2269/3891 2261/3892
vt 0.098438 0.702158
vt 0.102986 0.715341
vt 0.096090 0.720808
vt 0.082940 0.714443
f 2349/3893 2400/3894 2399/3895 2345/3896
vt 0.102300 0.725370
vt 0.097645 0.721045
vt 0.096805 0.729351
vt 0.101926 0.729065
f 2347/3897 2346/3898 2270/3899 2262/3900
vt 0.082940 0.714443
vt 0.096090 0.720808
vt 0.095206 0.729560
vt 0.080949 0.734119
f 2345/3901 2399/3902 2398/3903 2341/3904
vt 0.101926 0.729065
vt 0.096805 0.729351
vt 0.102159 0.735912
vt 0.104308 0.731984
f 2343/3905 2342/3906 2271/3907 2263/3908
vt 0.080949 0.734119
vt 0.095206 0.729560
vt 0.100848 0.736476
vt 0.093633 0.749662
f 2341/3909 2398/3910 2405/3911 2337/3912
vt 0.104308 0.731984
vt 0.102159 0.735912
vt 0.110572 0.736884
vt 0.108051 0.732417
f 2339/3913 2338/3914 2272/3915 2264/3916
vt 0.093633 0.749662
vt 0.100848 0.736476
vt 0.109716 0.737500
vt 0.113563 0.751965
f 2337/3917 2405/3918 2404/3919 2333/3920
vt 0.108051 0.732417
vt 0.110572 0.736884
vt 0.117114 0.731698
vt 0.110962 0.730110
f 2335/3921 2334/3922 2273/3923 2265/3924
vt 0.113563 0.751965
vt 0.109716 0.737500
vt 0.116610 0.732036
vt 0.129061 0.739680
f 2333/3925 2404/3926 2403/3927 2332/3928
vt 0.117496 0.723281
vt 0.131052 0.720004
vt 0.129061 0.739680
vt 0.116610 0.732036
f 2402/3929 2357/3930 2332/3931 2403/3932
vt 0.117954 0.723393
vt 0.111336 0.726414
vt 0.110962 0.730110
vt 0.117114 0.731698
f 2358/3933 2359/3934 2330/3935 2331/3936
vt 0.149543 0.714392
vt 0.144959 0.715683
vt 0.134271 0.698453
vt 0.137549 0.695056
f 2274/3937 2286/3938 2287/3939 2275/3940
vt 0.137549 0.695056
vt 0.134271 0.698453
vt 0.116395 0.688671
vt 0.117489 0.684079
f 2275/3941 2287/3942 2288/3943 2276/3944
vt 0.117489 0.684079
vt 0.116395 0.688671
vt 0.096121 0.688959
vt 0.094738 0.684403
f 2276/3945 2288/3946 2289/3947 2277/3948
vt 0.094738 0.684403
vt 0.096121 0.688959
vt 0.078881 0.699240
vt 0.075391 0.695940
f 2277/3949 2289/3950 2290/3951 2278/3952
vt 0.075391 0.695940
vt 0.078881 0.699240
vt 0.069294 0.716760
vt 0.064633 0.715600
f 2278/3953 2290/3954 2291/3955 2279/3956
vt 0.064633 0.715600
vt 0.069294 0.716760
vt 0.069930 0.736823
vt 0.065347 0.738114
f 2279/3957 2291/3958 2292/3959 2280/3960
vt 0.065347 0.738114
vt 0.069930 0.736823
vt 0.080618 0.754054
vt 0.077340 0.757451
f 2280/3961 2292/3962 2293/3963 2281/3964
vt 0.077340 0.757451
vt 0.080618 0.754054
vt 0.098494 0.763836
vt 0.097400 0.768428
f 2281/3965 2293/3966 2294/3967 2282/3968
vt 0.097400 0.768428
vt 0.098494 0.763836
vt 0.118768 0.763547
vt 0.120151 0.768103
f 2282/3969 2294/3970 2295/3971 2283/3972
vt 0.120151 0.768103
vt 0.118768 0.763547
vt 0.136008 0.753266
vt 0.139498 0.756566
f 2283/3973 2295/3974 2296/3975 2284/3976
vt 0.139498 0.756566
vt 0.136008 0.753266
vt 0.145595 0.735746
vt 0.150256 0.736906
f 2284/3977 2296/3978 2297/3979 2285/3980
vt 0.144959 0.715683
vt 0.149543 0.714392
vt 0.150256 0.736906
vt 0.145595 0.735746
f 2286/3981 2274/3982 2285/3983 2297/3984
vt 0.144959 0.715683
vt 0.145595 0.735746
vt 0.145354 0.736186
vt 0.144718 0.716123
f 2419/3985 2418/3986 2298/3987 2309/3988
vt 0.145595 0.735746
vt 0.136008 0.753266
vt 0.135767 0.753706
vt 0.145354 0.736186
f 2417/3989 2416/3990 2299/3991 2435/3992
vt 0.136008 0.753266
vt 0.118768 0.763547
vt 0.118527 0.763987
vt 0.135767 0.753706
f 2415/3993 2414/3994 2300/3995 2437/3996
vt 0.118768 0.763547
vt 0.098494 0.763836
vt 0.098253 0.764276
vt 0.118527 0.763987
f 2414/3997 2413/3998 2301/3999 2300/4000
vt 0.098494 0.763836
vt 0.080618 0.754054
vt 0.080377 0.754494
vt 0.098253 0.764276
f 2413/4001 2412/4002 2302/4003 2301/4004
vt 0.080618 0.754054
vt 0.069930 0.736823
vt 0.069690 0.737263
vt 0.080377 0.754494
f 2411/4005 2427/4006 2303/4007 2410/4008
vt 0.069930 0.736823
vt 0.069294 0.716760
vt 0.069054 0.717200
vt 0.069690 0.737263
f 2427/4009 2426/4010 2304/4011 2303/4012
vt 0.069294 0.716760
vt 0.078881 0.699240
vt 0.078640 0.699680
vt 0.069054 0.717200
f 2426/4013 2425/4014 2305/4015 2304/4016
vt 0.078881 0.699240
vt 0.096121 0.688959
vt 0.095881 0.689399
vt 0.078640 0.699680
f 2425/4017 2424/4018 2306/4019 2305/4020
vt 0.096121 0.688959
vt 0.116395 0.688671
vt 0.116155 0.689111
vt 0.095881 0.689399
f 2423/4021 2422/4022 2307/4023 2429/4024
vt 0.116395 0.688671
vt 0.134271 0.698453
vt 0.134031 0.698892
vt 0.116155 0.689111
f 2422/4025 2421/4026 2308/4027 2307/4028
vt 0.134271 0.698453
vt 0.144959 0.715683
vt 0.144718 0.716123
vt 0.134031 0.698892
f 2420/4029 2419/4030 2309/4031 2432/4032
vt 0.150256 0.736906
vt 0.149543 0.714392
vt 0.149302 0.714832
vt 0.150015 0.737346
f 2369/4033 2371/4034 2394/4035 2310/4036
vt 0.139498 0.756566
vt 0.150256 0.736906
vt 0.150015 0.737346
vt 0.139257 0.757006
f 2368/4037 2369/4038 2310/4039 2311/4040
vt 0.120151 0.768103
vt 0.139498 0.756566
vt 0.139257 0.757006
vt 0.119910 0.768544
f 2366/4041 2367/4042 2397/4043 2312/4044
vt 0.097400 0.768428
vt 0.120151 0.768103
vt 0.119910 0.768544
vt 0.097159 0.768868
f 2382/4045 2365/4046 2364/4047 2313/4048
vt 0.077340 0.757451
vt 0.097400 0.768428
vt 0.097159 0.768868
vt 0.077099 0.757891
f 2381/4049 2382/4050 2313/4051 2314/4052
vt 0.065347 0.738114
vt 0.077340 0.757451
vt 0.077099 0.757891
vt 0.065106 0.738555
f 2379/4053 2380/4054 2384/4055 2315/4056
vt 0.064633 0.715600
vt 0.065347 0.738114
vt 0.065106 0.738555
vt 0.064392 0.716040
f 2378/4057 2379/4058 2315/4059 2316/4060
vt 0.075391 0.695940
vt 0.064633 0.715600
vt 0.064392 0.716040
vt 0.075151 0.696380
f 2377/4061 2378/4062 2316/4063 2317/4064
vt 0.094738 0.684403
vt 0.075391 0.695940
vt 0.075151 0.696380
vt 0.094497 0.684843
f 2375/4065 2376/4066 2388/4067 2318/4068
vt 0.117489 0.684079
vt 0.094738 0.684403
vt 0.094497 0.684843
vt 0.117248 0.684519
f 2374/4069 2375/4070 2318/4071 2319/4072
vt 0.137549 0.695056
vt 0.117489 0.684079
vt 0.117248 0.684519
vt 0.137308 0.695496
f 2373/4073 2374/4074 2319/4075 2320/4076
vt 0.149543 0.714392
vt 0.137549 0.695056
vt 0.137308 0.695496
vt 0.149302 0.714832
f 2370/4077 2372/4078 2392/4079 2321/4080
vt 0.134031 0.698892
vt 0.144718 0.716123
vt 0.149302 0.714832
vt 0.137308 0.695496
f 2431/4081 2433/4082 2393/4083 2391/4084
vt 0.116155 0.689111
vt 0.134031 0.698892
vt 0.137308 0.695496
vt 0.117248 0.684519
f 2430/4085 2431/4086 2391/4087 2390/4088
vt 0.095881 0.689399
vt 0.116155 0.689111
vt 0.117248 0.684519
vt 0.094497 0.684843
f 2428/4089 2430/4090 2390/4091 2389/4092
vt 0.078640 0.699680
vt 0.095881 0.689399
vt 0.094497 0.684843
vt 0.075151 0.696380
f 2406/4093 2428/4094 2389/4095 2387/4096
vt 0.069054 0.717200
vt 0.078640 0.699680
vt 0.075151 0.696380
vt 0.064392 0.716040
f 2407/4097 2406/4098 2387/4099 2386/4100
vt 0.069690 0.737263
vt 0.069054 0.717200
vt 0.064392 0.716040
vt 0.065106 0.738555
f 2408/4101 2407/4102 2386/4103 2385/4104
vt 0.080377 0.754494
vt 0.069690 0.737263
vt 0.065106 0.738555
vt 0.077099 0.757891
f 2409/4105 2408/4106 2385/4107 2383/4108
vt 0.098253 0.764276
vt 0.080377 0.754494
vt 0.077099 0.757891
vt 0.097159 0.768868
f 2439/4109 2409/4110 2383/4111 2362/4112
vt 0.118527 0.763987
vt 0.098253 0.764276
vt 0.097159 0.768868
vt 0.119910 0.768544
f 2438/4113 2439/4114 2362/4115 2363/4116
vt 0.135767 0.753706
vt 0.118527 0.763987
vt 0.119910 0.768544
vt 0.139257 0.757006
f 2436/4117 2438/4118 2363/4119 2396/4120
vt 0.145354 0.736186
vt 0.135767 0.753706
vt 0.139257 0.757006
vt 0.150015 0.737346
f 2434/4121 2436/4122 2396/4123 2395/4124
vt 0.144718 0.716123
vt 0.145354 0.736186
vt 0.150015 0.737346
vt 0.149302 0.714832
f 2433/4125 2434/4126 2395/4127 2393/4128
vt 0.110483 0.727973
vt 0.111336 0.726414
vt 0.108954 0.723495
vt 0.108101 0.725053
f 2323/4129 2259/4130 2258/4131 2322/4132
vt 0.108101 0.725053
vt 0.108954 0.723495
vt 0.105211 0.723062
vt 0.104358 0.724621
f 2356/4133 2355/4134 2260/4135 2324/4136
vt 0.104358 0.724621
vt 0.105211 0.723062
vt 0.102300 0.725370
vt 0.101447 0.726929
f 2352/4137 2351/4138 2261/4139 2325/4140
vt 0.101447 0.726929
vt 0.102300 0.725370
vt 0.101926 0.729065
vt 0.101073 0.730624
f 2348/4141 2347/4142 2262/4143 2326/4144
vt 0.101073 0.730624
vt 0.101926 0.729065
vt 0.104308 0.731984
vt 0.103456 0.733543
f 2344/4145 2343/4146 2263/4147 2327/4148
vt 0.103456 0.733543
vt 0.104308 0.731984
vt 0.108051 0.732417
vt 0.107198 0.733976
f 2340/4149 2339/4150 2264/4151 2328/4152
vt 0.107198 0.733976
vt 0.108051 0.732417
vt 0.110962 0.730110
vt 0.110109 0.731668
f 2336/4153 2335/4154 2265/4155 2329/4156
vt 0.111336 0.726414
vt 0.110483 0.727973
vt 0.110109 0.731668
vt 0.110962 0.730110
f 2359/4157 2360/4158 2361/4159 2330/4160
vt 0.359270 0.718394
vt 0.350989 0.718394
vt 0.350989 0.718394
vt 0.359270 0.718394
f 2476/4161 2479/4162 2478/4163 2477/4164
vt 0.104659 0.024547
vt 0.119988 0.063762
vt 0.119988 0.063762
vt 0.104659 0.024547
f 2480/4165 2484/4166 2485/4167 2481/4168
vt 0.091282 0.028161
vt 0.091282 0.028161
vt 0.085565 0.028161
vt 0.085565 0.028161
f 2483/4169 2482/4170 2488/4171 2489/4172
vt 0.101639 0.072921
vt 0.101639 0.072921
vt 0.095923 0.072921
vt 0.095923 0.072921
f 2486/4173 2487/4174 2491/4175 2490/4176
vt 0.091282 0.028161
vt 0.101639 0.072921
vt 0.095923 0.072921
vt 0.085565 0.028161
f 2510/4177 2499/4178 2498/4179 2511/4180
vt 0.101639 0.072921
vt 0.091282 0.028161
vt 0.085565 0.028161
vt 0.095923 0.072921
f 2519/4181 2513/4182 2515/4183 2520/4184
vt 0.085565 0.028161
vt 0.095923 0.072921
vt 0.090247 0.047116
f 2516/4185 2497/4186 2492/4187
vt 0.095923 0.072921
vt 0.085565 0.028161
vt 0.090247 0.047116
f 2517/4188 2514/4189 2492/4190
vt 0.085565 0.028161
vt 0.085565 0.028161
vt 0.090247 0.047116
f 2514/4191 2516/4192 2492/4193
vt 0.095923 0.072921
vt 0.095923 0.072921
vt 0.090247 0.047116
f 2497/4194 2517/4195 2492/4196
vt 0.097970 0.026354
vt 0.104659 0.024547
vt 0.104659 0.024547
vt 0.097970 0.026354
f 2496/4197 2506/4198 2508/4199 2495/4200
vt 0.097970 0.026354
vt 0.091282 0.028161
vt 0.091282 0.028161
vt 0.097970 0.026354
f 2495/4201 2482/4202 2483/4203 2496/4204
vt 0.119988 0.063762
vt 0.110814 0.068342
vt 0.110814 0.068342
vt 0.119988 0.063762
f 2504/4205 2494/4206 2493/4207 2502/4208
vt 0.308461 0.956232
vt 0.251298 0.967150
vt 0.251298 0.631796
vt 0.308461 0.642713
f 2494/4209 2487/4210 2486/4211 2493/4212
vt 0.119988 0.063762
vt 0.110814 0.068342
vt 0.097970 0.026354
vt 0.104659 0.024547
f 2501/4213 2500/4214 2509/4215 2507/4216
vt 0.110814 0.068342
vt 0.101639 0.072921
vt 0.091282 0.028161
vt 0.097970 0.026354
f 2500/4217 2499/4218 2510/4219 2509/4220
vt 0.104659 0.024547
vt 0.097970 0.026354
vt 0.110814 0.068342
vt 0.119988 0.063762
f 2505/4221 2512/4222 2518/4223 2503/4224
vt 0.097970 0.026354
vt 0.091282 0.028161
vt 0.101639 0.072921
vt 0.110814 0.068342
f 2512/4225 2513/4226 2519/4227 2518/4228
vt 0.038229 0.879361
vt 0.113640 0.879612
vt 0.112912 0.872450
vt 0.039050 0.859146
f 2522/4229 2526/4230 2527/4231 2523/4232
vt 0.113640 0.879612
vt 0.038229 0.879361
vt 0.039050 0.859146
vt 0.112912 0.872450
f 2525/4233 2521/4234 2524/4235 2528/4236
vt 0.039050 0.859146
vt 0.038229 0.879361
vt 0.030698 0.874692
vt 0.030690 0.860691
f 2644/4237 2646/4238 2532/4239 2529/4240
vt 0.038229 0.879361
vt 0.039050 0.859146
vt 0.030690 0.860691
vt 0.030698 0.874692
f 2630/4241 2632/4242 2530/4243 2531/4244
vt 0.129984 0.869375
vt 0.136251 0.887774
vt 0.132105 0.887774
vt 0.125837 0.869375
f 2642/4245 2540/4246 2537/4247 2640/4248
vt 0.136251 0.887774
vt 0.136251 0.960590
vt 0.132105 0.960590
vt 0.132105 0.887774
f 2540/4249 2539/4250 2538/4251 2537/4252
vt 0.136251 0.960590
vt 0.129984 0.978988
vt 0.125837 0.978988
vt 0.132105 0.960590
f 2539/4253 2634/4254 2636/4255 2538/4256
vt 0.026998 0.887774
vt 0.026998 0.863676
vt 0.125837 0.869375
vt 0.132105 0.887774
f 2533/4257 2659/4258 2639/4259 2638/4260
vt 0.132105 0.887774
vt 0.132105 0.960590
vt 0.026998 0.960590
vt 0.026998 0.887774
f 2638/4261 2637/4262 2534/4263 2533/4264
vt 0.132105 0.960590
vt 0.125837 0.978988
vt 0.026998 0.984687
vt 0.026998 0.960590
f 2637/4265 2635/4266 2629/4267 2534/4268
vt 0.129984 0.978988
vt 0.136251 0.960590
vt 0.042476 0.960590
vt 0.042476 0.984687
f 2633/4269 2658/4270 2535/4271 2631/4272
vt 0.136251 0.960590
vt 0.136251 0.887774
vt 0.042476 0.887774
vt 0.042476 0.960590
f 2658/4273 2657/4274 2536/4275 2535/4276
vt 0.136251 0.887774
vt 0.129984 0.869375
vt 0.042476 0.863676
vt 0.042476 0.887774
f 2657/4277 2641/4278 2643/4279 2536/4280
vt 0.042476 0.984687
vt 0.042476 0.960590
vt 0.030400 0.960590
vt 0.030400 0.975517
f 2631/4281 2535/4282 2542/4283 2660/4284
vt 0.042476 0.960590
vt 0.042476 0.887774
vt 0.030400 0.887774
vt 0.030400 0.960590
f 2535/4285 2536/4286 2541/4287 2542/4288
vt 0.042476 0.887774
vt 0.042476 0.863676
vt 0.030400 0.872847
vt 0.030400 0.887774
f 2536/4289 2643/4290 2652/4291 2541/4292
vt 0.026998 0.863676
vt 0.026998 0.887774
vt 0.014149 0.887774
vt 0.020435 0.872847
f 2645/4293 2647/4294 2544/4295 2650/4296
vt 0.026998 0.887774
vt 0.026998 0.960590
vt 0.014149 0.960590
vt 0.014149 0.887774
f 2647/4297 2648/4298 2543/4299 2544/4300
vt 0.026998 0.960590
vt 0.026998 0.984687
vt 0.020435 0.975517
vt 0.014149 0.960590
f 2648/4301 2628/4302 2627/4303 2543/4304
vt 0.020435 0.872847
vt 0.014149 0.887774
vt 0.030400 0.887774
vt 0.030400 0.872847
f 2649/4305 2656/4306 2653/4307 2651/4308
vt 0.014149 0.887774
vt 0.014149 0.960590
vt 0.030400 0.960590
vt 0.030400 0.887774
f 2656/4309 2625/4310 2654/4311 2653/4312
vt 0.014149 0.960590
vt 0.020435 0.975517
vt 0.030400 0.975517
vt 0.030400 0.960590
f 2625/4313 2626/4314 2655/4315 2654/4316
vt 0.034524 0.879146
vt 0.028515 0.864163
vt 0.111747 0.870580
vt 0.108103 0.877965
f 2546/4317 2553/4318 2555/4319 2547/4320
vt 0.028515 0.864163
vt 0.039799 0.859815
vt 0.108913 0.865341
vt 0.111747 0.870580
f 2553/4321 2550/4322 2551/4323 2555/4324
vt 0.039799 0.859815
vt 0.028515 0.864163
vt 0.111747 0.870580
vt 0.108913 0.865341
f 2549/4325 2554/4326 2556/4327 2552/4328
vt 0.028515 0.864163
vt 0.034524 0.879146
vt 0.108103 0.877965
vt 0.111747 0.870580
f 2554/4329 2545/4330 2548/4331 2556/4332
vt 0.023330 0.868806
vt 0.021006 0.886876
vt 0.122609 0.886876
vt 0.115875 0.868806
f 2599/4333 2557/4334 2560/4335 2601/4336
vt 0.021006 0.886876
vt 0.021006 0.961605
vt 0.122609 0.961605
vt 0.122609 0.886876
f 2557/4337 2558/4338 2559/4339 2560/4340
vt 0.021006 0.961605
vt 0.023330 0.979675
vt 0.115875 0.979675
vt 0.122609 0.961605
f 2558/4341 2611/4342 2609/4343 2559/4344
vt 0.116893 0.868806
vt 0.123627 0.886876
vt 0.027641 0.886876
vt 0.029965 0.868806
f 2594/4345 2564/4346 2561/4347 2595/4348
vt 0.123627 0.886876
vt 0.123627 0.961605
vt 0.027641 0.961605
vt 0.027641 0.886876
f 2564/4349 2563/4350 2562/4351 2561/4352
vt 0.123627 0.961605
vt 0.116893 0.979675
vt 0.029965 0.979675
vt 0.027641 0.961605
f 2563/4353 2616/4354 2614/4355 2562/4356
vt 0.021006 0.886876
vt 0.023330 0.868806
vt 0.015773 0.868806
vt 0.013449 0.886876
f 2622/4357 2598/4358 2597/4359 2566/4360
vt 0.013449 0.886876
vt 0.013449 0.961605
vt 0.021006 0.961605
vt 0.021006 0.886876
f 2566/4361 2565/4362 2621/4363 2622/4364
vt 0.013449 0.961605
vt 0.015773 0.979675
vt 0.023330 0.979675
vt 0.021006 0.961605
f 2565/4365 2613/4366 2610/4367 2621/4368
vt 0.029965 0.868806
vt 0.027641 0.886876
vt 0.013449 0.886876
vt 0.015773 0.868806
f 2595/4369 2561/4370 2620/4371 2596/4372
vt 0.027641 0.886876
vt 0.027641 0.961605
vt 0.013449 0.961605
vt 0.013449 0.886876
f 2561/4373 2562/4374 2619/4375 2620/4376
vt 0.027641 0.961605
vt 0.029965 0.979675
vt 0.015773 0.979675
vt 0.013449 0.961605
f 2562/4377 2614/4378 2612/4379 2619/4380
vt 0.120457 0.979675
vt 0.127191 0.961605
vt 0.122609 0.961605
vt 0.115875 0.979675
f 2607/4381 2567/4382 2623/4383 2608/4384
vt 0.127191 0.961605
vt 0.127191 0.886876
vt 0.122609 0.886876
vt 0.122609 0.961605
f 2567/4385 2568/4386 2624/4387 2623/4388
vt 0.127191 0.886876
vt 0.120457 0.868806
vt 0.115875 0.868806
vt 0.122609 0.886876
f 2568/4389 2603/4390 2600/4391 2624/4392
vt 0.116893 0.979675
vt 0.123627 0.961605
vt 0.127191 0.961605
vt 0.120457 0.979675
f 2615/4393 2617/4394 2605/4395 2606/4396
vt 0.123627 0.961605
vt 0.123627 0.886876
vt 0.127191 0.886876
vt 0.127191 0.961605
f 2617/4397 2618/4398 2604/4399 2605/4400
vt 0.123627 0.886876
vt 0.116893 0.868806
vt 0.120457 0.868806
vt 0.127191 0.886876
f 2618/4401 2593/4402 2602/4403 2604/4404
vt 0.097008 0.868128
vt 0.052946 0.868128
vt 0.052946 0.868128
vt 0.097008 0.868128
f 2569/4405 2570/4406 2571/4407 2572/4408
vt 0.097008 0.977716
vt 0.097008 0.977716
vt 0.052946 0.977716
vt 0.052946 0.977716
f 2573/4409 2576/4410 2575/4411 2574/4412
vt 0.097008 0.868128
vt 0.097008 0.879773
vt 0.052946 0.879773
vt 0.052946 0.868128
f 2666/4413 2579/4414 2577/4415 2664/4416
vt 0.097008 0.967734
vt 0.097008 0.977716
vt 0.052946 0.977716
vt 0.052946 0.967734
f 2580/4417 2708/4418 2706/4419 2578/4420
vt 0.096892 0.867389
vt 0.096892 0.879197
vt 0.052823 0.879197
vt 0.052823 0.867389
f 2663/4421 2684/4422 2581/4423 2662/4424
vt 0.096892 0.967478
vt 0.096892 0.977545
vt 0.052823 0.977545
vt 0.052823 0.967478
f 2711/4425 2705/4426 2704/4427 2582/4428
vt 0.052946 0.868128
vt 0.052946 0.879773
vt 0.097008 0.879773
vt 0.097008 0.868128
f 2661/4429 2678/4430 2583/4431 2668/4432
vt 0.052946 0.967734
vt 0.052946 0.977716
vt 0.097008 0.977716
vt 0.097008 0.967734
f 2713/4433 2703/4434 2702/4435 2584/4436
vt 0.096892 0.977545
vt 0.096892 0.967478
vt 0.052823 0.967478
vt 0.052823 0.977545
f 2707/4437 2709/4438 2698/4439 2701/4440
vt 0.096892 0.879197
vt 0.096892 0.867389
vt 0.052823 0.867389
vt 0.052823 0.879197
f 2720/4441 2665/4442 2667/4443 2670/4444
vt 0.097008 0.879773
vt 0.099325 0.902992
vt 0.050629 0.902992
vt 0.052946 0.879773
f 2722/4445 2587/4446 2585/4447 2721/4448
vt 0.099325 0.902992
vt 0.099325 0.958554
vt 0.050629 0.958554
vt 0.050629 0.902992
f 2687/4449 2588/4450 2586/4451 2681/4452
vt 0.099325 0.958554
vt 0.097008 0.967734
vt 0.052946 0.967734
vt 0.050629 0.958554
f 2690/4453 2724/4454 2723/4455 2692/4456
vt 0.096892 0.879197
vt 0.099209 0.902444
vt 0.050506 0.902444
vt 0.052823 0.879197
f 2683/4457 2682/4458 2590/4459 2685/4460
vt 0.099209 0.902444
vt 0.099209 0.958269
vt 0.050506 0.958269
vt 0.050506 0.902444
f 2680/4461 2716/4462 2589/4463 2675/4464
vt 0.099209 0.958269
vt 0.096892 0.967478
vt 0.052823 0.967478
vt 0.050506 0.958269
f 2691/4465 2710/4466 2712/4467 2694/4468
vt 0.052946 0.879773
vt 0.050629 0.902992
vt 0.099325 0.902992
vt 0.097008 0.879773
f 2677/4469 2676/4470 2592/4471 2679/4472
vt 0.050629 0.902992
vt 0.050629 0.958554
vt 0.099325 0.958554
vt 0.099325 0.902992
f 2674/4473 2717/4474 2591/4475 2673/4476
vt 0.050629 0.958554
vt 0.052946 0.967734
vt 0.097008 0.967734
vt 0.099325 0.958554
f 2693/4477 2700/4478 2699/4479 2696/4480
vt 0.096892 0.967478
vt 0.099209 0.958269
vt 0.050506 0.958269
vt 0.052823 0.967478
f 2714/4481 2689/4482 2695/4483 2697/4484
vt 0.099209 0.958269
vt 0.099209 0.902444
vt 0.050506 0.902444
vt 0.050506 0.958269
f 2688/4485 2686/4486 2672/4487 2715/4488
vt 0.099209 0.902444
vt 0.096892 0.879197
vt 0.052823 0.879197
vt 0.050506 0.902444
f 2718/4489 2719/4490 2669/4491 2671/4492
vt 0.079119 0.046051
vt 0.079119 0.046051
vt 0.035804 0.046051
vt 0.035804 0.046051
f 2725/4493 2726/4494 2727/4495 2728/4496
vt 0.084956 0.059691
vt 0.029075 0.059691
vt 0.029075 0.059691
vt 0.084956 0.059691
f 2729/4497 2732/4498 2731/4499 2730/4500
vt 0.079119 0.046051
vt 0.084956 0.055667
vt 0.084956 0.055667
vt 0.079119 0.046051
f 2755/4501 2734/4502 2733/4503 2753/4504
vt 0.084956 0.055667
vt 0.084956 0.059691
vt 0.084956 0.059691
vt 0.084956 0.055667
f 2760/4505 2742/4506 2740/4507 2759/4508
vt 0.079119 0.046051
vt 0.084956 0.055667
vt 0.029075 0.055667
vt 0.035804 0.046051
f 2752/4509 2757/4510 2735/4511 2751/4512
vt 0.084956 0.055667
vt 0.084956 0.059691
vt 0.029075 0.059691
vt 0.029075 0.055667
f 2757/4513 2739/4514 2738/4515 2735/4516
vt 0.035804 0.046051
vt 0.029075 0.055667
vt 0.029075 0.055667
vt 0.035804 0.046051
f 2750/4517 2758/4518 2736/4519 2749/4520
vt 0.029075 0.055667
vt 0.029075 0.059691
vt 0.029075 0.059691
vt 0.029075 0.055667
f 2747/4521 2737/4522 2744/4523 2746/4524
vt 0.084956 0.059691
vt 0.084956 0.055667
vt 0.029075 0.055667
vt 0.029075 0.059691
f 2741/4525 2756/4526 2745/4527 2743/4528
vt 0.084956 0.055667
vt 0.079119 0.046051
vt 0.035804 0.046051
vt 0.029075 0.055667
f 2756/4529 2754/4530 2748/4531 2745/4532
vt 0.208251 0.029009
vt 0.199686 0.041744
vt 0.199686 0.041744
vt 0.208244 0.029009
f 2771/4533 2779/4534 2777/4535 2769/4536
vt 0.199686 0.041744
vt 0.199686 0.041744
vt 0.208251 0.029009
vt 0.208244 0.029009
f 2778/4537 2780/4538 2772/4539 2770/4540
vt 0.199686 0.041744
vt 0.181212 0.041744
vt 0.181212 0.041744
vt 0.199686 0.041744
f 2968/4541 2775/4542 2773/4543 2967/4544
vt 0.181212 0.041744
vt 0.181212 0.041744
vt 0.199686 0.041744
vt 0.199686 0.041744
f 2774/4545 2776/4546 2921/4547 2919/4548
vt 0.097915 0.025878
vt 0.093083 0.025878
vt 0.093083 0.025878
vt 0.097915 0.025878
f 2797/4549 2885/4550 2789/4551 3059/4552
vt 0.093083 0.025878
vt 0.093083 0.025878
vt 0.097915 0.025878
vt 0.097915 0.025878
f 3031/4553 3029/4554 3055/4555 3054/4556
vt 0.097915 0.029009
vt 0.168819 0.029009
vt 0.168819 0.025878
vt 0.097915 0.025878
f 2791/4557 2801/4558 3162/4559 2799/4560
vt 0.168819 0.025878
vt 0.168819 0.029009
vt 0.097915 0.029009
vt 0.097915 0.025878
f 2809/4561 2802/4562 2792/4563 2800/4564
vt 0.174662 0.025878
vt 0.168819 0.025878
vt 0.168819 0.025878
vt 0.174662 0.025878
f 2985/4565 2990/4566 2808/4567 2786/4568
vt 0.168819 0.025878
vt 0.168819 0.025878
vt 0.174662 0.025878
vt 0.174662 0.025878
f 2994/4569 2807/4570 3003/4571 2787/4572
vt 0.085306 0.044744
vt 0.085306 0.044744
vt 0.088511 0.044744
vt 0.088511 0.044744
f 3100/4573 3085/4574 2795/4575 2793/4576
vt 0.088511 0.044744
vt 0.085306 0.044744
vt 0.085306 0.044744
vt 0.088511 0.044744
f 2796/4577 3049/4578 3043/4579 2794/4580
vt 0.212569 0.031199
vt 0.203608 0.044744
vt 0.203608 0.044744
vt 0.212569 0.031199
f 2761/4581 2765/4582 2767/4583 2763/4584
vt 0.203608 0.044744
vt 0.203608 0.044744
vt 0.212569 0.031199
vt 0.212569 0.031199
f 2768/4585 2766/4586 2762/4587 2764/4588
vt 0.203608 0.044744
vt 0.176915 0.044744
vt 0.176915 0.044744
vt 0.203608 0.044744
f 3008/4589 2803/4590 2805/4591 3010/4592
vt 0.176915 0.044744
vt 0.176915 0.044744
vt 0.203608 0.044744
vt 0.203608 0.044744
f 2806/4593 2804/4594 2940/4595 2938/4596
vt 0.212569 0.031199
vt 0.203608 0.044744
vt 0.199686 0.041744
vt 0.208251 0.029009
f 3011/4597 3009/4598 3019/4599 3020/4600
vt 0.199686 0.041744
vt 0.203608 0.044744
vt 0.212569 0.031199
vt 0.208251 0.029009
f 2920/4601 2937/4602 2936/4603 2922/4604
vt 0.212569 0.031199
vt 0.208244 0.029009
vt 0.199686 0.041744
vt 0.203608 0.044744
f 2976/4605 2970/4606 2966/4607 3007/4608
vt 0.199686 0.041744
vt 0.208244 0.029009
vt 0.212569 0.031199
vt 0.203608 0.044744
f 2918/4609 2917/4610 2941/4611 2939/4612
vt 0.181212 0.041744
vt 0.176915 0.044744
vt 0.203608 0.044744
vt 0.199686 0.041744
f 2964/4613 3014/4614 3007/4615 2966/4616
vt 0.203608 0.044744
vt 0.176915 0.044744
vt 0.181212 0.041744
vt 0.199686 0.041744
f 2939/4617 2950/4618 2925/4619 2918/4620
vt 0.181212 0.041744
vt 0.199686 0.041744
vt 0.203608 0.044744
vt 0.176915 0.044744
f 2962/4621 3019/4622 3009/4623 3012/4624
vt 0.203608 0.044744
vt 0.199686 0.041744
vt 0.181212 0.041744
vt 0.176915 0.044744
f 2937/4625 2920/4626 2923/4627 2952/4628
vt 0.085306 0.041314
vt 0.093083 0.031392
vt 0.093083 0.031392
vt 0.085306 0.041314
f 2810/4629 2814/4630 2883/4631 2812/4632
vt 0.093083 0.031392
vt 0.093083 0.031392
vt 0.085306 0.041314
vt 0.085306 0.041314
f 2816/4633 2815/4634 2811/4635 2813/4636
vt 0.088511 0.044744
vt 0.097915 0.031392
vt 0.097915 0.031392
vt 0.088511 0.044744
f 3084/4637 2819/4638 2817/4639 3082/4640
vt 0.097915 0.031392
vt 0.097915 0.031392
vt 0.088511 0.044744
vt 0.088511 0.044744
f 2818/4641 2820/4642 3040/4643 3042/4644
vt 0.212569 0.031199
vt 0.212569 0.031199
vt 0.212569 0.023920
vt 0.212569 0.023920
f 2977/4645 2980/4646 2887/4647 2821/4648
vt 0.212569 0.023920
vt 0.212569 0.031199
vt 0.212569 0.031199
vt 0.212569 0.023920
f 2823/4649 2935/4650 2942/4651 2822/4652
vt 0.208244 0.029009
vt 0.212569 0.031199
vt 0.212569 0.023920
vt 0.208244 0.023920
f 2970/4653 2976/4654 2975/4655 2824/4656
vt 0.212569 0.023920
vt 0.212569 0.031199
vt 0.208244 0.029009
vt 0.208244 0.023920
f 2944/4657 2941/4658 2917/4659 2825/4660
vt 0.208251 0.029009
vt 0.208244 0.029009
vt 0.208244 0.023920
vt 0.208251 0.023920
f 2971/4661 2969/4662 2973/4663 2826/4664
vt 0.208244 0.023920
vt 0.208244 0.029009
vt 0.208251 0.029009
vt 0.208251 0.023920
f 2947/4665 2916/4666 3028/4667 2827/4668
vt 0.212569 0.023920
vt 0.208251 0.023920
vt 0.208244 0.023920
vt 0.212569 0.023920
f 3017/4669 3018/4670 2972/4671 2974/4672
vt 0.208244 0.023920
vt 0.208251 0.023920
vt 0.212569 0.023920
vt 0.212569 0.023920
f 2946/4673 2948/4674 2945/4675 2943/4676
vt 0.093083 0.031392
vt 0.085306 0.041314
vt 0.088511 0.044744
vt 0.097915 0.031392
f 3064/4677 3065/4678 3081/4679 3080/4680
vt 0.088511 0.044744
vt 0.085306 0.041314
vt 0.093083 0.031392
vt 0.097915 0.031392
f 3041/4681 3103/4682 3032/4683 3052/4684
vt 0.097915 0.031392
vt 0.088511 0.044744
vt 0.085306 0.041314
vt 0.093083 0.031392
f 3099/4685 3083/4686 3068/4687 3070/4688
vt 0.085306 0.041314
vt 0.088511 0.044744
vt 0.097915 0.031392
vt 0.093083 0.031392
f 3106/4689 3039/4690 3038/4691 3107/4692
vt 0.085306 0.044744
vt 0.085306 0.041314
vt 0.088511 0.044744
f 2783/4693 3068/4694 3083/4695
vt 0.088511 0.044744
vt 0.085306 0.041314
vt 0.085306 0.044744
f 3039/4696 3106/4697 2784/4698
vt 0.085306 0.044744
vt 0.088511 0.044744
vt 0.085306 0.041314
f 2781/4699 3081/4700 3065/4701
vt 0.085306 0.041314
vt 0.088511 0.044744
vt 0.085306 0.044744
f 3103/4702 3041/4703 2782/4704
vt 0.059698 0.027851
vt 0.029382 0.027851
vt 0.029382 0.035633
vt 0.055946 0.035634
f 3077/4705 2828/4706 2831/4707 2839/4708
vt 0.055946 0.035634
vt 0.029382 0.035633
vt 0.029382 0.035633
vt 0.055946 0.035634
f 3096/4709 3097/4710 2830/4711 3090/4712
vt 0.085306 0.044744
vt 0.058679 0.044744
vt 0.064605 0.041314
vt 0.085306 0.041314
f 2783/4713 2841/4714 2843/4715 3068/4716
vt 0.064605 0.041314
vt 0.058679 0.044744
vt 0.085306 0.044744
vt 0.085306 0.041314
f 2844/4717 2842/4718 2784/4719 3106/4720
vt 0.058679 0.044744
vt 0.055946 0.035634
vt 0.059698 0.027851
vt 0.064605 0.041314
f 2841/4721 2833/4722 2835/4723 2843/4724
vt 0.059698 0.027851
vt 0.055946 0.035634
vt 0.058679 0.044744
vt 0.064605 0.041314
f 2836/4725 3093/4726 2842/4727 2844/4728
vt 0.085306 0.041314
vt 0.064605 0.041314
vt 0.064605 0.041314
vt 0.085306 0.041314
f 3067/4729 3073/4730 2845/4731 3066/4732
vt 0.064605 0.041314
vt 0.064605 0.041314
vt 0.085306 0.041314
vt 0.085306 0.041314
f 2846/4733 3109/4734 3105/4735 3104/4736
vt 0.064605 0.041314
vt 0.059698 0.027851
vt 0.059698 0.027851
vt 0.064605 0.041314
f 3072/4737 3074/4738 2837/4739 3076/4740
vt 0.059698 0.027851
vt 0.059698 0.027851
vt 0.064605 0.041314
vt 0.064605 0.041314
f 2838/4741 3110/4742 3108/4743 3112/4744
vt 0.085306 0.041314
vt 0.064605 0.041314
vt 0.058679 0.044744
vt 0.085306 0.044744
f 3065/4745 3075/4746 2847/4747 2781/4748
vt 0.058679 0.044744
vt 0.064605 0.041314
vt 0.085306 0.041314
vt 0.085306 0.044744
f 2848/4749 3111/4750 3103/4751 2782/4752
vt 0.064605 0.041314
vt 0.059698 0.027851
vt 0.055946 0.035634
vt 0.058679 0.044744
f 3075/4753 3077/4754 2839/4755 2847/4756
vt 0.055946 0.035634
vt 0.059698 0.027851
vt 0.064605 0.041314
vt 0.058679 0.044744
f 2840/4757 3113/4758 3111/4759 2848/4760
vt 0.085306 0.044744
vt 0.058679 0.044744
vt 0.058679 0.044744
vt 0.085306 0.044744
f 3100/4761 3101/4762 3087/4763 3085/4764
vt 0.058679 0.044744
vt 0.058679 0.044744
vt 0.085306 0.044744
vt 0.085306 0.044744
f 3048/4765 3045/4766 3043/4767 3049/4768
vt 0.058679 0.044744
vt 0.055946 0.035634
vt 0.055946 0.035634
vt 0.058679 0.044744
f 3098/4769 3095/4770 3088/4771 3086/4772
vt 0.055946 0.035634
vt 0.055946 0.035634
vt 0.058679 0.044744
vt 0.058679 0.044744
f 3050/4773 3046/4774 3044/4775 3047/4776
vt 0.181212 0.041744
vt 0.181212 0.041744
vt 0.174662 0.031572
vt 0.174662 0.031572
f 2965/4777 2963/4778 2851/4779 2849/4780
vt 0.174662 0.031572
vt 0.181212 0.041744
vt 0.181212 0.041744
vt 0.174662 0.031572
f 2852/4781 2924/4782 2926/4783 2850/4784
vt 0.181212 0.041744
vt 0.176915 0.044744
vt 0.168819 0.031586
vt 0.174662 0.031572
f 2962/4785 3012/4786 2855/4787 2961/4788
vt 0.168819 0.031586
vt 0.176915 0.044744
vt 0.181212 0.041744
vt 0.174662 0.031572
f 2856/4789 2952/4790 2923/4791 3026/4792
vt 0.181212 0.041744
vt 0.174662 0.031572
vt 0.168819 0.031586
vt 0.176915 0.044744
f 2964/4793 2998/4794 2853/4795 3014/4796
vt 0.168819 0.031586
vt 0.174662 0.031572
vt 0.181212 0.041744
vt 0.176915 0.044744
f 2854/4797 2927/4798 2925/4799 2950/4800
vt 0.176915 0.044744
vt 0.168819 0.031586
vt 0.168819 0.031586
vt 0.176915 0.044744
f 3013/4801 3016/4802 2956/4803 3015/4804
vt 0.168819 0.031586
vt 0.168819 0.031586
vt 0.176915 0.044744
vt 0.176915 0.044744
f 2954/4805 3022/4806 2949/4807 2951/4808
vt 0.029382 0.027851
vt 0.029382 0.028966
vt 0.029382 0.034519
vt 0.029382 0.035633
f 3133/4809 2863/4810 2859/4811 3134/4812
vt 0.029382 0.034519
vt 0.029382 0.028966
vt 0.029382 0.027851
vt 0.029382 0.035633
f 2860/4813 2864/4814 2829/4815 2832/4816
vt 0.029382 0.035633
vt 0.029382 0.034519
vt 0.029382 0.028966
vt 0.029382 0.027851
f 2857/4817 2861/4818 2865/4819 2858/4820
vt 0.029382 0.028966
vt 0.029382 0.034519
vt 0.029382 0.035633
vt 0.029382 0.027851
f 2866/4821 2862/4822 2857/4823 2858/4824
vt 0.029382 0.027851
vt 0.029382 0.027851
vt 0.029382 0.028966
vt 0.029382 0.028966
f 3133/4825 2858/4826 2865/4827 2863/4828
vt 0.029382 0.028966
vt 0.029382 0.027851
vt 0.029382 0.027851
vt 0.029382 0.028966
f 2866/4829 2858/4830 2829/4831 2864/4832
vt 0.029382 0.035633
vt 0.029382 0.034519
vt 0.029382 0.034519
vt 0.029382 0.035633
f 3134/4833 2859/4834 2861/4835 2857/4836
vt 0.029382 0.034519
vt 0.029382 0.034519
vt 0.029382 0.035633
vt 0.029382 0.035633
f 2862/4837 2860/4838 2832/4839 2857/4840
vt 0.029382 0.028966
vt 0.029382 0.034519
vt 0.031245 0.034519
vt 0.031245 0.028966
f 3122/4841 3120/4842 2871/4843 2867/4844
vt 0.031245 0.034519
vt 0.029382 0.034519
vt 0.029382 0.028966
vt 0.031245 0.028966
f 2872/4845 2903/4846 2905/4847 2868/4848
vt 0.029382 0.028966
vt 0.029382 0.028966
vt 0.031245 0.028966
vt 0.031245 0.028966
f 3115/4849 3121/4850 3124/4851 3130/4852
vt 0.031245 0.028966
vt 0.029382 0.028966
vt 0.029382 0.028966
vt 0.031245 0.028966
f 2907/4853 2904/4854 2898/4855 2913/4856
vt 0.029382 0.034519
vt 0.029382 0.028966
vt 0.031245 0.028966
vt 0.031245 0.034519
f 3118/4857 3116/4858 2869/4859 3128/4860
vt 0.031245 0.028966
vt 0.029382 0.028966
vt 0.029382 0.034519
vt 0.031245 0.034519
f 2870/4861 2899/4862 2901/4863 2911/4864
vt 0.029382 0.034519
vt 0.029382 0.034519
vt 0.031245 0.034519
vt 0.031245 0.034519
f 3119/4865 3117/4866 2873/4867 3126/4868
vt 0.031245 0.034519
vt 0.029382 0.034519
vt 0.029382 0.034519
vt 0.031245 0.034519
f 2874/4869 2900/4870 2902/4871 2909/4872
vt 0.031245 0.034519
vt 0.031245 0.028966
vt 0.031245 0.028966
vt 0.031245 0.034519
f 3127/4873 3129/4874 3123/4875 3125/4876
vt 0.031245 0.028966
vt 0.031245 0.028966
vt 0.031245 0.034519
vt 0.031245 0.034519
f 2906/4877 2912/4878 2910/4879 2908/4880
vt 0.168819 0.029009
vt 0.097915 0.029009
vt 0.097915 0.025878
vt 0.168819 0.025878
f 2877/4881 2881/4882 2879/4883 2875/4884
vt 0.097915 0.025878
vt 0.097915 0.029009
vt 0.168819 0.029009
vt 0.168819 0.025878
f 2880/4885 2882/4886 2878/4887 2876/4888
vt 0.097915 0.029009
vt 0.097915 0.029009
vt 0.168819 0.029009
vt 0.168819 0.029009
f 3131/4889 2915/4890 2914/4891 3132/4892
vt 0.168819 0.029009
vt 0.097915 0.029009
vt 0.097915 0.029009
vt 0.168819 0.029009
f 3137/4893 3138/4894 3135/4895 3136/4896
vt 0.097915 0.025878
vt 0.168819 0.025878
vt 0.168819 0.025878
vt 0.097915 0.025878
f 3144/4897 3145/4898 3158/4899 3159/4900
vt 0.168819 0.025878
vt 0.168819 0.025878
vt 0.097915 0.025878
vt 0.097915 0.025878
f 3146/4901 3161/4902 3160/4903 3147/4904
vt 0.174662 0.025878
vt 0.174662 0.025878
vt 0.174662 0.031572
vt 0.174662 0.031572
f 2984/4905 2987/4906 3021/4907 2960/4908
vt 0.174662 0.031572
vt 0.174662 0.025878
vt 0.174662 0.025878
vt 0.174662 0.031572
f 2928/4909 3004/4910 3002/4911 2930/4912
vt 0.174662 0.025878
vt 0.168819 0.025878
vt 0.168819 0.031586
vt 0.174662 0.031572
f 2986/4913 2989/4914 2853/4915 2998/4916
vt 0.168819 0.031586
vt 0.168819 0.025878
vt 0.174662 0.025878
vt 0.174662 0.031572
f 2854/4917 2993/4918 2995/4919 2927/4920
vt 0.168819 0.025878
vt 0.168819 0.031586
vt 0.168819 0.031586
vt 0.168819 0.025878
f 2884/4921 2955/4922 2997/4923 2988/4924
vt 0.168819 0.031586
vt 0.168819 0.031586
vt 0.168819 0.025878
vt 0.168819 0.025878
f 2996/4925 2953/4926 2991/4927 2992/4928
vt 0.093083 0.025878
vt 0.093083 0.031392
vt 0.097915 0.031392
vt 0.097915 0.025878
f 3061/4929 3064/4930 3080/4931 3058/4932
vt 0.097915 0.031392
vt 0.093083 0.031392
vt 0.093083 0.025878
vt 0.097915 0.025878
f 3052/4933 3032/4934 3030/4935 3114/4936
vt 0.097915 0.025878
vt 0.097915 0.025878
vt 0.097915 0.031392
vt 0.097915 0.031392
f 3056/4937 3057/4938 3079/4939 3102/4940
vt 0.097915 0.031392
vt 0.097915 0.025878
vt 0.097915 0.025878
vt 0.097915 0.031392
f 3051/4941 3053/4942 2798/4943 3037/4944
vt 0.093083 0.025878
vt 0.093083 0.031392
vt 0.093083 0.031392
vt 0.093083 0.025878
f 3062/4945 3078/4946 3063/4947 3060/4948
vt 0.093083 0.031392
vt 0.093083 0.031392
vt 0.093083 0.025878
vt 0.093083 0.025878
f 3033/4949 3035/4950 2788/4951 2790/4952
vt 0.093083 0.025878
vt 0.093083 0.025878
vt 0.093083 0.031392
vt 0.093083 0.031392
f 3062/4953 2788/4954 3035/4955 3078/4956
vt 0.097915 0.031392
vt 0.097915 0.031392
vt 0.097915 0.025878
vt 0.097915 0.025878
f 3102/4957 3037/4958 2798/4959 3056/4960
vt 0.168819 0.025878
vt 0.168819 0.025878
vt 0.168819 0.031586
vt 0.168819 0.031586
f 2884/4961 2991/4962 2953/4963 2955/4964
vt 0.168819 0.031586
vt 0.168819 0.031586
vt 0.174662 0.031572
vt 0.174662 0.031572
f 2957/4965 3027/4966 3025/4967 2958/4968
vt 0.093083 0.031392
vt 0.093083 0.031392
vt 0.097915 0.031392
vt 0.097915 0.031392
f 3069/4969 3034/4970 3036/4971 3071/4972
vt 0.174662 0.025878
vt 0.174662 0.025878
vt 0.168819 0.025878
vt 0.168819 0.025878
f 2985/4973 3003/4974 2807/4975 2990/4976
vt 0.097915 0.025878
vt 0.097915 0.025878
vt 0.093083 0.025878
vt 0.093083 0.025878
f 2797/4977 3055/4978 3029/4979 2885/4980
vt 0.212569 0.023920
vt 0.212569 0.031199
vt 0.212569 0.031199
vt 0.212569 0.023920
f 2982/4981 2979/4982 2934/4983 3023/4984
vt 0.212569 0.023920
vt 0.188565 0.023920
vt 0.206482 0.031572
vt 0.212569 0.031199
f 3006/4985 2891/4986 3005/4987 2978/4988
vt 0.206482 0.031572
vt 0.188565 0.023920
vt 0.212569 0.023920
vt 0.212569 0.031199
f 2888/4989 2889/4990 3000/4991 2933/4992
vt 0.188565 0.023920
vt 0.174662 0.025878
vt 0.174662 0.031572
vt 0.206482 0.031572
f 2891/4993 2886/4994 2959/4995 3005/4996
vt 0.174662 0.031572
vt 0.174662 0.025878
vt 0.188565 0.023920
vt 0.206482 0.031572
f 2929/4997 2785/4998 2889/4999 2888/5000
vt 0.206482 0.031572
vt 0.206482 0.031572
vt 0.174662 0.031572
vt 0.174662 0.031572
f 2931/5001 2890/5002 2958/5003 3025/5004
vt 0.212569 0.031199
vt 0.212569 0.031199
vt 0.206482 0.031572
vt 0.206482 0.031572
f 2932/5005 3024/5006 2890/5007 2931/5008
vt 0.188565 0.023920
vt 0.188565 0.023920
vt 0.174662 0.025878
vt 0.174662 0.025878
f 2983/5009 3001/5010 3003/5011 2985/5012
vt 0.212569 0.023920
vt 0.212569 0.023920
vt 0.188565 0.023920
vt 0.188565 0.023920
f 2981/5013 2999/5014 3001/5015 2983/5016
vt 0.029382 0.035633
vt 0.038608 0.035633
vt 0.038607 0.035633
vt 0.029382 0.035633
f 3139/5017 3142/5018 3163/5019 3143/5020
vt 0.029382 0.027851
vt 0.059698 0.027851
vt 0.055946 0.035634
vt 0.055009 0.032491
f 3141/5021 3113/5022 2840/5023 2892/5024
vt 0.029382 0.027851
vt 0.055009 0.032491
vt 0.038608 0.035633
vt 0.029382 0.035633
f 3141/5025 2892/5026 2893/5027 3140/5028
vt 0.029382 0.035633
vt 0.029382 0.035633
vt 0.055946 0.035634
vt 0.055946 0.035634
f 2830/5029 3164/5030 3165/5031 3090/5032
vt 0.055946 0.035634
vt 0.055946 0.035634
vt 0.059698 0.027851
vt 0.059698 0.027851
f 3089/5033 3092/5034 3094/5035 3091/5036
vt 0.055946 0.035634
vt 0.055946 0.035634
vt 0.055009 0.032491
vt 0.055009 0.032491
f 3148/5037 2897/5038 2896/5039 3150/5040
vt 0.055009 0.032491
vt 0.055009 0.032491
vt 0.038607 0.035633
vt 0.038608 0.035633
f 3149/5041 3153/5042 2895/5043 3151/5044
vt 0.038607 0.035633
vt 0.055009 0.032491
vt 0.055946 0.035634
f 3157/5045 3152/5046 3155/5047
vt 0.055946 0.035634
vt 0.038607 0.035633
vt 0.038607 0.035633
vt 0.055946 0.035634
f 2834/5048 2894/5049 3156/5050 3154/5051
