mtllib DFZ30.mtl
o DFZ30
v 1.71108 0.982426 0.370047
v 1.732224 0.982426 0.377845
v 1.732224 0.982426 0.422155
v 1.71108 0.982426 0.429953
v 1.71108 1.25387 0.375811
v 1.732857 1.25387 0.382109
v 1.732857 1.25387 0.417891
v 1.71108 1.25387 0.424189
v 1.732857 1.035422 0.382109
v 1.71108 1.035422 0.375811
v 1.732857 1.035422 0.417891
v 1.71108 1.035422 0.424189
v 1.74108 1.01613 0.377845
v 1.71108 1.01613 0.370047
v 1.74108 1.01613 0.422155
v 1.71108 1.01613 0.429953
v 1.71108 1.01613 -0.370047
v 1.74108 1.01613 -0.377845
v 1.71108 1.01613 -0.429953
v 1.74108 1.01613 -0.422155
v 1.71108 1.035422 -0.375811
v 1.732857 1.035422 -0.382109
v 1.71108 1.035422 -0.424189
v 1.732857 1.035422 -0.417891
v 1.71108 1.25387 -0.375811
v 1.732857 1.25387 -0.382109
v 1.732857 1.25387 -0.417891
v 1.71108 1.25387 -0.424189
v 1.71108 0.982426 -0.370047
v 1.732224 0.982426 -0.377845
v 1.732224 0.982426 -0.422155
v 1.71108 0.982426 -0.429953
v 1.694577 1.05501 -0.698
v 1.724577 1.05501 -0.698
v 1.724577 1.05501 0.698
v 1.694577 1.05501 0.698
v 1.694577 1.315068 -0.698
v 1.724577 1.315068 -0.698
v 1.724577 1.315068 0.698
v 1.694577 1.315068 0.698
v 1.693334 1.05501 -0.667608
v 1.693334 1.05501 -0.698
v -0.433193 1.05501 -0.697608
v -0.433192 1.05501 -0.667608
v 1.693334 1.315068 -0.667609
v 1.693333 1.315068 -0.698
v -0.433193 1.315068 -0.697608
v -0.433192 1.315068 -0.667608
v -0.099883 1.01613 -0.684835
v -0.092084 1.01613 -0.714835
v -0.039976 1.01613 -0.684835
v -0.047775 1.01613 -0.714835
v -0.094119 1.035422 -0.684835
v -0.087821 1.035422 -0.706611
v -0.04574 1.035422 -0.684835
v -0.052038 1.035422 -0.706611
v -0.094119 1.25387 -0.684835
v -0.087821 1.25387 -0.706611
v -0.052038 1.25387 -0.706611
v -0.04574 1.25387 -0.684835
v -0.099883 0.982426 -0.684835
v -0.092084 0.982426 -0.705979
v -0.047775 0.982426 -0.705979
v -0.039976 0.982426 -0.684835
v 1.300117 1.01613 -0.684835
v 1.307916 1.01613 -0.714835
v 1.360024 1.01613 -0.684835
v 1.3522249 1.01613 -0.714835
v 1.305881 1.035422 -0.684835
v 1.312179 1.035422 -0.706611
v 1.35426 1.035422 -0.684835
v 1.347962 1.035422 -0.706611
v 1.305881 1.25387 -0.684835
v 1.312179 1.25387 -0.706611
v 1.347962 1.25387 -0.706611
v 1.35426 1.25387 -0.684835
v 1.300117 0.982426 -0.684835
v 1.307916 0.982426 -0.705979
v 1.3522249 0.982426 -0.705979
v 1.360024 0.982426 -0.684835
v -0.099883 1.01613 0.684835
v -0.092084 1.01613 0.714835
v -0.039976 1.01613 0.684835
v -0.047775 1.01613 0.714835
v -0.094119 1.035422 0.684835
v -0.087821 1.035422 0.706611
v -0.04574 1.035422 0.684835
v -0.052038 1.035422 0.706611
v -0.094119 1.25387 0.684835
v -0.087821 1.25387 0.706611
v -0.052038 1.25387 0.706611
v -0.04574 1.25387 0.684835
v -0.099883 0.982426 0.684835
v -0.092084 0.982426 0.705979
v -0.047775 0.982426 0.705979
v -0.039976 0.982426 0.684835
v 1.300117 1.01613 0.684835
v 1.307916 1.01613 0.714835
v 1.360024 1.01613 0.684835
v 1.3522249 1.01613 0.714835
v 1.305881 1.035422 0.684835
v 1.312179 1.035422 0.706611
v 1.35426 1.035422 0.684835
v 1.347962 1.035422 0.706611
v 1.305881 1.25387 0.684835
v 1.312179 1.25387 0.706611
v 1.347962 1.25387 0.706611
v 1.35426 1.25387 0.684835
v 1.300117 0.982426 0.684835
v 1.307916 0.982426 0.705979
v 1.3522249 0.982426 0.705979
v 1.360024 0.982426 0.684835
v 1.693334 1.05501 0.667608
v 1.693334 1.05501 0.698
v -0.433193 1.05501 0.697608
v -0.433192 1.05501 0.667608
v 1.693334 1.315068 0.667609
v 1.693333 1.315068 0.698
v -0.433193 1.315068 0.697608
v -0.433192 1.315068 0.667608
v -1.432876 1.218164 0.392165
v -1.432876 1.218164 0.407835
v -1.556506 1.325812 0.407835
v -1.556506 1.325812 0.392165
v -1.427465 1.232869 0.392165
v -1.427465 1.232869 0.407835
v -1.5510941 1.340517 0.407835
v -1.5510941 1.340517 0.392165
v -1.321053 1.2558579 0.549444
v -1.308318 1.251171 0.541609
v -1.400349 1.22289 0.408933
v -1.413084 1.227577 0.416768
v -1.326465 1.241153 0.549444
v -1.31373 1.2364661 0.541609
v -1.405761 1.208185 0.408933
v -1.418496 1.212872 0.416768
v -1.405691 1.208159 0.391196
v -1.418426 1.212846 0.383361
v -1.326395 1.241127 0.250685
v -1.31366 1.2364399 0.25852
v -1.400279 1.222865 0.391196
v -1.4130141 1.227551 0.383361
v -1.3209831 1.255832 0.250685
v -1.308248 1.251145 0.25852
v -1.375558 1.288421 0.385186
v -1.369799 1.286302 0.4
v -1.375558 1.288421 0.414815
v -1.389461 1.293538 0.420951
v -1.4033639 1.298654 0.414815
v -1.409122 1.300774 0.4
v -1.4033639 1.298654 0.385185
v -1.389461 1.293538 0.379049
v -1.389461 1.293538 0.4
v -1.400463 1.202981 0.4
v -1.406222 1.2051001 0.385186
v -1.406222 1.2051001 0.414815
v -1.4201241 1.210217 0.420951
v -1.434027 1.215333 0.414815
v -1.439786 1.217453 0.4
v -1.434027 1.215333 0.385186
v -1.4201241 1.210217 0.379049
v -1.350327 1.263526 0.4
v -1.363271 1.26829 0.366702
v -1.363271 1.26829 0.433298
v -1.39452 1.27979 0.44709
v -1.425769 1.29129 0.433298
v -1.438712 1.2960531 0.4
v -1.425769 1.29129 0.366702
v -1.39452 1.27979 0.35291
v -1.267899 1.2400399 0.267441
v -1.2223639 1.223282 0.35148
v -1.2223639 1.223282 0.44852
v -1.267898 1.240039 0.532559
v -1.346766 1.2690639 0.581079
v -1.437834 1.302579 0.581079
v -1.5167021 1.331604 0.532559
v -1.562236 1.348361 0.44852
v -1.562236 1.348361 0.35148
v -1.5167021 1.331604 0.267441
v -1.437835 1.302579 0.218921
v -1.3467669 1.2690639 0.218921
v -1.281444 1.245024 0.281874
v -1.240867 1.230091 0.356763
v -1.240867 1.230091 0.443237
v -1.281443 1.245024 0.518125
v -1.351724 1.270889 0.561363
v -1.432876 1.300754 0.561363
v -1.503157 1.326619 0.518126
v -1.543733 1.341552 0.443237
v -1.543734 1.341552 0.356763
v -1.503157 1.326619 0.281875
v -1.4328769 1.300755 0.238637
v -1.351724 1.270889 0.238637
v -1.359961 1.248508 0.238637
v -1.4411139 1.278374 0.238637
v -1.511394 1.304238 0.281875
v -1.55197 1.319171 0.356763
v -1.55197 1.319171 0.443237
v -1.511394 1.304238 0.518126
v -1.441113 1.278374 0.561363
v -1.35996 1.248508 0.561363
v -1.28968 1.222643 0.518125
v -1.249103 1.207711 0.443237
v -1.249103 1.207711 0.356763
v -1.28968 1.222643 0.281874
v -1.355003 1.246684 0.218921
v -1.446072 1.2801991 0.218921
v -1.5249389 1.3092231 0.267441
v -1.570473 1.325981 0.35148
v -1.570473 1.325981 0.44852
v -1.5249389 1.3092231 0.532559
v -1.446071 1.280198 0.581079
v -1.355002 1.246683 0.581079
v -1.276135 1.217659 0.532559
v -1.230601 1.200901 0.44852
v -1.230601 1.200901 0.35148
v -1.276135 1.217659 0.267441
v -1.429629 1.123728 0.4
v -1.435388 1.125847 0.385186
v -1.435388 1.125847 0.414815
v -1.449291 1.130964 0.420951
v -1.463194 1.13608 0.414815
v -1.468953 1.1382 0.4
v -1.463194 1.13608 0.385186
v -1.449291 1.130964 0.379049
v 1.313163 0.470025 0.524405
v 1.313163 0.470025 -0.524405
v 1.361021 0.387133 0.524405
v 1.361021 0.387133 -0.524405
v 1.361021 0.291418 0.524405
v 1.361021 0.291418 -0.524405
v 1.313163 0.208526 0.524405
v 1.313163 0.208526 -0.524405
v 1.230271 0.160668 0.524405
v 1.230271 0.160668 -0.524405
v 1.1345561 0.160668 0.524405
v 1.1345561 0.160668 -0.524405
v 1.051664 0.208526 0.524405
v 1.051664 0.208526 -0.524405
v 1.003806 0.291418 0.524405
v 1.003806 0.291418 -0.524405
v 1.003806 0.387133 0.524405
v 1.003806 0.387133 -0.524405
v 1.051664 0.470025 0.524405
v 1.051664 0.470025 -0.524405
v 1.134555 0.517883 0.524405
v 1.134555 0.517883 -0.524405
v 1.230271 0.517883 0.524405
v 1.230271 0.517883 -0.524405
v 1.3534811 0.510344 0.705715
v 1.3534811 0.510344 -0.705715
v 1.416097 0.401891 0.705715
v 1.416097 0.401891 -0.705715
v 1.416097 0.276661 0.705715
v 1.416097 0.276661 -0.705715
v 1.353482 0.168208 0.705715
v 1.353482 0.168208 -0.705715
v 1.245029 0.105592 0.705715
v 1.245029 0.105592 -0.705715
v 1.1197979 0.105592 0.705715
v 1.1197979 0.105592 -0.705715
v 1.011345 0.168207 0.705715
v 1.011345 0.168207 -0.705715
v 0.94873 0.27666 0.705715
v 0.94873 0.27666 -0.705715
v 0.948729 0.401891 0.705715
v 0.948729 0.401891 -0.705715
v 1.011345 0.510344 0.705715
v 1.011345 0.510344 -0.705715
v 1.119797 0.572959 0.705715
v 1.119797 0.572959 -0.705715
v 1.245028 0.572959 0.705715
v 1.245028 0.572959 -0.705715
v 1.182413 0.339276 0.524405
v 1.182413 0.339276 -0.524405
v 1.488608 0.42132 0.496304
v 1.488608 0.42132 -0.496304
v 1.488608 0.42132 0.69724
v 1.488608 0.42132 -0.69724
v 1.406563 0.563426 0.496305
v 1.406563 0.563426 -0.496305
v 1.406563 0.563426 0.69724
v 1.406563 0.563426 -0.69724
v 1.488608 0.257231 0.496305
v 1.488608 0.257231 -0.496305
v 1.488608 0.257231 0.69724
v 1.488608 0.257231 -0.69724
v 1.406563 0.115126 0.496305
v 1.406563 0.115126 -0.496305
v 1.406563 0.115126 0.69724
v 1.406563 0.115126 -0.69724
v 1.2644579 0.033081 0.496304
v 1.2644579 0.033081 -0.496304
v 1.2644579 0.033081 0.69724
v 1.2644579 0.033081 -0.69724
v 1.100369 0.033081 0.496305
v 1.100369 0.033081 -0.496305
v 1.100369 0.033081 0.69724
v 1.100369 0.033081 -0.69724
v 0.958264 0.115126 0.496305
v 0.958264 0.115126 -0.496305
v 0.958264 0.115126 0.69724
v 0.958264 0.115126 -0.69724
v 0.876219 0.257231 0.496304
v 0.876219 0.257231 -0.496304
v 0.876219 0.257231 0.69724
v 0.876219 0.257231 -0.69724
v 0.876219 0.42132 0.496304
v 0.876219 0.42132 -0.496304
v 0.876219 0.42132 0.69724
v 0.876219 0.42132 -0.69724
v 0.958263 0.563425 0.496305
v 0.958263 0.563425 -0.496305
v 0.958263 0.563425 0.69724
v 0.958263 0.563425 -0.69724
v 1.100368 0.64547 0.496305
v 1.100368 0.64547 -0.496305
v 1.100368 0.64547 0.69724
v 1.100368 0.64547 -0.69724
v 1.264457 0.64547 0.496305
v 1.264457 0.64547 -0.496305
v 1.264457 0.64547 0.69724
v 1.264457 0.64547 -0.69724
v 1.182413 0.339276 0.666879
v 1.182413 0.339276 -0.666879
v 1.2300791 0.517168 0.666879
v 1.2300791 0.517168 -0.666879
v 1.134747 0.517168 0.666879
v 1.134747 0.517168 -0.666879
v 1.052187 0.469502 0.666879
v 1.052187 0.469502 -0.666879
v 1.004521 0.386942 0.666879
v 1.004521 0.386942 -0.666879
v 1.004521 0.291609 0.666879
v 1.004521 0.291609 -0.666879
v 1.052187 0.209049 0.666879
v 1.052187 0.209049 -0.666879
v 1.134747 0.161383 0.666879
v 1.134747 0.161383 -0.666879
v 1.23008 0.161383 0.666879
v 1.23008 0.161383 -0.666879
v 1.31264 0.20905 0.666879
v 1.31264 0.20905 -0.666879
v 1.360306 0.29161 0.666879
v 1.360306 0.29161 -0.666879
v 1.360306 0.386942 0.666879
v 1.360306 0.386942 -0.666879
v 1.312639 0.469502 0.666879
v 1.312639 0.469502 -0.666879
v 1.521156 0.430042 0.530079
v 1.521156 0.430042 -0.530079
v 1.521156 0.430042 0.663465
v 1.521156 0.430042 -0.663465
v 1.43039 0.587253 0.530079
v 1.43039 0.587253 -0.530079
v 1.43039 0.587253 0.663465
v 1.43039 0.587253 -0.663465
v 1.521156 0.24851 0.530079
v 1.521156 0.24851 -0.530079
v 1.521156 0.24851 0.663465
v 1.521156 0.24851 -0.663465
v 1.43039 0.091299 0.530079
v 1.43039 0.091299 -0.530079
v 1.43039 0.091299 0.663465
v 1.43039 0.091299 -0.663465
v 1.2731791 0.000533 0.530079
v 1.2731791 0.000533 -0.530079
v 1.2731791 0.000533 0.663465
v 1.2731791 0.000533 -0.663465
v 1.091648 0.000533 0.530079
v 1.091648 0.000533 -0.530079
v 1.091648 0.000533 0.663465
v 1.091648 0.000533 -0.663465
v 0.934436 0.091298 0.530079
v 0.934436 0.091298 -0.530079
v 0.934436 0.091298 0.663465
v 0.934436 0.091298 -0.663465
v 0.84367 0.248509 0.530079
v 0.84367 0.248509 -0.530079
v 0.84367 0.248509 0.663465
v 0.84367 0.248509 -0.663465
v 0.84367 0.430041 0.530079
v 0.84367 0.430041 -0.530079
v 0.84367 0.430041 0.663465
v 0.84367 0.430041 -0.663465
v 0.934436 0.587252 0.530079
v 0.934436 0.587252 -0.530079
v 0.934436 0.587252 0.663466
v 0.934436 0.587252 -0.663466
v 1.091647 0.678019 0.530079
v 1.091647 0.678019 -0.530079
v 1.091647 0.678019 0.663465
v 1.091647 0.678019 -0.663465
v 1.2731791 0.678019 0.530079
v 1.2731791 0.678019 -0.530079
v 1.273178 0.678019 0.663465
v 1.273178 0.678019 -0.663465
v 1.832442 0.245978 -0.012061
v 1.832442 0.245978 0.012061
v 1.80832 0.245978 0.012061
v 1.80832 0.245978 -0.012061
v 1.832442 0.585428 -0.012061
v 1.832442 0.585428 0.012061
v 1.80832 0.585428 0.012061
v 1.80832 0.585428 -0.012061
v 1.80832 0.609633 -0.03776
v 1.80832 0.633754 -0.03776
v 1.832442 0.633754 -0.03776
v 1.832442 0.609633 -0.03776
v 1.80832 0.592847 -0.014332
v 1.80832 0.607117 -0.028601
v 1.832442 0.592848 -0.014332
v 1.832442 0.607117 -0.028601
v 1.80832 0.609904 0.002725
v 1.80832 0.624174 -0.011545
v 1.832442 0.609904 0.002725
v 1.832442 0.624174 -0.011545
v 1.832442 0.609633 -0.18518
v 1.832442 0.633754 -0.18518
v 1.80832 0.633754 -0.18518
v 1.80832 0.609633 -0.18518
v 0.783589 0.31647 0.7
v 0.783589 0.31647 -0.7
v 0.754424 0.31647 0.72
v 0.754424 0.31647 -0.72
v -0.229717 0.31647 0.72
v -0.229717 0.31647 -0.72
v -0.258882 0.31647 0.7
v -0.258882 0.31647 -0.7
v 0.783589 0.384239 0.7
v 0.783589 0.384239 -0.7
v 0.754423 0.384239 0.72
v 0.754423 0.384239 -0.72
v -0.229717 0.384239 0.72
v -0.229717 0.384239 -0.72
v -0.258882 0.384239 0.7
v -0.258882 0.384239 -0.7
v -1.577793 1.438733 0.693451
v -1.577793 1.438733 -0.693451
v -1.577793 1.413553 0.693451
v -1.577793 1.413553 -0.693451
v -1.601415 1.413553 0.693451
v -1.601415 1.413553 -0.693451
v -1.601415 1.438733 0.693451
v -1.601415 1.438733 -0.693451
v -1.524778 1.615685 0.88317
v -1.524778 1.615685 -0.88317
v -1.524778 1.590506 0.88317
v -1.524778 1.590506 -0.88317
v -1.5481991 1.590506 0.886242
v -1.5481991 1.590506 -0.886242
v -1.5481991 1.615685 0.886242
v -1.5481991 1.615685 -0.886242
v -1.542913 1.615685 0.92655
v -1.542913 1.615685 -0.92655
v -1.542913 1.590506 0.92655
v -1.542913 1.590506 -0.92655
v -1.519492 1.590506 0.923479
v -1.519492 1.590506 -0.923479
v -1.519492 1.615685 0.923479
v -1.519492 1.615685 -0.923479
v -1.515249 1.4976881 0.824899
v -1.515249 1.4976881 -0.824899
v -1.491287 1.495873 0.971941
v -1.491287 1.495873 -0.971941
v -1.5215549 1.545071 0.944027
v -1.5215549 1.545071 -0.944027
v -1.534897 1.546082 0.862151
v -1.534897 1.546082 -0.862151
v -1.499307 1.70816 0.824899
v -1.499307 1.70816 -0.824899
v -1.475345 1.706345 0.971941
v -1.475345 1.706345 -0.971941
v -1.512678 1.662267 0.944027
v -1.512678 1.662267 -0.944027
v -1.526021 1.663278 0.862151
v -1.526021 1.663278 -0.862151
v -1.729082 0.489227 0.454617
v -1.729082 0.489227 -0.454617
v -1.729082 0.489227 0.63257
v -1.729082 0.489227 -0.63257
v -1.729082 0.354169 0.674051
v -1.729082 0.354169 -0.674051
v -1.729082 0.724965 0.454617
v -1.729082 0.724965 -0.454617
v -1.729082 0.724965 0.0
v -1.659217 0.354169 0.720074
v -1.659217 0.354169 -0.720074
v -1.659217 0.724965 0.720074
v -1.659217 0.724965 -0.720074
v -1.706898 0.724965 0.720074
v -1.706898 0.724965 -0.720074
v -1.706898 0.354169 0.720074
v -1.706898 0.354169 -0.720074
v -1.729082 0.354169 0.0
v -1.750149 0.354169 0.679705
v -1.750149 0.354169 -0.679705
v -1.750149 0.354169 0.0
v -1.7247159 0.354169 0.685298
v -1.7247159 0.354169 -0.685298
v -1.742599 0.354169 0.698834
v -1.742599 0.354169 -0.698834
v -1.750149 0.724965 0.679705
v -1.750149 0.724965 -0.679705
v -1.7426 0.724965 0.698834
v -1.7426 0.724965 -0.698834
v -1.7247159 0.724965 0.685299
v -1.7247159 0.724965 -0.685299
v -1.729082 0.724965 0.674051
v -1.729082 0.724965 -0.674051
v -1.659217 0.354169 0.69977
v -1.659217 0.354169 -0.69977
v -1.659217 0.724965 0.69977
v -1.659217 0.724965 -0.69977
v -1.725758 0.724965 0.711559
v -1.725758 0.724965 -0.711559
v -1.725757 0.354169 0.711559
v -1.725757 0.354169 -0.711559
v -1.699564 0.724965 0.699777
v -1.699564 0.724965 -0.699777
v -1.699564 0.354169 0.699776
v -1.699564 0.354169 -0.699776
v -1.713955 0.724965 0.693997
v -1.713955 0.724965 -0.693997
v -1.713955 0.354169 0.693997
v -1.713955 0.354169 -0.693997
v -1.729082 0.724965 0.63257
v -1.729082 0.724965 -0.63257
v -1.750149 0.489227 0.63257
v -1.750149 0.489227 -0.63257
v -1.750149 0.489227 0.454617
v -1.750149 0.489227 -0.454617
v -1.750149 0.724965 0.63257
v -1.750149 0.724965 -0.63257
v -1.750149 0.724965 0.454617
v -1.750149 0.724965 -0.454617
v -1.750149 0.724965 0.0
v -0.454115 2.0861111 0.71051
v -0.592 2.0861111 0.71051
v -0.454115 2.0861111 -0.71051
v -0.592 2.0861111 -0.71051
v -1.576026 2.0447299 -0.710511
v -1.576027 2.0447299 0.71051
v -1.568119 1.998131 0.71051
v -1.568118 1.998131 -0.71051
v -0.592 1.998131 -0.71051
v -0.454115 1.998131 -0.71051
v -0.592 1.998131 0.71051
v -0.454115 1.998131 0.71051
v -0.467756 2.0799999 0.7
v -0.592 2.0799999 0.7
v -0.592 1.952 0.7
v -0.467756 2.0799999 -0.7
v -0.592 1.952 -0.7
v -0.592 2.0799999 -0.7
v -1.541273 1.891333 0.614499
v -1.551563 1.835658 0.636835
v -1.513182 2.0433249 0.7
v -1.487391 2.018301 0.660779
v -1.510054 1.891333 0.614499
v -1.504179 1.924248 0.554835
v -1.551562 1.835658 -0.636835
v -1.541272 1.891333 -0.614498
v -1.513181 2.0433249 -0.7
v -1.651126 1.1009851 0.660778
v -1.640713 1.159326 0.614498
v -1.630775 1.2150019 0.636835
v -1.686471 1.105706 -0.7
v -1.676561 1.159326 -0.614498
v -1.666271 1.2150019 -0.636835
v -1.535189 1.924248 0.554835
v -1.676561 1.159326 0.614498
v -1.682645 1.126411 0.554835
v -1.686471 1.105706 0.7
v -1.640712 1.159326 -0.614498
v -1.646588 1.126411 -0.554835
v -1.651126 1.1009851 -0.660779
v -1.535189 1.924248 -0.554835
v -1.519992 1.835658 0.636835
v -1.646588 1.126411 0.554835
v -1.630775 1.2150019 -0.636835
v -1.504179 1.924248 -0.554835
v -1.510054 1.891333 -0.614498
v -1.487391 2.018301 -0.660779
v -1.519992 1.835658 -0.636835
v -1.682644 1.126411 -0.554835
v -1.666271 1.2150019 0.636835
v -0.49772 1.891333 0.614499
v -0.497704 1.835658 0.636835
v -0.497765 2.050777 0.660779
v -0.467756 1.105706 -0.7
v -0.467756 1.2150019 -0.636835
v -0.467756 1.159326 -0.614498
v -0.467756 1.891333 0.614499
v -0.467756 1.924248 0.554835
v -0.467756 1.159326 0.614498
v -0.467756 1.2150019 0.636835
v -0.467756 1.105706 0.7
v -0.497501 1.126411 -0.554835
v -0.49751 1.159326 -0.614498
v -0.497494 1.1009851 -0.660779
v -0.467756 1.126411 0.554835
v -0.497494 1.1009851 0.660779
v -0.49751 1.159326 0.614498
v -0.497501 1.126411 0.554835
v -0.497729 1.924248 0.554835
v -0.467756 1.924248 -0.554835
v -0.467756 1.891333 -0.614498
v -0.467756 1.835658 0.636835
v -0.497704 1.835658 -0.636835
v -0.49772 1.891333 -0.614498
v -0.497765 2.050777 -0.660779
v -0.497526 1.2150019 -0.636835
v -0.467756 1.126411 -0.554835
v -0.497526 1.2150019 0.636835
v -0.497729 1.924248 -0.554835
v -0.467756 1.835658 -0.636835
v -1.659035 0.37918 0.7
v -1.659034 0.37918 -0.7
v -0.467756 0.72018 -0.7
v -0.467756 0.72018 0.7
v -1.4580359 1.952 0.7
v -1.610598 1.1009851 0.7
v -1.610597 0.419 0.7
v -1.1471601 0.37918 0.7
v -1.189865 0.419 0.7
v -0.980706 0.72018 0.7
v -1.015515 0.759856 0.7
v -0.591729 0.759856 0.7
v -0.591729 1.1009851 0.7
v -1.610597 1.1009851 -0.7
v -1.610597 0.419 -0.7
v -1.458035 1.952 -0.7
v -1.189865 0.419 -0.7
v -1.147159 0.37918 -0.7
v -1.015514 0.759856 -0.7
v -0.980705 0.72018 -0.7
v -0.591728 0.759856 -0.7
v -0.591728 1.1009851 -0.7
v -1.4580359 1.952 0.660779
v -0.592 1.952 0.660779
v -1.4580359 1.952 -0.660779
v -0.592 1.952 -0.660779
v -1.610597 1.1009851 -0.660779
v -1.610597 1.1009851 0.660778
v -0.591729 1.1009851 0.660779
v -0.591728 1.1009851 -0.660779
v -0.591728 0.759856 -0.660779
v -0.591728 0.759856 0.660779
v -1.015515 0.759856 0.660778
v -1.189865 0.419 0.660779
v -1.015514 0.759856 -0.660779
v -1.189865 0.419 -0.660779
v -1.610597 0.419 0.660779
v -1.610597 0.419 -0.660779
v -1.189865 0.379224 -0.660779
v -1.015514 0.72018 -0.660779
v -1.015515 0.72018 0.660779
v -1.189865 0.379224 0.660779
v -0.497494 0.72018 0.660779
v -0.497494 0.72018 -0.660779
v -1.651126 0.37918 -0.660779
v -1.651126 0.37918 0.660779
v -1.686471 0.776583 -0.7
v -1.686471 0.776583 0.7
v -1.659034 0.776583 -0.7
v -1.659035 0.776583 0.7
v -1.6564471 0.354222 0.72
v -1.6564471 0.354222 -0.72
v 1.648645 0.745961 -0.719999
v 1.648644 0.745961 0.720001
v -1.6564471 0.405284 0.72
v -1.6564471 0.405284 -0.72
v -1.147159 0.354222 -0.72
v -1.1471601 0.354222 0.72
v -1.176511 0.405284 -0.72
v -1.176512 0.405284 0.72
v -0.467756 0.696015 -0.72
v -0.467756 0.696 0.72
v -0.467756 0.745961 -0.72
v -0.467756 0.745961 0.72
v -0.980705 0.696015 -0.72
v -0.980706 0.696015 0.72
v -1.010057 0.745961 -0.72
v -1.010058 0.745961 0.72
v 1.648645 0.696 -0.72
v 1.648644 0.696 0.72
v 1.727 0.608916 0.454055
v 1.727 0.608916 -0.454055
v 1.727 0.608916 0.7
v 1.727 0.608916 -0.7
v 1.65 0.608916 0.7
v 1.65 0.608916 -0.7
v 1.65 0.608916 0.454055
v 1.65 0.608916 -0.454055
v 1.727 0.722458 0.454055
v 1.727 0.722458 -0.454055
v 1.727 0.722458 0.7
v 1.727 0.722458 -0.7
v 1.65 0.722458 0.7
v 1.65 0.722458 -0.7
v 1.65 0.722458 0.454055
v 1.65 0.722458 -0.454055
v 1.727 0.354222 -0.7
v 1.727 0.354222 0.7
v 1.727 1.051668 -0.7
v 1.727 1.051668 0.700001
v -0.25905 0.354222 -0.7
v -0.25905 0.354222 0.7
v -0.25905 1.051668 -0.7
v -0.25905 1.051668 0.7
v 0.783626 0.354222 -0.7
v 0.783626 0.354222 0.7
v 0.783627 1.051668 -0.7
v 0.783626 1.051668 0.7
v 1.65 0.354222 -0.7
v 1.650185 0.354222 0.7
v 1.650185 1.051668 -0.7
v 1.650184 1.051668 0.7
v 0.987268 0.696015 -0.7
v 0.987268 0.696015 0.7
v 0.987268 1.051668 -0.7
v 0.987267 1.051668 0.7
v 1.441366 0.696015 -0.7
v 1.441366 0.696015 0.7
v 1.441366 1.051668 -0.7
v 1.441365 1.051668 0.7
v -0.467756 0.696015 -0.7
v -0.467756 0.696015 0.7
v -0.467756 1.051668 -0.7
v -0.467756 1.051668 0.7
v 1.650185 0.152253 0.602946
v 1.650185 0.152253 -0.602945
v 0.783626 0.152253 0.7
v 0.783626 0.152253 -0.7
v -0.25905 0.152253 0.7
v -0.25905 0.152253 -0.7
v 1.727 0.152253 0.602946
v 1.727 0.152253 -0.602945
v -1.679809 0.497885 0.464433
v -1.679809 0.497885 -0.464433
v -1.679809 0.497885 0.622753
v -1.679809 0.497885 -0.622753
v -1.710587 0.497885 0.622753
v -1.710587 0.497885 -0.622753
v -1.710587 0.497885 0.464433
v -1.710587 0.497885 -0.464433
v -1.679809 0.7238 0.464433
v -1.679809 0.7238 -0.464433
v -1.679809 0.7238 0.622754
v -1.679809 0.7238 -0.622754
v -1.710587 0.7238 0.622753
v -1.710587 0.7238 -0.622753
v -1.710587 0.7238 0.464433
v -1.710587 0.7238 -0.464433
v 1.66907 0.388944 -0.158922
v 1.66907 0.388944 0.158922
v -1.155712 0.388944 0.158922
v -1.155712 0.388944 -0.158922
v 1.66907 0.706788 -0.158922
v 1.669066 0.706788 0.158922
v -0.997697 0.706788 0.158922
v -0.997693 0.706788 -0.158922
v -1.1503479 0.380419 -0.621888
v -1.1503479 0.380419 0.621888
v -1.656384 0.380419 0.621888
v -1.656384 0.380419 -0.621888
v -1.1503479 0.432456 -0.621888
v -1.1503479 0.432456 0.621889
v -1.656384 0.517039 0.621888
v -1.656384 0.517039 -0.621888
v -1.440522 0.73495 -0.618107
v -1.440522 0.73495 0.618193
v -1.654735 0.73495 0.663349
v -1.654735 0.73495 -0.663263
v -1.440522 1.02222 -0.618107
v -1.440523 1.02222 0.618194
v -1.654735 1.1232491 0.663348
v -1.654735 1.1232491 -0.663263
v -0.564455 1.009312 0.140331
v -0.564455 1.009312 -0.140331
v -0.564455 1.009312 0.659669
v -0.564455 1.009312 -0.659669
v -0.708074 1.050223 0.659669
v -0.708074 1.050223 -0.659669
v -0.708074 1.050223 0.140331
v -0.708074 1.050223 -0.140331
v -0.521799 1.2705621 0.164788
v -0.521799 1.2705621 -0.164788
v -0.521799 1.2705621 0.635212
v -0.521799 1.2705621 -0.635212
v -0.573233 1.281522 0.635212
v -0.573233 1.281522 -0.635212
v -0.573233 1.281522 0.164788
v -0.573233 1.281522 -0.164788
v -0.701596 1.018302 0.179685
v -0.701596 1.018302 -0.179685
v -0.701596 1.018302 0.620315
v -0.701596 1.018302 -0.620315
v -0.601809 0.991964 0.620315
v -0.601809 0.991964 -0.620315
v -0.601809 0.991964 0.179685
v -0.601809 0.991964 -0.179685
v -0.534737 1.009312 0.253505
v -0.534737 1.009312 -0.253505
v -0.534737 1.009312 0.546495
v -0.534737 1.009312 -0.546495
v -0.663743 1.050223 0.546495
v -0.663743 1.050223 -0.546495
v -0.663743 1.050223 0.253504
v -0.663743 1.050223 -0.253504
v -0.49208 1.287128 0.253505
v -0.49208 1.287128 -0.253505
v -0.49208 1.287128 0.546496
v -0.49208 1.287128 -0.546496
v -0.528903 1.298089 0.546495
v -0.528903 1.298089 -0.546495
v -0.528903 1.298089 0.253504
v -0.528903 1.298089 -0.253504
v -0.657266 1.018302 0.253504
v -0.657266 1.018302 -0.253504
v -0.657266 1.018302 0.546495
v -0.657266 1.018302 -0.546495
v -0.601809 0.975348 0.546495
v -0.601809 0.975348 -0.546495
v -0.601809 0.975348 0.253505
v -0.601809 0.975348 -0.253505
v -0.578256 0.898987 0.150554
v -0.578256 0.898987 -0.150554
v -0.578256 0.898987 0.649446
v -0.578256 0.898987 -0.649446
v -0.947498 0.905166 0.649446
v -0.947498 0.905166 -0.649446
v -0.947498 0.905166 0.150553
v -0.947498 0.905166 -0.150553
v -0.604729 1.000109 0.150554
v -0.604729 1.000109 -0.150554
v -0.604729 1.000109 0.649447
v -0.604729 1.000109 -0.649447
v -0.951561 0.971202 0.649446
v -0.951561 0.971202 -0.649446
v -0.951561 0.971202 0.150553
v -0.951561 0.971202 -0.150553
v -0.548105 0.977367 0.649447
v -0.548105 0.977367 -0.649447
v -0.548105 0.977367 0.150554
v -0.548105 0.977367 -0.150554
v -0.965782 0.943797 0.649446
v -0.965782 0.943797 -0.649446
v -0.965782 0.943797 0.150553
v -0.965782 0.943797 -0.150553
v -0.568987 0.898987 0.231864
v -0.568987 0.898987 -0.231864
v -0.568987 0.898987 0.568136
v -0.568987 0.898987 -0.568136
v -0.974365 0.905166 0.568135
v -0.974365 0.905166 -0.568135
v -0.974365 0.905166 0.231864
v -0.974365 0.905166 -0.231864
v -0.59546 0.987945 0.231865
v -0.59546 0.987945 -0.231865
v -0.59546 0.987945 0.568136
v -0.59546 0.987945 -0.568136
v -0.978428 0.959038 0.568135
v -0.978428 0.959038 -0.568135
v -0.978428 0.959038 0.231864
v -0.978428 0.959038 -0.231864
v -0.538836 0.965203 0.568136
v -0.538836 0.965203 -0.568136
v -0.538836 0.965203 0.231864
v -0.538836 0.965203 -0.231864
v -0.992649 0.931633 0.568135
v -0.992649 0.931633 -0.568135
v -0.992649 0.931633 0.231864
v -0.992649 0.931633 -0.231864
v -0.562375 0.742533 0.207802
v -0.562375 0.742533 -0.207802
v -0.562375 0.742533 0.592198
v -0.562375 0.742533 -0.592198
v -0.951029 0.742533 0.592198
v -0.951029 0.742533 -0.592198
v -0.951029 0.742533 0.207802
v -0.951029 0.742533 -0.207802
v -0.562375 0.912948 0.207802
v -0.562375 0.912948 -0.207802
v -0.562375 0.912948 0.592198
v -0.562375 0.912948 -0.592198
v -0.951029 0.912948 0.592198
v -0.951029 0.912948 -0.592198
v -0.951029 0.912948 0.207802
v -0.951029 0.912948 -0.207802
v -0.562375 0.79115 0.592198
v -0.562375 0.79115 -0.592198
v -0.562375 0.887296 0.592198
v -0.562375 0.887296 -0.592198
v -0.562375 0.79115 0.207802
v -0.562375 0.79115 -0.207802
v -0.562375 0.887296 0.207802
v -0.562375 0.887296 -0.207802
v -0.951029 0.79115 0.592198
v -0.951029 0.79115 -0.592198
v -0.951029 0.887296 0.592198
v -0.951029 0.887296 -0.592198
v -0.951029 0.79115 0.207802
v -0.951029 0.79115 -0.207802
v -0.951029 0.887296 0.207802
v -0.951029 0.887296 -0.207802
v -0.541939 0.799789 0.61241
v -0.541939 0.799789 -0.61241
v -0.541939 0.878657 0.61241
v -0.541939 0.878657 -0.61241
v -0.541939 0.799789 0.187591
v -0.541939 0.799789 -0.187591
v -0.541939 0.878657 0.187591
v -0.541939 0.878657 -0.187591
v -0.971464 0.878657 0.612409
v -0.971464 0.878657 -0.612409
v -0.971464 0.799789 0.612409
v -0.971464 0.799789 -0.612409
v -0.971464 0.878657 0.187591
v -0.971464 0.878657 -0.187591
v -0.971464 0.799789 0.187591
v -0.971464 0.799789 -0.187591
v 1.866398 0.52682 -0.106585
v 1.866398 0.52682 0.106585
v 1.746115 0.52682 0.21149
v 1.746115 0.52682 -0.21149
v 1.866398 0.542113 -0.106585
v 1.866397 0.542113 0.106585
v 1.746115 0.542113 0.21149
v 1.746115 0.542113 -0.21149
v 1.746115 0.452469 -0.21149
v 1.746115 0.452469 0.21149
v 1.866397 0.452469 0.106585
v 1.866398 0.452469 -0.106585
v 1.746115 0.437176 -0.21149
v 1.746115 0.437176 0.21149
v 1.866398 0.437176 0.106585
v 1.866398 0.437176 -0.106585
v 1.866398 0.347531 -0.106585
v 1.866398 0.347531 0.106585
v 1.746115 0.347531 0.21149
v 1.746115 0.347531 -0.21149
v 1.866398 0.362824 -0.106585
v 1.866397 0.362824 0.106585
v 1.746115 0.362824 0.21149
v 1.746115 0.362824 -0.21149
v 1.746115 0.273179 -0.21149
v 1.746115 0.273179 0.21149
v 1.866397 0.273179 0.106585
v 1.866398 0.273179 -0.106585
v 1.746115 0.257887 -0.21149
v 1.746115 0.257887 0.21149
v 1.866398 0.257887 0.106585
v 1.866398 0.257887 -0.106585
v 1.756157 0.241078 -0.222138
v 1.756157 0.241078 0.222138
v 1.688394 0.241078 0.222138
v 1.688394 0.241078 -0.222138
v 1.756157 0.558922 -0.222138
v 1.756156 0.558922 0.222138
v 1.688394 0.558922 0.222138
v 1.688394 0.558922 -0.222138
v -1.510103 0.452063 0.356167
v -1.510103 0.452063 0.443833
v -1.654725 0.452063 0.443833
v -1.654725 0.452063 0.356167
v -1.479812 0.742744 0.356167
v -1.479812 0.742744 0.443833
v -1.654725 0.742744 0.443833
v -1.654725 0.742744 0.356167
v -0.464253 1.05501 -0.698
v -0.434253 1.05501 -0.698
v -0.434253 1.05501 0.698
v -0.464253 1.05501 0.698
v -0.464253 1.315068 -0.698
v -0.434253 1.315068 -0.698
v -0.434253 1.315068 0.698
v -0.464253 1.315068 0.698
v -1.429719 0.8522 0.330667
v -1.429719 0.8522 0.469333
v -1.568385 0.8522 0.469333
v -1.5683841 0.8522 0.330667
v -1.407624 1.00438 0.330667
v -1.407624 1.00438 0.469333
v -1.54629 1.065016 0.469333
v -1.54629 1.065016 0.330667
v -1.472929 1.1496789 0.374718
v -1.472929 1.1496789 0.425282
v -1.422365 1.127568 0.425282
v -1.422365 1.127568 0.374718
usemtl mat0
vt 0.988759 0.665814
vt 0.986708 0.665814
vt 0.962546 0.665814
vt 0.960495 0.665814
f 1/1 2/2 3/3 4/4
vt 0.987818 0.751548
vt 0.961437 0.751548
vt 0.964871 0.751548
vt 0.984383 0.751548
f 5/5 8/6 7/7 6/8
vt 0.987818 0.682552
vt 0.987818 0.751548
vt 0.984383 0.751548
vt 0.984383 0.682552
f 10/9 5/10 6/11 9/12
vt 0.984383 0.682552
vt 0.984383 0.751548
vt 0.964871 0.751548
vt 0.964871 0.682552
f 9/13 6/14 7/15 11/16
vt 0.964871 0.682552
vt 0.964871 0.751548
vt 0.961437 0.751548
vt 0.961437 0.682552
f 11/17 7/18 8/19 12/20
vt 0.987818 0.751548
vt 0.987818 0.682552
vt 0.961437 0.682552
vt 0.961437 0.751548
f 5/21 10/22 12/23 8/24
vt 0.988759 0.665814
vt 0.988759 0.676459
vt 0.986708 0.676459
vt 0.986708 0.665814
f 1/25 14/26 13/27 2/28
vt 0.988759 0.676459
vt 0.987818 0.682552
vt 0.984383 0.682552
vt 0.986708 0.676459
f 14/29 10/30 9/31 13/32
vt 0.986708 0.665814
vt 0.986708 0.676459
vt 0.962546 0.676459
vt 0.962546 0.665814
f 2/33 13/34 15/35 3/36
vt 0.986708 0.676459
vt 0.984383 0.682552
vt 0.964871 0.682552
vt 0.962546 0.676459
f 13/37 9/38 11/39 15/40
vt 0.962546 0.665814
vt 0.962546 0.676459
vt 0.960495 0.676459
vt 0.960495 0.665814
f 3/41 15/42 16/43 4/44
vt 0.962546 0.676459
vt 0.964871 0.682552
vt 0.961437 0.682552
vt 0.960495 0.676459
f 15/45 11/46 12/47 16/48
vt 0.987818 0.682552
vt 0.988759 0.676459
vt 0.960495 0.676459
vt 0.961437 0.682552
f 10/49 14/50 16/51 12/52
vt 0.988759 0.676459
vt 0.988759 0.665814
vt 0.960495 0.665814
vt 0.960495 0.676459
f 14/53 1/54 4/55 16/56
vt 0.988759 0.676459
vt 0.988759 0.665814
vt 0.960495 0.665814
vt 0.960495 0.676459
f 19/57 32/58 29/59 17/60
vt 0.987818 0.682552
vt 0.988759 0.676459
vt 0.960495 0.676459
vt 0.961437 0.682552
f 23/61 19/62 17/63 21/64
vt 0.962546 0.676459
vt 0.964871 0.682552
vt 0.961437 0.682552
vt 0.960495 0.676459
f 18/65 22/66 21/67 17/68
vt 0.962546 0.665814
vt 0.962546 0.676459
vt 0.960495 0.676459
vt 0.960495 0.665814
f 30/69 18/70 17/71 29/72
vt 0.986708 0.676459
vt 0.984383 0.682552
vt 0.964871 0.682552
vt 0.962546 0.676459
f 20/73 24/74 22/75 18/76
vt 0.986708 0.665814
vt 0.986708 0.676459
vt 0.962546 0.676459
vt 0.962546 0.665814
f 31/77 20/78 18/79 30/80
vt 0.988759 0.676459
vt 0.987818 0.682552
vt 0.984383 0.682552
vt 0.986708 0.676459
f 19/81 23/82 24/83 20/84
vt 0.988759 0.665814
vt 0.988759 0.676459
vt 0.986708 0.676459
vt 0.986708 0.665814
f 32/85 19/86 20/87 31/88
vt 0.987818 0.751548
vt 0.987818 0.682552
vt 0.961437 0.682552
vt 0.961437 0.751548
f 28/89 23/90 21/91 25/92
vt 0.964871 0.682552
vt 0.964871 0.751548
vt 0.961437 0.751548
vt 0.961437 0.682552
f 22/93 26/94 25/95 21/96
vt 0.984383 0.682552
vt 0.984383 0.751548
vt 0.964871 0.751548
vt 0.964871 0.682552
f 24/97 27/98 26/99 22/100
vt 0.987818 0.682552
vt 0.987818 0.751548
vt 0.984383 0.751548
vt 0.984383 0.682552
f 23/101 28/102 27/103 24/104
vt 0.987818 0.751548
vt 0.961437 0.751548
vt 0.964871 0.751548
vt 0.984383 0.751548
f 28/105 25/106 26/107 27/108
vt 0.988759 0.665814
vt 0.986708 0.665814
vt 0.962546 0.665814
vt 0.960495 0.665814
f 32/109 31/110 30/111 29/112
vt 0.389255 0.619445
vt 0.389255 0.619445
vt 0.001869 0.619445
vt 0.001869 0.619445
f 33/113 34/114 35/115 36/116
vt 0.389552 0.690704
vt 0.001535 0.690704
vt 0.001535 0.686535
vt 0.389552 0.686535
f 37/117 40/118 39/119 38/120
vt 0.592105 0.730651
vt 0.592105 0.766000
vt 0.600260 0.766000
vt 0.600260 0.730651
f 33/121 37/122 38/123 34/124
vt 0.389255 0.619445
vt 0.389255 0.655528
vt 0.001869 0.655528
vt 0.001869 0.619445
f 34/125 38/126 39/127 35/128
vt 0.600260 0.730651
vt 0.600260 0.766000
vt 0.592105 0.766000
vt 0.592105 0.730651
f 35/129 39/130 40/131 36/132
vt 0.001869 0.692857
vt 0.001869 0.656774
vt 0.389255 0.656774
vt 0.389255 0.692857
f 37/133 33/134 36/135 40/136
vt 0.588872 0.730733
vt 0.014437 0.730733
vt 0.014437 0.730733
vt 0.588872 0.730733
f 41/137 44/138 43/139 42/140
vt 0.014312 0.714768
vt 0.014312 0.718825
vt 0.589395 0.718825
vt 0.589394 0.714768
f 47/141 48/142 45/143 46/144
vt 0.588872 0.730733
vt 0.588872 0.730733
vt 0.588872 0.765857
vt 0.588872 0.765857
f 41/145 42/146 46/147 45/148
vt 0.588872 0.803213
vt 0.014437 0.803213
vt 0.014436 0.768088
vt 0.588872 0.768088
f 47/149 46/150 42/151 43/152
vt 0.014437 0.765857
vt 0.014436 0.765857
vt 0.014437 0.730733
vt 0.014437 0.730733
f 48/153 47/154 43/155 44/156
vt 0.014437 0.693535
vt 0.588872 0.693535
vt 0.588872 0.728659
vt 0.014437 0.728659
f 44/157 41/158 45/159 48/160
vt 0.988759 0.676459
vt 0.960495 0.676459
vt 0.960495 0.665814
vt 0.988759 0.665814
f 51/161 49/162 61/163 64/164
vt 0.960495 0.676459
vt 0.988759 0.676459
vt 0.987818 0.682552
vt 0.961437 0.682552
f 49/165 51/166 55/167 53/168
vt 0.962546 0.676459
vt 0.960495 0.676459
vt 0.961437 0.682552
vt 0.964871 0.682552
f 50/169 49/170 53/171 54/172
vt 0.960495 0.676459
vt 0.962546 0.676459
vt 0.962546 0.665814
vt 0.960495 0.665814
f 49/173 50/174 62/175 61/176
vt 0.964871 0.682552
vt 0.984383 0.682552
vt 0.986708 0.676459
vt 0.962546 0.676459
f 54/177 56/178 52/179 50/180
vt 0.962546 0.676459
vt 0.986708 0.676459
vt 0.986708 0.665814
vt 0.962546 0.665814
f 50/181 52/182 63/183 62/184
vt 0.984383 0.682552
vt 0.987818 0.682552
vt 0.988759 0.676459
vt 0.986708 0.676459
f 56/185 55/186 51/187 52/188
vt 0.986708 0.676459
vt 0.988759 0.676459
vt 0.988759 0.665814
vt 0.986708 0.665814
f 52/189 51/190 64/191 63/192
vt 0.961437 0.682552
vt 0.987818 0.682552
vt 0.987818 0.751548
vt 0.961437 0.751548
f 53/193 55/194 60/195 57/196
vt 0.961437 0.751548
vt 0.964871 0.751548
vt 0.964871 0.682552
vt 0.961437 0.682552
f 57/197 58/198 54/199 53/200
vt 0.964871 0.751548
vt 0.984383 0.751548
vt 0.984383 0.682552
vt 0.964871 0.682552
f 58/201 59/202 56/203 54/204
vt 0.984383 0.751548
vt 0.987818 0.751548
vt 0.987818 0.682552
vt 0.984383 0.682552
f 59/205 60/206 55/207 56/208
vt 0.964871 0.751548
vt 0.961437 0.751548
vt 0.987818 0.751548
vt 0.984383 0.751548
f 58/209 57/210 60/211 59/212
vt 0.962546 0.665814
vt 0.986708 0.665814
vt 0.988759 0.665814
vt 0.960495 0.665814
f 62/213 63/214 64/215 61/216
vt 0.960495 0.665814
vt 0.988759 0.665814
vt 0.988759 0.676459
vt 0.960495 0.676459
f 77/217 80/218 67/219 65/220
vt 0.960495 0.676459
vt 0.988759 0.676459
vt 0.987818 0.682552
vt 0.961437 0.682552
f 65/221 67/222 71/223 69/224
vt 0.961437 0.682552
vt 0.964871 0.682552
vt 0.962546 0.676459
vt 0.960495 0.676459
f 69/225 70/226 66/227 65/228
vt 0.960495 0.676459
vt 0.962546 0.676459
vt 0.962546 0.665814
vt 0.960495 0.665814
f 65/229 66/230 78/231 77/232
vt 0.964871 0.682552
vt 0.984383 0.682552
vt 0.986708 0.676459
vt 0.962546 0.676459
f 70/233 72/234 68/235 66/236
vt 0.962546 0.676459
vt 0.986708 0.676459
vt 0.986708 0.665814
vt 0.962546 0.665814
f 66/237 68/238 79/239 78/240
vt 0.984383 0.682552
vt 0.987818 0.682552
vt 0.988759 0.676459
vt 0.986708 0.676459
f 72/241 71/242 67/243 68/244
vt 0.986708 0.676459
vt 0.988759 0.676459
vt 0.988759 0.665814
vt 0.986708 0.665814
f 68/245 67/246 80/247 79/248
vt 0.961437 0.682552
vt 0.987818 0.682552
vt 0.987818 0.751548
vt 0.961437 0.751548
f 69/249 71/250 76/251 73/252
vt 0.961437 0.751548
vt 0.964871 0.751548
vt 0.964871 0.682552
vt 0.961437 0.682552
f 73/253 74/254 70/255 69/256
vt 0.964871 0.751548
vt 0.984383 0.751548
vt 0.984383 0.682552
vt 0.964871 0.682552
f 74/257 75/258 72/259 70/260
vt 0.984383 0.751548
vt 0.987818 0.751548
vt 0.987818 0.682552
vt 0.984383 0.682552
f 75/261 76/262 71/263 72/264
vt 0.964871 0.751548
vt 0.961437 0.751548
vt 0.987818 0.751548
vt 0.984383 0.751548
f 74/265 73/266 76/267 75/268
vt 0.962546 0.665814
vt 0.986708 0.665814
vt 0.988759 0.665814
vt 0.960495 0.665814
f 78/269 79/270 80/271 77/272
vt 0.960495 0.665814
vt 0.960495 0.676459
vt 0.988759 0.676459
vt 0.988759 0.665814
f 93/273 81/274 83/275 96/276
vt 0.960495 0.676459
vt 0.961437 0.682552
vt 0.987818 0.682552
vt 0.988759 0.676459
f 81/277 85/278 87/279 83/280
vt 0.961437 0.682552
vt 0.960495 0.676459
vt 0.962546 0.676459
vt 0.964871 0.682552
f 85/281 81/282 82/283 86/284
vt 0.960495 0.676459
vt 0.960495 0.665814
vt 0.962546 0.665814
vt 0.962546 0.676459
f 81/285 93/286 94/287 82/288
vt 0.986708 0.676459
vt 0.984383 0.682552
vt 0.964871 0.682552
vt 0.962546 0.676459
f 84/289 88/290 86/291 82/292
vt 0.986708 0.665814
vt 0.986708 0.676459
vt 0.962546 0.676459
vt 0.962546 0.665814
f 95/293 84/294 82/295 94/296
vt 0.988759 0.676459
vt 0.987818 0.682552
vt 0.984383 0.682552
vt 0.986708 0.676459
f 83/297 87/298 88/299 84/300
vt 0.988759 0.665814
vt 0.988759 0.676459
vt 0.986708 0.676459
vt 0.986708 0.665814
f 96/301 83/302 84/303 95/304
vt 0.987818 0.751548
vt 0.987818 0.682552
vt 0.961437 0.682552
vt 0.961437 0.751548
f 92/305 87/306 85/307 89/308
vt 0.964871 0.682552
vt 0.964871 0.751548
vt 0.961437 0.751548
vt 0.961437 0.682552
f 86/309 90/310 89/311 85/312
vt 0.984383 0.682552
vt 0.984383 0.751548
vt 0.964871 0.751548
vt 0.964871 0.682552
f 88/313 91/314 90/315 86/316
vt 0.987818 0.682552
vt 0.987818 0.751548
vt 0.984383 0.751548
vt 0.984383 0.682552
f 87/317 92/318 91/319 88/320
vt 0.987818 0.751548
vt 0.961437 0.751548
vt 0.964871 0.751548
vt 0.984383 0.751548
f 92/321 89/322 90/323 91/324
vt 0.988759 0.665814
vt 0.986708 0.665814
vt 0.962546 0.665814
vt 0.960495 0.665814
f 96/325 95/326 94/327 93/328
vt 0.988759 0.676459
vt 0.988759 0.665814
vt 0.960495 0.665814
vt 0.960495 0.676459
f 99/329 112/330 109/331 97/332
vt 0.987818 0.682552
vt 0.988759 0.676459
vt 0.960495 0.676459
vt 0.961437 0.682552
f 103/333 99/334 97/335 101/336
vt 0.962546 0.676459
vt 0.964871 0.682552
vt 0.961437 0.682552
vt 0.960495 0.676459
f 98/337 102/338 101/339 97/340
vt 0.962546 0.665814
vt 0.962546 0.676459
vt 0.960495 0.676459
vt 0.960495 0.665814
f 110/341 98/342 97/343 109/344
vt 0.986708 0.676459
vt 0.984383 0.682552
vt 0.964871 0.682552
vt 0.962546 0.676459
f 100/345 104/346 102/347 98/348
vt 0.986708 0.665814
vt 0.986708 0.676459
vt 0.962546 0.676459
vt 0.962546 0.665814
f 111/349 100/350 98/351 110/352
vt 0.988759 0.676459
vt 0.987818 0.682552
vt 0.984383 0.682552
vt 0.986708 0.676459
f 99/353 103/354 104/355 100/356
vt 0.988759 0.665814
vt 0.988759 0.676459
vt 0.986708 0.676459
vt 0.986708 0.665814
f 112/357 99/358 100/359 111/360
vt 0.987818 0.751548
vt 0.987818 0.682552
vt 0.961437 0.682552
vt 0.961437 0.751548
f 108/361 103/362 101/363 105/364
vt 0.964871 0.682552
vt 0.964871 0.751548
vt 0.961437 0.751548
vt 0.961437 0.682552
f 102/365 106/366 105/367 101/368
vt 0.984383 0.682552
vt 0.984383 0.751548
vt 0.964871 0.751548
vt 0.964871 0.682552
f 104/369 107/370 106/371 102/372
vt 0.987818 0.682552
vt 0.987818 0.751548
vt 0.984383 0.751548
vt 0.984383 0.682552
f 103/373 108/374 107/375 104/376
vt 0.987818 0.751548
vt 0.961437 0.751548
vt 0.964871 0.751548
vt 0.984383 0.751548
f 108/377 105/378 106/379 107/380
vt 0.988759 0.665814
vt 0.986708 0.665814
vt 0.962546 0.665814
vt 0.960495 0.665814
f 112/381 111/382 110/383 109/384
vt 0.588872 0.730733
vt 0.588872 0.730733
vt 0.014437 0.730733
vt 0.014437 0.730733
f 113/385 114/386 115/387 116/388
vt 0.589395 0.718825
vt 0.014312 0.718825
vt 0.014312 0.714768
vt 0.589394 0.714768
f 117/389 120/390 119/391 118/392
vt 0.588872 0.730733
vt 0.588872 0.765857
vt 0.588872 0.765857
vt 0.588872 0.730733
f 113/393 117/394 118/395 114/396
vt 0.588872 0.730733
vt 0.588872 0.765857
vt 0.014436 0.765857
vt 0.014437 0.730733
f 114/397 118/398 119/399 115/400
vt 0.014437 0.730733
vt 0.014436 0.765857
vt 0.014437 0.765857
vt 0.014437 0.730733
f 115/401 119/402 120/403 116/404
vt 0.588872 0.728659
vt 0.588872 0.693535
vt 0.014437 0.693535
vt 0.014437 0.728659
f 117/405 113/406 116/407 120/408
vt 0.794922 0.174934
vt 0.793483 0.174934
vt 0.793483 0.181695
vt 0.794922 0.181695
f 121/409 122/410 123/411 124/412
vt 0.794922 0.174869
vt 0.794922 0.181630
vt 0.793483 0.181630
vt 0.793483 0.174869
f 125/413 128/414 127/415 126/416
vt 0.793483 0.174934
vt 0.793483 0.174869
vt 0.793483 0.181630
vt 0.793483 0.181695
f 122/417 126/418 127/419 123/420
vt 0.794922 0.174869
vt 0.794922 0.174934
vt 0.794922 0.181695
vt 0.794922 0.181630
f 125/421 121/422 124/423 128/424
vt 0.792663 0.174168
vt 0.792663 0.174233
vt 0.780481 0.170488
vt 0.780481 0.170423
f 132/425 136/426 133/427 129/428
vt 0.793382 0.173613
vt 0.793382 0.173548
vt 0.781201 0.169803
vt 0.781201 0.169868
f 135/429 131/430 130/431 134/432
vt 0.792663 0.174168
vt 0.780481 0.170423
vt 0.781201 0.169803
vt 0.793382 0.173548
f 132/433 129/434 130/435 131/436
vt 0.792663 0.174233
vt 0.793382 0.173613
vt 0.781201 0.169868
vt 0.780481 0.170488
f 136/437 135/438 134/439 133/440
vt 0.795011 0.173609
vt 0.795730 0.174230
vt 0.807912 0.170485
vt 0.807192 0.169865
f 137/441 138/442 139/443 140/444
vt 0.795011 0.173544
vt 0.807192 0.169799
vt 0.807912 0.170420
vt 0.795730 0.174165
f 141/445 144/446 143/447 142/448
vt 0.795730 0.174230
vt 0.795730 0.174165
vt 0.807912 0.170420
vt 0.807912 0.170485
f 138/449 142/450 143/451 139/452
vt 0.795011 0.173544
vt 0.795011 0.173609
vt 0.807192 0.169865
vt 0.807192 0.169799
f 141/453 137/454 140/455 144/456
vt 0.794202 0.173904
vt 0.794202 0.172946
vt 0.795563 0.173227
f 153/457 146/458 145/459
vt 0.794202 0.173904
vt 0.792842 0.173227
vt 0.794202 0.172946
f 153/460 147/461 146/462
vt 0.794202 0.173904
vt 0.792279 0.173904
vt 0.792842 0.173227
f 153/463 148/464 147/465
vt 0.794202 0.173904
vt 0.792842 0.174581
vt 0.792279 0.173904
f 153/466 149/467 148/468
vt 0.794202 0.173904
vt 0.794202 0.174862
vt 0.792842 0.174581
f 153/469 150/470 149/471
vt 0.794202 0.173904
vt 0.795563 0.174581
vt 0.794202 0.174862
f 153/472 151/473 150/474
vt 0.794202 0.173904
vt 0.796126 0.173904
vt 0.795563 0.174581
f 153/475 152/476 151/477
vt 0.794202 0.173904
vt 0.795563 0.173227
vt 0.796126 0.173904
f 153/478 145/479 152/480
vt 0.795563 0.173597
vt 0.797260 0.172443
vt 0.794202 0.171812
vt 0.794202 0.173316
f 155/481 163/482 162/483 154/484
vt 0.797260 0.172443
vt 0.795563 0.173227
vt 0.794202 0.172946
vt 0.794202 0.171812
f 163/485 145/486 146/487 162/488
vt 0.794202 0.173316
vt 0.794202 0.171812
vt 0.791145 0.172443
vt 0.792842 0.173597
f 154/489 162/490 164/491 156/492
vt 0.794202 0.171812
vt 0.794202 0.172946
vt 0.792842 0.173227
vt 0.791145 0.172443
f 162/493 146/494 147/495 164/496
vt 0.792842 0.173597
vt 0.791145 0.172443
vt 0.789879 0.173965
vt 0.792279 0.174274
f 156/497 164/498 165/499 157/500
vt 0.791145 0.172443
vt 0.792842 0.173227
vt 0.792279 0.173904
vt 0.789879 0.173965
f 164/501 147/502 148/503 165/504
vt 0.792279 0.174274
vt 0.789879 0.173965
vt 0.791145 0.175487
vt 0.792842 0.174951
f 157/505 165/506 166/507 158/508
vt 0.789879 0.173965
vt 0.792279 0.173904
vt 0.792842 0.174581
vt 0.791145 0.175487
f 165/509 148/510 149/511 166/512
vt 0.792842 0.174951
vt 0.791145 0.175487
vt 0.794202 0.176118
vt 0.794202 0.175232
f 158/513 166/514 167/515 159/516
vt 0.791145 0.175487
vt 0.792842 0.174581
vt 0.794202 0.174862
vt 0.794202 0.176118
f 166/517 149/518 150/519 167/520
vt 0.794202 0.175232
vt 0.794202 0.176118
vt 0.797260 0.175487
vt 0.795563 0.174951
f 159/521 167/522 168/523 160/524
vt 0.794202 0.176118
vt 0.794202 0.174862
vt 0.795563 0.174581
vt 0.797260 0.175487
f 167/525 150/526 151/527 168/528
vt 0.795563 0.174951
vt 0.797260 0.175487
vt 0.798526 0.173965
vt 0.796126 0.174274
f 160/529 168/530 169/531 161/532
vt 0.797260 0.175487
vt 0.795563 0.174581
vt 0.796126 0.173904
vt 0.798526 0.173965
f 168/533 151/534 152/535 169/536
vt 0.795563 0.173227
vt 0.797260 0.172443
vt 0.798526 0.173965
vt 0.796126 0.173904
f 145/537 163/538 169/539 152/540
vt 0.797260 0.172443
vt 0.795563 0.173597
vt 0.796126 0.174274
vt 0.798526 0.173965
f 163/541 155/542 161/543 169/544
vt 0.806373 0.167878
vt 0.805048 0.168538
vt 0.798172 0.166561
vt 0.798657 0.165660
f 170/545 182/546 183/547 171/548
vt 0.798657 0.165660
vt 0.798172 0.166561
vt 0.790233 0.166561
vt 0.789747 0.165660
f 171/549 183/550 184/551 172/552
vt 0.789747 0.165660
vt 0.790233 0.166561
vt 0.783357 0.168538
vt 0.782031 0.167878
f 172/553 184/554 185/555 173/556
vt 0.782031 0.167878
vt 0.783357 0.168538
vt 0.779387 0.171962
vt 0.777577 0.171720
f 173/557 185/558 186/559 174/560
vt 0.777577 0.171720
vt 0.779387 0.171962
vt 0.779387 0.175915
vt 0.777577 0.176157
f 174/561 186/562 187/563 175/564
vt 0.777577 0.176157
vt 0.779387 0.175915
vt 0.783357 0.179339
vt 0.782031 0.179999
f 175/565 187/566 188/567 176/568
vt 0.782031 0.179999
vt 0.783357 0.179339
vt 0.790233 0.181316
vt 0.789747 0.182217
f 176/569 188/570 189/571 177/572
vt 0.789747 0.182217
vt 0.790233 0.181316
vt 0.798172 0.181316
vt 0.798657 0.182217
f 177/573 189/574 190/575 178/576
vt 0.798657 0.182217
vt 0.798172 0.181316
vt 0.805048 0.179339
vt 0.806373 0.179999
f 178/577 190/578 191/579 179/580
vt 0.806373 0.179999
vt 0.805048 0.179339
vt 0.809018 0.175915
vt 0.810828 0.176157
f 179/581 191/582 192/583 180/584
vt 0.810828 0.176157
vt 0.809018 0.175915
vt 0.809018 0.171962
vt 0.810828 0.171720
f 180/585 192/586 193/587 181/588
vt 0.805048 0.168538
vt 0.806373 0.167878
vt 0.810828 0.171720
vt 0.809018 0.171962
f 182/589 170/590 181/591 193/592
vt 0.805048 0.168538
vt 0.809018 0.171962
vt 0.809018 0.172061
vt 0.805048 0.168637
f 182/593 193/594 194/595 205/596
vt 0.809018 0.171962
vt 0.809018 0.175915
vt 0.809018 0.176015
vt 0.809018 0.172061
f 193/597 192/598 195/599 194/600
vt 0.809018 0.175915
vt 0.805048 0.179339
vt 0.805048 0.179438
vt 0.809018 0.176015
f 192/601 191/602 196/603 195/604
vt 0.805048 0.179339
vt 0.798172 0.181316
vt 0.798172 0.181415
vt 0.805048 0.179438
f 191/605 190/606 197/607 196/608
vt 0.798172 0.181316
vt 0.790233 0.181316
vt 0.790233 0.181415
vt 0.798172 0.181415
f 190/609 189/610 198/611 197/612
vt 0.790233 0.181316
vt 0.783357 0.179339
vt 0.783357 0.179438
vt 0.790233 0.181415
f 189/613 188/614 199/615 198/616
vt 0.783357 0.179339
vt 0.779387 0.175915
vt 0.779387 0.176015
vt 0.783357 0.179438
f 188/617 187/618 200/619 199/620
vt 0.779387 0.175915
vt 0.779387 0.171962
vt 0.779387 0.172061
vt 0.779387 0.176015
f 187/621 186/622 201/623 200/624
vt 0.779387 0.171962
vt 0.783357 0.168538
vt 0.783357 0.168637
vt 0.779387 0.172061
f 186/625 185/626 202/627 201/628
vt 0.783357 0.168538
vt 0.790233 0.166561
vt 0.790233 0.166661
vt 0.783357 0.168637
f 185/629 184/630 203/631 202/632
vt 0.790233 0.166561
vt 0.798172 0.166561
vt 0.798172 0.166661
vt 0.790233 0.166661
f 184/633 183/634 204/635 203/636
vt 0.798172 0.166561
vt 0.805048 0.168538
vt 0.805048 0.168637
vt 0.798172 0.166661
f 183/637 182/638 205/639 204/640
vt 0.810828 0.171720
vt 0.806373 0.167878
vt 0.806373 0.167977
vt 0.810828 0.171819
f 181/641 170/642 217/643 206/644
vt 0.810828 0.176157
vt 0.810828 0.171720
vt 0.810828 0.171819
vt 0.810828 0.176256
f 180/645 181/646 206/647 207/648
vt 0.806373 0.179999
vt 0.810828 0.176157
vt 0.810828 0.176256
vt 0.806373 0.180098
f 179/649 180/650 207/651 208/652
vt 0.798657 0.182217
vt 0.806373 0.179999
vt 0.806373 0.180098
vt 0.798657 0.182316
f 178/653 179/654 208/655 209/656
vt 0.789747 0.182217
vt 0.798657 0.182217
vt 0.798657 0.182316
vt 0.789747 0.182316
f 177/657 178/658 209/659 210/660
vt 0.782031 0.179999
vt 0.789747 0.182217
vt 0.789747 0.182316
vt 0.782031 0.180098
f 176/661 177/662 210/663 211/664
vt 0.777577 0.176157
vt 0.782031 0.179999
vt 0.782031 0.180098
vt 0.777577 0.176256
f 175/665 176/666 211/667 212/668
vt 0.777577 0.171720
vt 0.777577 0.176157
vt 0.777577 0.176256
vt 0.777577 0.171819
f 174/669 175/670 212/671 213/672
vt 0.782031 0.167878
vt 0.777577 0.171720
vt 0.777577 0.171819
vt 0.782031 0.167977
f 173/673 174/674 213/675 214/676
vt 0.789747 0.165660
vt 0.782031 0.167878
vt 0.782031 0.167977
vt 0.789747 0.165759
f 172/677 173/678 214/679 215/680
vt 0.798657 0.165660
vt 0.789747 0.165660
vt 0.789747 0.165759
vt 0.798657 0.165759
f 171/681 172/682 215/683 216/684
vt 0.806373 0.167878
vt 0.798657 0.165660
vt 0.798657 0.165759
vt 0.806373 0.167977
f 170/685 171/686 216/687 217/688
vt 0.798172 0.166661
vt 0.805048 0.168637
vt 0.806373 0.167977
vt 0.798657 0.165759
f 204/689 205/690 217/691 216/692
vt 0.790233 0.166661
vt 0.798172 0.166661
vt 0.798657 0.165759
vt 0.789747 0.165759
f 203/693 204/694 216/695 215/696
vt 0.783357 0.168637
vt 0.790233 0.166661
vt 0.789747 0.165759
vt 0.782031 0.167977
f 202/697 203/698 215/699 214/700
vt 0.779387 0.172061
vt 0.783357 0.168637
vt 0.782031 0.167977
vt 0.777577 0.171819
f 201/701 202/702 214/703 213/704
vt 0.779387 0.176015
vt 0.779387 0.172061
vt 0.777577 0.171819
vt 0.777577 0.176256
f 200/705 201/706 213/707 212/708
vt 0.783357 0.179438
vt 0.779387 0.176015
vt 0.777577 0.176256
vt 0.782031 0.180098
f 199/709 200/710 212/711 211/712
vt 0.790233 0.181415
vt 0.783357 0.179438
vt 0.782031 0.180098
vt 0.789747 0.182316
f 198/713 199/714 211/715 210/716
vt 0.798172 0.181415
vt 0.790233 0.181415
vt 0.789747 0.182316
vt 0.798657 0.182316
f 197/717 198/718 210/719 209/720
vt 0.805048 0.179438
vt 0.798172 0.181415
vt 0.798657 0.182316
vt 0.806373 0.180098
f 196/721 197/722 209/723 208/724
vt 0.809018 0.176015
vt 0.805048 0.179438
vt 0.806373 0.180098
vt 0.810828 0.176256
f 195/725 196/726 208/727 207/728
vt 0.809018 0.172061
vt 0.809018 0.176015
vt 0.810828 0.176256
vt 0.810828 0.171819
f 194/729 195/730 207/731 206/732
vt 0.805048 0.168637
vt 0.809018 0.172061
vt 0.810828 0.171819
vt 0.806373 0.167977
f 205/733 194/734 206/735 217/736
vt 0.795563 0.173948
vt 0.795563 0.173597
vt 0.794202 0.173316
vt 0.794202 0.173668
f 219/737 155/738 154/739 218/740
vt 0.794202 0.173668
vt 0.794202 0.173316
vt 0.792842 0.173597
vt 0.792842 0.173948
f 218/741 154/742 156/743 220/744
vt 0.792842 0.173948
vt 0.792842 0.173597
vt 0.792279 0.174274
vt 0.792279 0.174626
f 220/745 156/746 157/747 221/748
vt 0.792279 0.174626
vt 0.792279 0.174274
vt 0.792842 0.174951
vt 0.792842 0.175303
f 221/749 157/750 158/751 222/752
vt 0.792842 0.175303
vt 0.792842 0.174951
vt 0.794202 0.175232
vt 0.794202 0.175584
f 222/753 158/754 159/755 223/756
vt 0.794202 0.175584
vt 0.794202 0.175232
vt 0.795563 0.174951
vt 0.795563 0.175303
f 223/757 159/758 160/759 224/760
vt 0.795563 0.175303
vt 0.795563 0.174951
vt 0.796126 0.174274
vt 0.796126 0.174626
f 224/761 160/762 161/763 225/764
vt 0.795563 0.173597
vt 0.795563 0.173948
vt 0.796126 0.174626
vt 0.796126 0.174274
f 155/765 219/766 225/767 161/768
vt 0.691063 0.516132
vt 0.726711 0.533955
vt 0.739760 0.522655
f 274/769 226/770 228/771
vt 0.739760 0.522655
vt 0.726711 0.533955
vt 0.691063 0.516132
f 229/772 227/773 275/774
vt 0.691063 0.516132
vt 0.739760 0.522655
vt 0.739760 0.509607
f 274/775 228/776 230/777
vt 0.739760 0.509607
vt 0.739760 0.522655
vt 0.691063 0.516132
f 231/778 229/779 275/780
vt 0.691063 0.516132
vt 0.739760 0.509607
vt 0.726711 0.498308
f 274/781 230/782 232/783
vt 0.726711 0.498308
vt 0.739760 0.509607
vt 0.691063 0.516132
f 233/784 231/785 275/786
vt 0.691063 0.516132
vt 0.726711 0.498308
vt 0.704112 0.491783
f 274/787 232/788 234/789
vt 0.704112 0.491783
vt 0.726711 0.498308
vt 0.691063 0.516132
f 235/790 233/791 275/792
vt 0.691063 0.516132
vt 0.704112 0.491783
vt 0.678015 0.491783
f 274/793 234/794 236/795
vt 0.678015 0.491783
vt 0.704112 0.491783
vt 0.691063 0.516132
f 237/796 235/797 275/798
vt 0.691063 0.516132
vt 0.678015 0.491783
vt 0.655415 0.498308
f 274/799 236/800 238/801
vt 0.655415 0.498308
vt 0.678015 0.491783
vt 0.691063 0.516132
f 239/802 237/803 275/804
vt 0.691063 0.516132
vt 0.655415 0.498308
vt 0.642367 0.509607
f 274/805 238/806 240/807
vt 0.642367 0.509607
vt 0.655415 0.498308
vt 0.691063 0.516132
f 241/808 239/809 275/810
vt 0.691063 0.516132
vt 0.642367 0.509607
vt 0.642367 0.522655
f 274/811 240/812 242/813
vt 0.642367 0.522655
vt 0.642367 0.509607
vt 0.691063 0.516132
f 243/814 241/815 275/816
vt 0.691063 0.516132
vt 0.642367 0.522655
vt 0.655415 0.533955
f 274/817 242/818 244/819
vt 0.655415 0.533955
vt 0.642367 0.522655
vt 0.691063 0.516132
f 245/820 243/821 275/822
vt 0.691063 0.516132
vt 0.655415 0.533955
vt 0.678015 0.540480
f 274/823 244/824 246/825
vt 0.678015 0.540480
vt 0.655415 0.533955
vt 0.691063 0.516132
f 247/826 245/827 275/828
vt 0.691063 0.516132
vt 0.678015 0.540480
vt 0.704111 0.540480
f 274/829 246/830 248/831
vt 0.704111 0.540480
vt 0.678015 0.540480
vt 0.691063 0.516132
f 249/832 247/833 275/834
vt 0.704111 0.540480
vt 0.726711 0.533955
vt 0.691063 0.516132
f 248/835 226/836 274/837
vt 0.691063 0.516132
vt 0.726711 0.533955
vt 0.704111 0.540480
f 275/838 227/839 249/840
vt 0.726711 0.533955
vt 0.752176 0.546688
vt 0.774545 0.527316
vt 0.739760 0.522655
f 226/841 280/842 276/843 228/844
vt 0.774545 0.527316
vt 0.752176 0.546688
vt 0.726711 0.533955
vt 0.739760 0.522655
f 277/845 281/846 227/847 229/848
vt 0.752176 0.546688
vt 0.737704 0.539452
vt 0.754776 0.524667
vt 0.774545 0.527316
f 282/849 250/850 252/851 278/852
vt 0.754776 0.524667
vt 0.737704 0.539452
vt 0.752176 0.546688
vt 0.774545 0.527316
f 253/853 251/854 283/855 279/856
vt 0.739760 0.522655
vt 0.774545 0.527316
vt 0.774545 0.504947
vt 0.739760 0.509607
f 228/857 276/858 284/859 230/860
vt 0.774545 0.504947
vt 0.774545 0.527316
vt 0.739760 0.522655
vt 0.739760 0.509607
f 285/861 277/862 229/863 231/864
vt 0.774545 0.527316
vt 0.754776 0.524667
vt 0.754776 0.507596
vt 0.774545 0.504947
f 278/865 252/866 254/867 286/868
vt 0.754776 0.507596
vt 0.754776 0.524667
vt 0.774545 0.527316
vt 0.774545 0.504947
f 255/869 253/870 279/871 287/872
vt 0.739760 0.509607
vt 0.774545 0.504947
vt 0.752176 0.485575
vt 0.726711 0.498308
f 230/873 284/874 288/875 232/876
vt 0.752176 0.485575
vt 0.774545 0.504947
vt 0.739760 0.509607
vt 0.726711 0.498308
f 289/877 285/878 231/879 233/880
vt 0.774545 0.504947
vt 0.754776 0.507596
vt 0.737704 0.492811
vt 0.752176 0.485575
f 286/881 254/882 256/883 290/884
vt 0.737704 0.492811
vt 0.754776 0.507596
vt 0.774545 0.504947
vt 0.752176 0.485575
f 257/885 255/886 287/887 291/888
vt 0.726711 0.498308
vt 0.752176 0.485575
vt 0.713432 0.474391
vt 0.704112 0.491783
f 232/889 288/890 292/891 234/892
vt 0.713432 0.474391
vt 0.752176 0.485575
vt 0.726711 0.498308
vt 0.704112 0.491783
f 293/893 289/894 233/895 235/896
vt 0.752176 0.485575
vt 0.737704 0.492811
vt 0.708135 0.484275
vt 0.713432 0.474391
f 290/897 256/898 258/899 294/900
vt 0.708135 0.484275
vt 0.737704 0.492811
vt 0.752176 0.485575
vt 0.713432 0.474391
f 259/901 257/902 291/903 295/904
vt 0.704112 0.491783
vt 0.713432 0.474391
vt 0.668695 0.474391
vt 0.678015 0.491783
f 234/905 292/906 296/907 236/908
vt 0.668695 0.474391
vt 0.713432 0.474391
vt 0.704112 0.491783
vt 0.678015 0.491783
f 297/909 293/910 235/911 237/912
vt 0.713432 0.474391
vt 0.708135 0.484275
vt 0.673992 0.484275
vt 0.668695 0.474391
f 294/913 258/914 260/915 298/916
vt 0.673992 0.484275
vt 0.708135 0.484275
vt 0.713432 0.474391
vt 0.668695 0.474391
f 261/917 259/918 295/919 299/920
vt 0.678015 0.491783
vt 0.668695 0.474391
vt 0.629950 0.485575
vt 0.655415 0.498308
f 236/921 296/922 300/923 238/924
vt 0.629950 0.485575
vt 0.668695 0.474391
vt 0.678015 0.491783
vt 0.655415 0.498308
f 301/925 297/926 237/927 239/928
vt 0.668695 0.474391
vt 0.673992 0.484275
vt 0.644423 0.492811
vt 0.629950 0.485575
f 298/929 260/930 262/931 302/932
vt 0.644423 0.492811
vt 0.673992 0.484275
vt 0.668695 0.474391
vt 0.629950 0.485575
f 263/933 261/934 299/935 303/936
vt 0.655415 0.498308
vt 0.629950 0.485575
vt 0.607581 0.504947
vt 0.642367 0.509607
f 238/937 300/938 304/939 240/940
vt 0.607581 0.504947
vt 0.629950 0.485575
vt 0.655415 0.498308
vt 0.642367 0.509607
f 305/941 301/942 239/943 241/944
vt 0.629950 0.485575
vt 0.644423 0.492811
vt 0.627351 0.507596
vt 0.607582 0.504947
f 302/945 262/946 264/947 306/948
vt 0.627351 0.507596
vt 0.644423 0.492811
vt 0.629950 0.485575
vt 0.607582 0.504947
f 265/949 263/950 303/951 307/952
vt 0.642367 0.509607
vt 0.607581 0.504947
vt 0.607581 0.527316
vt 0.642367 0.522655
f 240/953 304/954 308/955 242/956
vt 0.607581 0.527316
vt 0.607581 0.504947
vt 0.642367 0.509607
vt 0.642367 0.522655
f 309/957 305/958 241/959 243/960
vt 0.607582 0.504947
vt 0.627351 0.507596
vt 0.627351 0.524667
vt 0.607581 0.527316
f 306/961 264/962 266/963 310/964
vt 0.627351 0.524667
vt 0.627351 0.507596
vt 0.607582 0.504947
vt 0.607581 0.527316
f 267/965 265/966 307/967 311/968
vt 0.642367 0.522655
vt 0.607581 0.527316
vt 0.629950 0.546688
vt 0.655415 0.533955
f 242/969 308/970 312/971 244/972
vt 0.629950 0.546688
vt 0.607581 0.527316
vt 0.642367 0.522655
vt 0.655415 0.533955
f 313/973 309/974 243/975 245/976
vt 0.607581 0.527316
vt 0.627351 0.524667
vt 0.644423 0.539452
vt 0.629950 0.546688
f 310/977 266/978 268/979 314/980
vt 0.644423 0.539452
vt 0.627351 0.524667
vt 0.607581 0.527316
vt 0.629950 0.546688
f 269/981 267/982 311/983 315/984
vt 0.655415 0.533955
vt 0.629950 0.546688
vt 0.668694 0.557872
vt 0.678015 0.540480
f 244/985 312/986 316/987 246/988
vt 0.668694 0.557872
vt 0.629950 0.546688
vt 0.655415 0.533955
vt 0.678015 0.540480
f 317/989 313/990 245/991 247/992
vt 0.629950 0.546688
vt 0.644423 0.539452
vt 0.673992 0.547988
vt 0.668694 0.557872
f 314/993 268/994 270/995 318/996
vt 0.673992 0.547988
vt 0.644423 0.539452
vt 0.629950 0.546688
vt 0.668694 0.557872
f 271/997 269/998 315/999 319/1000
vt 0.678015 0.540480
vt 0.668694 0.557872
vt 0.713432 0.557872
vt 0.704111 0.540480
f 246/1001 316/1002 320/1003 248/1004
vt 0.713432 0.557872
vt 0.668694 0.557872
vt 0.678015 0.540480
vt 0.704111 0.540480
f 321/1005 317/1006 247/1007 249/1008
vt 0.668694 0.557872
vt 0.673992 0.547988
vt 0.708135 0.547988
vt 0.713432 0.557872
f 318/1009 270/1010 272/1011 322/1012
vt 0.708135 0.547988
vt 0.673992 0.547988
vt 0.668694 0.557872
vt 0.713432 0.557872
f 273/1013 271/1014 319/1015 323/1016
vt 0.737704 0.539452
vt 0.752176 0.546688
vt 0.713432 0.557872
vt 0.708135 0.547988
f 250/1017 282/1018 322/1019 272/1020
vt 0.713432 0.557872
vt 0.752176 0.546688
vt 0.737704 0.539452
vt 0.708135 0.547988
f 323/1021 283/1022 251/1023 273/1024
vt 0.752176 0.546688
vt 0.726711 0.533955
vt 0.704111 0.540480
vt 0.713432 0.557872
f 280/1025 226/1026 248/1027 320/1028
vt 0.704111 0.540480
vt 0.726711 0.533955
vt 0.752176 0.546688
vt 0.713432 0.557872
f 249/1029 227/1030 281/1031 321/1032
vt 0.737704 0.539452
vt 0.708135 0.547988
vt 0.704059 0.540382
vt 0.726569 0.533884
f 250/1033 272/1034 326/1035 348/1036
vt 0.704059 0.540382
vt 0.708135 0.547988
vt 0.737704 0.539452
vt 0.726569 0.533884
f 327/1037 273/1038 251/1039 349/1040
vt 0.708135 0.547988
vt 0.673992 0.547988
vt 0.678067 0.540382
vt 0.704059 0.540382
f 272/1041 270/1042 328/1043 326/1044
vt 0.678067 0.540382
vt 0.673992 0.547988
vt 0.708135 0.547988
vt 0.704059 0.540382
f 329/1045 271/1046 273/1047 327/1048
vt 0.673992 0.547988
vt 0.644423 0.539452
vt 0.655558 0.533884
vt 0.678067 0.540382
f 270/1049 268/1050 330/1051 328/1052
vt 0.655558 0.533884
vt 0.644423 0.539452
vt 0.673992 0.547988
vt 0.678067 0.540382
f 331/1053 269/1054 271/1055 329/1056
vt 0.644423 0.539452
vt 0.627351 0.524667
vt 0.642562 0.522629
vt 0.655558 0.533884
f 268/1057 266/1058 332/1059 330/1060
vt 0.642562 0.522629
vt 0.627351 0.524667
vt 0.644423 0.539452
vt 0.655558 0.533884
f 333/1061 267/1062 269/1063 331/1064
vt 0.627351 0.524667
vt 0.627351 0.507596
vt 0.642562 0.509634
vt 0.642562 0.522629
f 266/1065 264/1066 334/1067 332/1068
vt 0.642562 0.509634
vt 0.627351 0.507596
vt 0.627351 0.524667
vt 0.642562 0.522629
f 335/1069 265/1070 267/1071 333/1072
vt 0.627351 0.507596
vt 0.644423 0.492811
vt 0.655558 0.498379
vt 0.642562 0.509634
f 264/1073 262/1074 336/1075 334/1076
vt 0.655558 0.498379
vt 0.644423 0.492811
vt 0.627351 0.507596
vt 0.642562 0.509634
f 337/1077 263/1078 265/1079 335/1080
vt 0.644423 0.492811
vt 0.673992 0.484275
vt 0.678067 0.491881
vt 0.655558 0.498379
f 262/1081 260/1082 338/1083 336/1084
vt 0.678067 0.491881
vt 0.673992 0.484275
vt 0.644423 0.492811
vt 0.655558 0.498379
f 339/1085 261/1086 263/1087 337/1088
vt 0.673992 0.484275
vt 0.708135 0.484275
vt 0.704059 0.491881
vt 0.678067 0.491881
f 260/1089 258/1090 340/1091 338/1092
vt 0.704059 0.491881
vt 0.708135 0.484275
vt 0.673992 0.484275
vt 0.678067 0.491881
f 341/1093 259/1094 261/1095 339/1096
vt 0.708135 0.484275
vt 0.737704 0.492811
vt 0.726569 0.498379
vt 0.704059 0.491881
f 258/1097 256/1098 342/1099 340/1100
vt 0.726569 0.498379
vt 0.737704 0.492811
vt 0.708135 0.484275
vt 0.704059 0.491881
f 343/1101 257/1102 259/1103 341/1104
vt 0.737704 0.492811
vt 0.754776 0.507596
vt 0.739565 0.509634
vt 0.726569 0.498379
f 256/1105 254/1106 344/1107 342/1108
vt 0.739565 0.509634
vt 0.754776 0.507596
vt 0.737704 0.492811
vt 0.726569 0.498379
f 345/1109 255/1110 257/1111 343/1112
vt 0.754776 0.507596
vt 0.754776 0.524667
vt 0.739565 0.522630
vt 0.739565 0.509634
f 254/1113 252/1114 346/1115 344/1116
vt 0.739565 0.522630
vt 0.754776 0.524667
vt 0.754776 0.507596
vt 0.739565 0.509634
f 347/1117 253/1118 255/1119 345/1120
vt 0.754776 0.524667
vt 0.737704 0.539452
vt 0.726569 0.533884
vt 0.739565 0.522630
f 252/1121 250/1122 348/1123 346/1124
vt 0.726569 0.533884
vt 0.737704 0.539452
vt 0.754776 0.524667
vt 0.739565 0.522630
f 349/1125 251/1126 253/1127 347/1128
vt 0.691063 0.516132
vt 0.739565 0.522630
vt 0.726569 0.533884
f 324/1129 346/1130 348/1131
vt 0.726569 0.533884
vt 0.739565 0.522630
vt 0.691063 0.516132
f 349/1132 347/1133 325/1134
vt 0.691063 0.516132
vt 0.739565 0.509634
vt 0.739565 0.522630
f 324/1135 344/1136 346/1137
vt 0.739565 0.522630
vt 0.739565 0.509634
vt 0.691063 0.516132
f 347/1138 345/1139 325/1140
vt 0.691063 0.516132
vt 0.726569 0.498379
vt 0.739565 0.509634
f 324/1141 342/1142 344/1143
vt 0.739565 0.509634
vt 0.726569 0.498379
vt 0.691063 0.516132
f 345/1144 343/1145 325/1146
vt 0.691063 0.516132
vt 0.704059 0.491881
vt 0.726569 0.498379
f 324/1147 340/1148 342/1149
vt 0.726569 0.498379
vt 0.704059 0.491881
vt 0.691063 0.516132
f 343/1150 341/1151 325/1152
vt 0.691063 0.516132
vt 0.678067 0.491881
vt 0.704059 0.491881
f 324/1153 338/1154 340/1155
vt 0.704059 0.491881
vt 0.678067 0.491881
vt 0.691063 0.516132
f 341/1156 339/1157 325/1158
vt 0.691063 0.516132
vt 0.655558 0.498379
vt 0.678067 0.491881
f 324/1159 336/1160 338/1161
vt 0.678067 0.491881
vt 0.655558 0.498379
vt 0.691063 0.516132
f 339/1162 337/1163 325/1164
vt 0.691063 0.516132
vt 0.642562 0.509634
vt 0.655558 0.498379
f 324/1165 334/1166 336/1167
vt 0.655558 0.498379
vt 0.642562 0.509634
vt 0.691063 0.516132
f 337/1168 335/1169 325/1170
vt 0.691063 0.516132
vt 0.642562 0.522629
vt 0.642562 0.509634
f 324/1171 332/1172 334/1173
vt 0.642562 0.509634
vt 0.642562 0.522629
vt 0.691063 0.516132
f 335/1174 333/1175 325/1176
vt 0.691063 0.516132
vt 0.655558 0.533884
vt 0.642562 0.522629
f 324/1177 330/1178 332/1179
vt 0.642562 0.522629
vt 0.655558 0.533884
vt 0.691063 0.516132
f 333/1180 331/1181 325/1182
vt 0.691063 0.516132
vt 0.678067 0.540382
vt 0.655558 0.533884
f 324/1183 328/1184 330/1185
vt 0.655558 0.533884
vt 0.678067 0.540382
vt 0.691063 0.516132
f 331/1186 329/1187 325/1188
vt 0.691063 0.516132
vt 0.704059 0.540382
vt 0.678067 0.540382
f 324/1189 326/1190 328/1191
vt 0.678067 0.540382
vt 0.704059 0.540382
vt 0.691063 0.516132
f 329/1192 327/1193 325/1194
vt 0.691063 0.516132
vt 0.726569 0.533884
vt 0.704059 0.540382
f 324/1195 348/1196 326/1197
vt 0.704059 0.540382
vt 0.726569 0.533884
vt 0.691063 0.516132
f 327/1198 349/1199 325/1200
vt 0.752176 0.546688
vt 0.758673 0.549936
vt 0.783420 0.528505
vt 0.774545 0.527316
f 280/1201 354/1202 350/1203 276/1204
vt 0.783420 0.528505
vt 0.758673 0.549936
vt 0.752176 0.546688
vt 0.774545 0.527316
f 351/1205 355/1206 281/1207 277/1208
vt 0.787250 0.218672
vt 0.860550 0.218672
vt 0.860550 0.263163
vt 0.787250 0.263163
f 354/1209 356/1210 352/1211 350/1212
vt 0.860550 0.263163
vt 0.860550 0.218672
vt 0.787250 0.218672
vt 0.787250 0.263163
f 353/1213 357/1214 355/1215 351/1216
vt 0.758673 0.549936
vt 0.752176 0.546688
vt 0.774545 0.527316
vt 0.783420 0.528505
f 356/1217 282/1218 278/1219 352/1220
vt 0.774545 0.527316
vt 0.752176 0.546688
vt 0.758673 0.549936
vt 0.783420 0.528505
f 279/1221 283/1222 357/1223 353/1224
vt 0.774545 0.527316
vt 0.783420 0.528505
vt 0.783420 0.503758
vt 0.774545 0.504947
f 276/1225 350/1226 358/1227 284/1228
vt 0.783420 0.503758
vt 0.783420 0.528505
vt 0.774545 0.527316
vt 0.774545 0.504947
f 359/1229 351/1230 277/1231 285/1232
vt 0.787250 0.218672
vt 0.860550 0.218672
vt 0.860550 0.263163
vt 0.787250 0.263163
f 350/1233 352/1234 360/1235 358/1236
vt 0.860550 0.263163
vt 0.860550 0.218672
vt 0.787250 0.218672
vt 0.787250 0.263163
f 361/1237 353/1238 351/1239 359/1240
vt 0.783420 0.528505
vt 0.774545 0.527316
vt 0.774545 0.504947
vt 0.783420 0.503758
f 352/1241 278/1242 286/1243 360/1244
vt 0.774545 0.504947
vt 0.774545 0.527316
vt 0.783420 0.528505
vt 0.783420 0.503758
f 287/1245 279/1246 353/1247 361/1248
vt 0.774545 0.504947
vt 0.783420 0.503758
vt 0.758673 0.482327
vt 0.752176 0.485575
f 284/1249 358/1250 362/1251 288/1252
vt 0.758673 0.482327
vt 0.783420 0.503758
vt 0.774545 0.504947
vt 0.752176 0.485575
f 363/1253 359/1254 285/1255 289/1256
vt 0.787250 0.218672
vt 0.860550 0.218672
vt 0.860550 0.263163
vt 0.787250 0.263163
f 358/1257 360/1258 364/1259 362/1260
vt 0.860550 0.263163
vt 0.860550 0.218672
vt 0.787250 0.218672
vt 0.787250 0.263163
f 365/1261 361/1262 359/1263 363/1264
vt 0.783420 0.503758
vt 0.774545 0.504947
vt 0.752176 0.485575
vt 0.758673 0.482327
f 360/1265 286/1266 290/1267 364/1268
vt 0.752176 0.485575
vt 0.774545 0.504947
vt 0.783420 0.503758
vt 0.758673 0.482327
f 291/1269 287/1270 361/1271 365/1272
vt 0.752176 0.485575
vt 0.758673 0.482327
vt 0.715810 0.469954
vt 0.713432 0.474391
f 288/1273 362/1274 366/1275 292/1276
vt 0.715810 0.469954
vt 0.758673 0.482327
vt 0.752176 0.485575
vt 0.713432 0.474391
f 367/1277 363/1278 289/1279 293/1280
vt 0.787250 0.218672
vt 0.860550 0.218672
vt 0.860550 0.263163
vt 0.787250 0.263163
f 362/1281 364/1282 368/1283 366/1284
vt 0.860550 0.263163
vt 0.860550 0.218672
vt 0.787250 0.218672
vt 0.787250 0.263163
f 369/1285 365/1286 363/1287 367/1288
vt 0.758673 0.482327
vt 0.752176 0.485575
vt 0.713432 0.474391
vt 0.715810 0.469954
f 364/1289 290/1290 294/1291 368/1292
vt 0.713432 0.474391
vt 0.752176 0.485575
vt 0.758673 0.482327
vt 0.715810 0.469954
f 295/1293 291/1294 365/1295 369/1296
vt 0.713432 0.474391
vt 0.715810 0.469954
vt 0.666317 0.469954
vt 0.668695 0.474391
f 292/1297 366/1298 370/1299 296/1300
vt 0.666317 0.469954
vt 0.715810 0.469954
vt 0.713432 0.474391
vt 0.668695 0.474391
f 371/1301 367/1302 293/1303 297/1304
vt 0.787250 0.218672
vt 0.860550 0.218672
vt 0.860550 0.263163
vt 0.787250 0.263163
f 366/1305 368/1306 372/1307 370/1308
vt 0.860550 0.263163
vt 0.860550 0.218672
vt 0.787250 0.218672
vt 0.787250 0.263163
f 373/1309 369/1310 367/1311 371/1312
vt 0.715810 0.469954
vt 0.713432 0.474391
vt 0.668695 0.474391
vt 0.666317 0.469954
f 368/1313 294/1314 298/1315 372/1316
vt 0.668695 0.474391
vt 0.713432 0.474391
vt 0.715810 0.469954
vt 0.666317 0.469954
f 299/1317 295/1318 369/1319 373/1320
vt 0.668695 0.474391
vt 0.666317 0.469954
vt 0.623454 0.482327
vt 0.629950 0.485575
f 296/1321 370/1322 374/1323 300/1324
vt 0.623454 0.482327
vt 0.666317 0.469954
vt 0.668695 0.474391
vt 0.629950 0.485575
f 375/1325 371/1326 297/1327 301/1328
vt 0.787250 0.218672
vt 0.860550 0.218672
vt 0.860550 0.263163
vt 0.787250 0.263163
f 370/1329 372/1330 376/1331 374/1332
vt 0.860550 0.263163
vt 0.860550 0.218672
vt 0.787250 0.218672
vt 0.787250 0.263163
f 377/1333 373/1334 371/1335 375/1336
vt 0.666317 0.469954
vt 0.668695 0.474391
vt 0.629950 0.485575
vt 0.623454 0.482327
f 372/1337 298/1338 302/1339 376/1340
vt 0.629950 0.485575
vt 0.668695 0.474391
vt 0.666317 0.469954
vt 0.623454 0.482327
f 303/1341 299/1342 373/1343 377/1344
vt 0.629950 0.485575
vt 0.623454 0.482327
vt 0.598707 0.503758
vt 0.607581 0.504947
f 300/1345 374/1346 378/1347 304/1348
vt 0.598707 0.503758
vt 0.623454 0.482327
vt 0.629950 0.485575
vt 0.607581 0.504947
f 379/1349 375/1350 301/1351 305/1352
vt 0.787250 0.218672
vt 0.860550 0.218672
vt 0.860550 0.263163
vt 0.787250 0.263163
f 374/1353 376/1354 380/1355 378/1356
vt 0.860550 0.263163
vt 0.860550 0.218672
vt 0.787250 0.218672
vt 0.787250 0.263163
f 381/1357 377/1358 375/1359 379/1360
vt 0.623454 0.482327
vt 0.629950 0.485575
vt 0.607582 0.504947
vt 0.598707 0.503758
f 376/1361 302/1362 306/1363 380/1364
vt 0.607582 0.504947
vt 0.629950 0.485575
vt 0.623454 0.482327
vt 0.598707 0.503758
f 307/1365 303/1366 377/1367 381/1368
vt 0.607581 0.504947
vt 0.598707 0.503758
vt 0.598707 0.528505
vt 0.607581 0.527316
f 304/1369 378/1370 382/1371 308/1372
vt 0.598707 0.528505
vt 0.598707 0.503758
vt 0.607581 0.504947
vt 0.607581 0.527316
f 383/1373 379/1374 305/1375 309/1376
vt 0.787250 0.218672
vt 0.860550 0.218672
vt 0.860550 0.263163
vt 0.787250 0.263163
f 378/1377 380/1378 384/1379 382/1380
vt 0.860550 0.263163
vt 0.860550 0.218672
vt 0.787250 0.218672
vt 0.787250 0.263163
f 385/1381 381/1382 379/1383 383/1384
vt 0.598707 0.503758
vt 0.607582 0.504947
vt 0.607581 0.527316
vt 0.598707 0.528505
f 380/1385 306/1386 310/1387 384/1388
vt 0.607581 0.527316
vt 0.607582 0.504947
vt 0.598707 0.503758
vt 0.598707 0.528505
f 311/1389 307/1390 381/1391 385/1392
vt 0.607581 0.527316
vt 0.598707 0.528505
vt 0.623454 0.549936
vt 0.629950 0.546688
f 308/1393 382/1394 386/1395 312/1396
vt 0.623454 0.549936
vt 0.598707 0.528505
vt 0.607581 0.527316
vt 0.629950 0.546688
f 387/1397 383/1398 309/1399 313/1400
vt 0.787250 0.218672
vt 0.860550 0.218672
vt 0.860550 0.263163
vt 0.787250 0.263163
f 382/1401 384/1402 388/1403 386/1404
vt 0.860550 0.263163
vt 0.860550 0.218672
vt 0.787250 0.218672
vt 0.787250 0.263163
f 389/1405 385/1406 383/1407 387/1408
vt 0.598707 0.528505
vt 0.607581 0.527316
vt 0.629950 0.546688
vt 0.623454 0.549936
f 384/1409 310/1410 314/1411 388/1412
vt 0.629950 0.546688
vt 0.607581 0.527316
vt 0.598707 0.528505
vt 0.623454 0.549936
f 315/1413 311/1414 385/1415 389/1416
vt 0.629950 0.546688
vt 0.623454 0.549936
vt 0.666317 0.562310
vt 0.668694 0.557872
f 312/1417 386/1418 390/1419 316/1420
vt 0.666317 0.562310
vt 0.623454 0.549936
vt 0.629950 0.546688
vt 0.668694 0.557872
f 391/1421 387/1422 313/1423 317/1424
vt 0.787250 0.218672
vt 0.860550 0.218672
vt 0.860550 0.263163
vt 0.787250 0.263163
f 386/1425 388/1426 392/1427 390/1428
vt 0.860550 0.263163
vt 0.860550 0.218672
vt 0.787250 0.218672
vt 0.787250 0.263163
f 393/1429 389/1430 387/1431 391/1432
vt 0.623454 0.549936
vt 0.629950 0.546688
vt 0.668694 0.557872
vt 0.666316 0.562310
f 388/1433 314/1434 318/1435 392/1436
vt 0.668694 0.557872
vt 0.629950 0.546688
vt 0.623454 0.549936
vt 0.666316 0.562310
f 319/1437 315/1438 389/1439 393/1440
vt 0.668694 0.557872
vt 0.666317 0.562310
vt 0.715810 0.562310
vt 0.713432 0.557872
f 316/1441 390/1442 394/1443 320/1444
vt 0.715810 0.562310
vt 0.666317 0.562310
vt 0.668694 0.557872
vt 0.713432 0.557872
f 395/1445 391/1446 317/1447 321/1448
vt 0.787250 0.218672
vt 0.860550 0.218672
vt 0.860550 0.263163
vt 0.787250 0.263163
f 390/1449 392/1450 396/1451 394/1452
vt 0.860550 0.263163
vt 0.860550 0.218672
vt 0.787250 0.218672
vt 0.787250 0.263163
f 397/1453 393/1454 391/1455 395/1456
vt 0.666316 0.562310
vt 0.668694 0.557872
vt 0.713432 0.557872
vt 0.715810 0.562310
f 392/1457 318/1458 322/1459 396/1460
vt 0.713432 0.557872
vt 0.668694 0.557872
vt 0.666316 0.562310
vt 0.715810 0.562310
f 323/1461 319/1462 393/1463 397/1464
vt 0.752176 0.546688
vt 0.758673 0.549936
vt 0.715810 0.562310
vt 0.713432 0.557872
f 282/1465 356/1466 396/1467 322/1468
vt 0.715810 0.562310
vt 0.758673 0.549936
vt 0.752176 0.546688
vt 0.713432 0.557872
f 397/1469 357/1470 283/1471 323/1472
vt 0.860550 0.263163
vt 0.787250 0.263163
vt 0.787250 0.218672
vt 0.860550 0.218672
f 356/1473 354/1474 394/1475 396/1476
vt 0.787250 0.218672
vt 0.787250 0.263163
vt 0.860550 0.263163
vt 0.860550 0.218672
f 395/1477 355/1478 357/1479 397/1480
vt 0.758673 0.549936
vt 0.752176 0.546688
vt 0.713432 0.557872
vt 0.715810 0.562310
f 354/1481 280/1482 320/1483 394/1484
vt 0.713432 0.557872
vt 0.752176 0.546688
vt 0.758673 0.549936
vt 0.715810 0.562310
f 321/1485 281/1486 355/1487 395/1488
vt 0.085239 0.505593
vt 0.081426 0.505593
vt 0.081426 0.505593
vt 0.085239 0.505593
f 398/1489 399/1490 400/1491 401/1492
vt 0.085239 0.505593
vt 0.085239 0.532424
vt 0.081426 0.532424
vt 0.081426 0.505593
f 398/1493 402/1494 403/1495 399/1496
vt 0.081426 0.505593
vt 0.081426 0.532424
vt 0.081426 0.532424
vt 0.081426 0.505593
f 399/1497 403/1498 404/1499 400/1500
vt 0.081426 0.505593
vt 0.081426 0.532424
vt 0.085239 0.532424
vt 0.085239 0.505593
f 400/1501 404/1502 405/1503 401/1504
vt 0.085239 0.532424
vt 0.085239 0.505593
vt 0.085239 0.505593
vt 0.085239 0.532424
f 402/1505 398/1506 401/1507 405/1508
vt 0.085239 0.532424
vt 0.085598 0.533010
vt 0.085598 0.533010
vt 0.085239 0.532424
f 405/1509 410/1510 412/1511 402/1512
vt 0.085598 0.533010
vt 0.087854 0.534138
vt 0.087854 0.534138
vt 0.085598 0.533010
f 410/1513 411/1514 413/1515 412/1516
vt 0.087854 0.534138
vt 0.089302 0.534337
vt 0.089302 0.534337
vt 0.087854 0.534138
f 411/1517 406/1518 409/1519 413/1520
vt 0.081426 0.532424
vt 0.082901 0.534359
vt 0.085598 0.533010
vt 0.085239 0.532424
f 404/1521 414/1522 410/1523 405/1524
vt 0.082901 0.534359
vt 0.085157 0.535487
vt 0.087854 0.534138
vt 0.085598 0.533010
f 414/1525 415/1526 411/1527 410/1528
vt 0.085157 0.535487
vt 0.089302 0.536244
vt 0.089302 0.534337
vt 0.087854 0.534138
f 415/1529 407/1530 406/1531 411/1532
vt 0.081426 0.532424
vt 0.082901 0.534359
vt 0.082901 0.534359
vt 0.081426 0.532424
f 403/1533 416/1534 414/1535 404/1536
vt 0.082901 0.534359
vt 0.085157 0.535487
vt 0.085157 0.535487
vt 0.082901 0.534359
f 416/1537 417/1538 415/1539 414/1540
vt 0.085157 0.535487
vt 0.089302 0.536244
vt 0.089302 0.536244
vt 0.085157 0.535487
f 417/1541 408/1542 407/1543 415/1544
vt 0.085239 0.532424
vt 0.085598 0.533010
vt 0.082901 0.534359
vt 0.081426 0.532424
f 402/1545 412/1546 416/1547 403/1548
vt 0.085598 0.533010
vt 0.087854 0.534138
vt 0.085157 0.535487
vt 0.082901 0.534359
f 412/1549 413/1550 417/1551 416/1552
vt 0.087854 0.534138
vt 0.089302 0.534337
vt 0.089302 0.536244
vt 0.085157 0.535487
f 413/1553 409/1554 408/1555 417/1556
vt 0.089302 0.536244
vt 0.089302 0.534337
vt 0.112607 0.534337
vt 0.112607 0.536244
f 408/1557 409/1558 418/1559 419/1560
vt 0.089302 0.536244
vt 0.089302 0.536244
vt 0.112607 0.536244
vt 0.112607 0.536244
f 407/1561 408/1562 419/1563 420/1564
vt 0.089302 0.534337
vt 0.089302 0.536244
vt 0.112607 0.536244
vt 0.112607 0.534337
f 406/1565 407/1566 420/1567 421/1568
vt 0.089302 0.534337
vt 0.089302 0.534337
vt 0.112607 0.534337
vt 0.112607 0.534337
f 409/1569 406/1570 421/1571 418/1572
vt 0.112607 0.534337
vt 0.112607 0.534337
vt 0.112607 0.536244
vt 0.112607 0.536244
f 418/1573 421/1574 420/1575 419/1576
vt 0.991796 0.658607
vt 0.991796 0.654604
vt 0.991796 0.519541
vt 0.991796 0.515538
f 422/1577 424/1578 426/1579 428/1580
vt 0.991796 0.519541
vt 0.991796 0.654604
vt 0.991796 0.658607
vt 0.991796 0.515538
f 427/1581 425/1582 423/1583 429/1584
vt 0.973198 0.658607
vt 0.973198 0.515538
vt 0.973198 0.519541
vt 0.973198 0.654604
f 430/1585 436/1586 434/1587 432/1588
vt 0.973198 0.519541
vt 0.973198 0.515538
vt 0.973198 0.658607
vt 0.973198 0.654604
f 435/1589 437/1590 431/1591 433/1592
vt 0.991796 0.658607
vt 0.973198 0.658607
vt 0.973198 0.654604
vt 0.991796 0.654604
f 422/1593 430/1594 432/1595 424/1596
vt 0.973198 0.654604
vt 0.973198 0.658607
vt 0.991796 0.658607
vt 0.991796 0.654604
f 433/1597 431/1598 423/1599 425/1600
vt 0.991796 0.654604
vt 0.973198 0.654604
vt 0.973198 0.519541
vt 0.991796 0.519541
f 424/1601 432/1602 434/1603 426/1604
vt 0.973198 0.519541
vt 0.973198 0.654604
vt 0.991796 0.654604
vt 0.991796 0.519541
f 435/1605 433/1606 425/1607 427/1608
vt 0.991796 0.519541
vt 0.973198 0.519541
vt 0.973198 0.515538
vt 0.991796 0.515538
f 426/1609 434/1610 436/1611 428/1612
vt 0.973198 0.515538
vt 0.973198 0.519541
vt 0.991796 0.519541
vt 0.991796 0.515538
f 437/1613 435/1614 427/1615 429/1616
vt 0.983269 0.148665
vt 0.977641 0.146080
vt 0.977641 0.146080
vt 0.983269 0.148665
f 438/1617 440/1618 442/1619 444/1620
vt 0.977641 0.146080
vt 0.977641 0.146080
vt 0.983269 0.148665
vt 0.983269 0.148665
f 443/1621 441/1622 439/1623 445/1624
vt 0.983269 0.148665
vt 0.983859 0.188032
vt 0.978232 0.185447
vt 0.977641 0.146080
f 438/1625 446/1626 448/1627 440/1628
vt 0.978232 0.185447
vt 0.983859 0.188032
vt 0.983269 0.148665
vt 0.977641 0.146080
f 449/1629 447/1630 439/1631 441/1632
vt 0.977641 0.146080
vt 0.978232 0.185447
vt 0.977601 0.185790
vt 0.977641 0.146080
f 440/1633 448/1634 450/1635 442/1636
vt 0.977601 0.185790
vt 0.978232 0.185447
vt 0.977641 0.146080
vt 0.977641 0.146080
f 451/1637 449/1638 441/1639 443/1640
vt 0.977641 0.146080
vt 0.977601 0.185790
vt 0.983229 0.188375
vt 0.983269 0.148665
f 442/1641 450/1642 452/1643 444/1644
vt 0.983229 0.188375
vt 0.977601 0.185790
vt 0.977641 0.146080
vt 0.983269 0.148665
f 453/1645 451/1646 443/1647 445/1648
vt 0.983859 0.188032
vt 0.983269 0.148665
vt 0.983269 0.148665
vt 0.983229 0.188375
f 446/1649 438/1650 444/1651 452/1652
vt 0.983269 0.148665
vt 0.983269 0.148665
vt 0.983859 0.188032
vt 0.983229 0.188375
f 445/1653 439/1654 447/1655 453/1656
vt 0.983859 0.188032
vt 0.983229 0.188375
vt 0.974952 0.192879
vt 0.975583 0.192536
f 446/1657 452/1658 454/1659 460/1660
vt 0.974952 0.192879
vt 0.983229 0.188375
vt 0.983859 0.188032
vt 0.975583 0.192536
f 455/1661 453/1662 447/1663 461/1664
vt 0.983229 0.188375
vt 0.977601 0.185790
vt 0.969325 0.190294
vt 0.974952 0.192879
f 452/1665 450/1666 456/1667 454/1668
vt 0.969325 0.190294
vt 0.977601 0.185790
vt 0.983229 0.188375
vt 0.974952 0.192879
f 457/1669 451/1670 453/1671 455/1672
vt 0.977601 0.185790
vt 0.978232 0.185447
vt 0.969956 0.189951
vt 0.969325 0.190294
f 450/1673 448/1674 458/1675 456/1676
vt 0.969956 0.189951
vt 0.978232 0.185447
vt 0.977601 0.185790
vt 0.969325 0.190294
f 459/1677 449/1678 451/1679 457/1680
vt 0.978232 0.185447
vt 0.983859 0.188032
vt 0.975583 0.192536
vt 0.969956 0.189951
f 448/1681 446/1682 460/1683 458/1684
vt 0.975583 0.192536
vt 0.983859 0.188032
vt 0.978232 0.185447
vt 0.969956 0.189951
f 461/1685 447/1686 449/1687 459/1688
vt 0.975583 0.192536
vt 0.974952 0.192879
vt 0.969325 0.190294
vt 0.969956 0.189951
f 460/1689 454/1690 456/1691 458/1692
vt 0.969325 0.190294
vt 0.974952 0.192879
vt 0.975583 0.192536
vt 0.969956 0.189951
f 457/1693 455/1694 461/1695 459/1696
vt 0.986564 0.146188
vt 0.934717 0.145912
vt 0.944728 0.158194
vt 0.973597 0.158347
f 462/1697 464/1698 466/1699 468/1700
vt 0.944728 0.158194
vt 0.934717 0.145912
vt 0.986564 0.146188
vt 0.973597 0.158347
f 467/1701 465/1702 463/1703 469/1704
vt 0.987291 0.198874
vt 0.974002 0.187684
vt 0.945133 0.187531
vt 0.935444 0.198599
f 470/1705 476/1706 474/1707 472/1708
vt 0.945133 0.187531
vt 0.974002 0.187684
vt 0.987291 0.198874
vt 0.935444 0.198599
f 475/1709 477/1710 471/1711 473/1712
vt 0.986441 0.086243
vt 0.986164 0.140153
vt 0.934606 0.139621
vt 0.934883 0.085712
f 462/1713 470/1714 472/1715 464/1716
vt 0.934606 0.139621
vt 0.986164 0.140153
vt 0.986441 0.086243
vt 0.934883 0.085712
f 473/1717 471/1718 463/1719 465/1720
vt 0.934717 0.145912
vt 0.935444 0.198599
vt 0.945133 0.187531
vt 0.944728 0.158194
f 464/1721 472/1722 474/1723 466/1724
vt 0.945133 0.187531
vt 0.935444 0.198599
vt 0.934717 0.145912
vt 0.944728 0.158194
f 475/1725 473/1726 465/1727 467/1728
vt 0.944728 0.158194
vt 0.945133 0.187531
vt 0.974002 0.187684
vt 0.973597 0.158347
f 466/1729 474/1730 476/1731 468/1732
vt 0.974002 0.187684
vt 0.945133 0.187531
vt 0.944728 0.158194
vt 0.973597 0.158347
f 477/1733 475/1734 467/1735 469/1736
vt 0.987291 0.198874
vt 0.986564 0.146188
vt 0.973597 0.158347
vt 0.974002 0.187684
f 470/1737 462/1738 468/1739 476/1740
vt 0.973597 0.158347
vt 0.986564 0.146188
vt 0.987291 0.198874
vt 0.974002 0.187684
f 469/1741 463/1742 471/1743 477/1744
vt 0.923664 0.474063
vt 0.970239 0.474063
vt 0.981095 0.456389
f 478/1745 480/1746 482/1747
vt 0.981095 0.456389
vt 0.970239 0.474063
vt 0.923664 0.474063
f 483/1748 481/1749 479/1750
vt 0.923664 0.504912
vt 0.923664 0.474063
vt 0.804681 0.504912
f 484/1751 478/1752 486/1753
vt 0.804681 0.504912
vt 0.923664 0.474063
vt 0.923664 0.504912
f 486/1754 479/1755 485/1756
vt 0.993140 0.456389
vt 0.993141 0.504912
vt 0.993140 0.504912
vt 0.993140 0.456389
f 487/1757 489/1758 491/1759 493/1760
vt 0.993140 0.504912
vt 0.993141 0.504912
vt 0.993140 0.456389
vt 0.993140 0.456389
f 492/1761 490/1762 488/1763 494/1764
vt 0.804681 0.456389
vt 0.981095 0.456389
vt 0.982575 0.456389
vt 0.804680 0.456389
f 495/1765 482/1766 496/1767 498/1768
vt 0.982575 0.456389
vt 0.981095 0.456389
vt 0.804681 0.456389
vt 0.804680 0.456389
f 497/1769 483/1770 495/1771 498/1772
vt 0.804681 0.504912
vt 0.923664 0.474063
vt 0.981095 0.456389
vt 0.804681 0.456389
f 486/1773 478/1774 482/1775 495/1776
vt 0.981095 0.456389
vt 0.923664 0.474063
vt 0.804681 0.504912
vt 0.804681 0.456389
f 483/1777 479/1778 486/1779 495/1780
vt 0.981095 0.456389
vt 0.984039 0.456389
vt 0.987581 0.456389
vt 0.982575 0.456389
f 482/1781 499/1782 501/1783 496/1784
vt 0.987581 0.456389
vt 0.984039 0.456389
vt 0.981095 0.456389
vt 0.982575 0.456389
f 502/1785 500/1786 483/1787 497/1788
vt 0.982575 0.504912
vt 0.987581 0.504912
vt 0.984039 0.504912
vt 0.981095 0.504912
f 503/1789 505/1790 507/1791 509/1792
vt 0.984039 0.504912
vt 0.987581 0.504912
vt 0.982575 0.504912
vt 0.981095 0.504912
f 508/1793 506/1794 504/1795 510/1796
vt 0.981095 0.504912
vt 0.984039 0.504912
vt 0.984039 0.456389
vt 0.981095 0.456389
f 509/1797 507/1798 499/1799 482/1800
vt 0.984039 0.456389
vt 0.984039 0.504912
vt 0.981095 0.504912
vt 0.981095 0.456389
f 500/1801 508/1802 510/1803 483/1804
vt 0.987581 0.504912
vt 0.982575 0.504912
vt 0.982575 0.456389
vt 0.987581 0.456389
f 505/1805 503/1806 496/1807 501/1808
vt 0.982575 0.456389
vt 0.982575 0.504912
vt 0.987581 0.504912
vt 0.987581 0.456389
f 497/1809 504/1810 506/1811 502/1812
vt 0.993140 0.456389
vt 0.987826 0.456389
vt 0.987826 0.504912
vt 0.993141 0.504912
f 487/1813 511/1814 513/1815 489/1816
vt 0.987826 0.504912
vt 0.987826 0.456389
vt 0.993140 0.456389
vt 0.993141 0.504912
f 514/1817 512/1818 488/1819 490/1820
vt 0.993140 0.504912
vt 0.990912 0.504912
vt 0.990912 0.456389
vt 0.993140 0.456389
f 491/1821 515/1822 517/1823 493/1824
vt 0.990912 0.456389
vt 0.990912 0.504912
vt 0.993140 0.504912
vt 0.993140 0.456389
f 518/1825 516/1826 492/1827 494/1828
vt 0.990912 0.504912
vt 0.987581 0.504912
vt 0.987581 0.456389
vt 0.990912 0.456389
f 515/1829 505/1830 501/1831 517/1832
vt 0.987581 0.456389
vt 0.987581 0.504912
vt 0.990912 0.504912
vt 0.990912 0.456389
f 502/1833 506/1834 516/1835 518/1836
vt 0.987828 0.504912
vt 0.987826 0.504912
vt 0.987826 0.456389
vt 0.987828 0.456389
f 519/1837 513/1838 511/1839 521/1840
vt 0.987826 0.456389
vt 0.987826 0.504912
vt 0.987828 0.504912
vt 0.987828 0.456389
f 512/1841 514/1842 520/1843 522/1844
vt 0.984039 0.504912
vt 0.986316 0.504912
vt 0.986315 0.456389
vt 0.984039 0.456389
f 507/1845 523/1846 525/1847 499/1848
vt 0.986315 0.456389
vt 0.986316 0.504912
vt 0.984039 0.504912
vt 0.984039 0.456389
f 526/1849 524/1850 508/1851 500/1852
vt 0.986316 0.504912
vt 0.987828 0.504912
vt 0.987828 0.456389
vt 0.986315 0.456389
f 523/1853 519/1854 521/1855 525/1856
vt 0.987828 0.456389
vt 0.987828 0.504912
vt 0.986316 0.504912
vt 0.986315 0.456389
f 522/1857 520/1858 524/1859 526/1860
vt 0.984039 0.456389
vt 0.986315 0.456389
vt 0.990912 0.456389
vt 0.987581 0.456389
f 499/1861 525/1862 517/1863 501/1864
vt 0.990912 0.456389
vt 0.986315 0.456389
vt 0.984039 0.456389
vt 0.987581 0.456389
f 518/1865 526/1866 500/1867 502/1868
vt 0.993140 0.456389
vt 0.990912 0.456389
vt 0.986315 0.456389
vt 0.987828 0.456389
f 493/1869 517/1870 525/1871 521/1872
vt 0.986315 0.456389
vt 0.990912 0.456389
vt 0.993140 0.456389
vt 0.987828 0.456389
f 526/1873 518/1874 494/1875 522/1876
vt 0.993140 0.456389
vt 0.993140 0.456389
vt 0.987828 0.456389
vt 0.987826 0.456389
f 487/1877 493/1878 521/1879 511/1880
vt 0.987828 0.456389
vt 0.993140 0.456389
vt 0.993140 0.456389
vt 0.987826 0.456389
f 522/1881 494/1882 488/1883 512/1884
vt 0.984039 0.504912
vt 0.987581 0.504912
vt 0.990912 0.504912
vt 0.986316 0.504912
f 507/1885 505/1886 515/1887 523/1888
vt 0.990912 0.504912
vt 0.987581 0.504912
vt 0.984039 0.504912
vt 0.986316 0.504912
f 516/1889 506/1890 508/1891 524/1892
vt 0.993140 0.504912
vt 0.987828 0.504912
vt 0.986316 0.504912
vt 0.990912 0.504912
f 491/1893 519/1894 523/1895 515/1896
vt 0.986316 0.504912
vt 0.987828 0.504912
vt 0.993140 0.504912
vt 0.990912 0.504912
f 524/1897 520/1898 492/1899 516/1900
vt 0.993141 0.504912
vt 0.987826 0.504912
vt 0.987828 0.504912
vt 0.993140 0.504912
f 489/1901 513/1902 519/1903 491/1904
vt 0.987828 0.504912
vt 0.987826 0.504912
vt 0.993141 0.504912
vt 0.993140 0.504912
f 520/1905 514/1906 490/1907 492/1908
vt 0.970239 0.504912
vt 0.981095 0.504912
vt 0.981095 0.456389
vt 0.970239 0.474063
f 527/1909 509/1910 482/1911 480/1912
vt 0.981095 0.456389
vt 0.981095 0.504912
vt 0.970239 0.504912
vt 0.970239 0.474063
f 483/1913 510/1914 528/1915 481/1916
vt 0.982575 0.456389
vt 0.970239 0.474063
vt 0.923664 0.474063
vt 0.804680 0.456389
f 496/1917 529/1918 531/1919 498/1920
vt 0.923664 0.474063
vt 0.970239 0.474063
vt 0.982575 0.456389
vt 0.804680 0.456389
f 532/1921 530/1922 497/1923 498/1924
vt 0.982575 0.504912
vt 0.970239 0.504912
vt 0.970239 0.474063
vt 0.982575 0.456389
f 503/1925 533/1926 529/1927 496/1928
vt 0.970239 0.474063
vt 0.970239 0.504912
vt 0.982575 0.504912
vt 0.982575 0.456389
f 530/1929 534/1930 504/1931 497/1932
vt 0.970239 0.504912
vt 0.970239 0.504912
vt 0.982575 0.504912
vt 0.981095 0.504912
f 527/1933 533/1934 503/1935 509/1936
vt 0.982575 0.504912
vt 0.970239 0.504912
vt 0.970239 0.504912
vt 0.981095 0.504912
f 504/1937 534/1938 528/1939 510/1940
vt 0.970239 0.474063
vt 0.923664 0.474063
vt 0.923664 0.474063
vt 0.970239 0.474063
f 480/1941 478/1942 531/1943 529/1944
vt 0.923664 0.474063
vt 0.923664 0.474063
vt 0.970239 0.474063
vt 0.970239 0.474063
f 532/1945 479/1946 481/1947 530/1948
vt 0.804680 0.456389
vt 0.923664 0.474063
vt 0.923664 0.504912
vt 0.804680 0.504912
f 498/1949 531/1950 535/1951 537/1952
vt 0.923664 0.504912
vt 0.923664 0.474063
vt 0.804680 0.456389
vt 0.804680 0.504912
f 536/1953 532/1954 498/1955 537/1956
vt 0.804680 0.504912
vt 0.923664 0.504912
vt 0.923664 0.504912
vt 0.804681 0.504912
f 537/1957 535/1958 484/1959 486/1960
vt 0.923664 0.504912
vt 0.923664 0.504912
vt 0.804680 0.504912
vt 0.804681 0.504912
f 485/1961 536/1962 537/1963 486/1964
vt 0.970239 0.474063
vt 0.970239 0.504912
vt 0.970239 0.504912
vt 0.970239 0.474063
f 529/1965 533/1966 527/1967 480/1968
vt 0.970239 0.504912
vt 0.970239 0.504912
vt 0.970239 0.474063
vt 0.970239 0.474063
f 528/1969 534/1970 530/1971 481/1972
vt 0.923664 0.474063
vt 0.923664 0.504912
vt 0.923664 0.504912
vt 0.923664 0.474063
f 478/1973 484/1974 535/1975 531/1976
vt 0.923664 0.504912
vt 0.923664 0.504912
vt 0.923664 0.474063
vt 0.923664 0.474063
f 536/1977 485/1978 479/1979 532/1980
vt 0.352971 0.041316
vt 0.352971 0.022331
vt 0.744286 0.022331
vt 0.744286 0.041316
f 539/1981 538/1982 540/1983 541/1984
vt 0.352971 0.041316
vt 0.744286 0.041316
vt 0.744286 0.176804
vt 0.352971 0.176804
f 539/1985 541/1986 542/1987 543/1988
vt 0.930352 0.751754
vt 0.659275 0.757454
vt 0.659275 0.746673
vt 0.928174 0.746673
f 542/1989 541/1990 546/1991 545/1992
vt 0.321944 0.480354
vt 0.050867 0.474655
vt 0.053045 0.468132
vt 0.321944 0.468132
f 539/1993 543/1994 544/1995 548/1996
vt 0.994483 0.992245
vt 0.602978 0.992245
vt 0.602978 0.987163
vt 0.994483 0.987163
f 543/1997 542/1998 545/1999 544/2000
vt 0.659275 0.757454
vt 0.621291 0.757454
vt 0.621291 0.746673
vt 0.659275 0.746673
f 541/2001 540/2002 547/2003 546/2004
vt 0.590960 0.997948
vt 0.199455 0.997948
vt 0.199455 0.987166
vt 0.590960 0.987166
f 540/2005 538/2006 549/2007 547/2008
vt 0.359928 0.480354
vt 0.321944 0.480354
vt 0.321944 0.468132
vt 0.359928 0.468132
f 538/2009 539/2010 548/2011 549/2012
vt 0.359929 0.468132
vt 0.359928 0.468132
vt 0.321944 0.468132
vt 0.321944 0.468132
f 547/2013 549/2014 548/2015 546/2016
vt 0.744286 0.175719
vt 0.744286 0.041320
vt 0.352971 0.041320
vt 0.352971 0.175719
f 545/2017 546/2018 548/2019 544/2020
vt 0.356171 0.478905
vt 0.321944 0.478905
vt 0.321944 0.461275
f 550/2021 551/2022 552/2023
vt 0.625048 0.756004
vt 0.659275 0.738374
vt 0.659275 0.756004
f 553/2024 554/2025 555/2026
vt 0.968031 0.970506
vt 0.974185 0.962837
vt 0.991588 0.991444
f 556/2027 557/2028 558/2029
vt 0.075284 0.470407
vt 0.069041 0.452918
vt 0.070659 0.457452
f 559/2030 560/2031 561/2032
vt 0.623277 0.962837
vt 0.629431 0.970506
vt 0.605874 0.991444
f 562/2033 563/2034 564/2035
vt 0.030179 0.344057
vt 0.033047 0.352093
vt 0.035785 0.359761
f 565/2036 566/2037 567/2038
vt 0.605874 0.862282
vt 0.629431 0.869668
vt 0.623277 0.877338
f 568/2039 569/2040 570/2041
vt 0.991588 0.991444
vt 0.951593 0.975040
vt 0.968031 0.970506
f 558/2042 571/2043 556/2044
vt 0.968031 0.869668
vt 0.951593 0.865134
vt 0.991588 0.862282
f 572/2045 573/2046 574/2047
vt 0.033047 0.352093
vt 0.031429 0.347559
vt 0.030179 0.344057
f 575/2048 576/2049 577/2050
vt 0.629431 0.970506
vt 0.645868 0.975040
vt 0.605874 0.991444
f 563/2051 578/2052 564/2053
vt 0.066303 0.445250
vt 0.069041 0.452918
vt 0.075284 0.470407
f 579/2054 560/2055 559/2056
vt 0.030179 0.344057
vt 0.031429 0.347559
vt 0.033047 0.352093
f 565/2057 580/2058 566/2059
vt 0.035785 0.359761
vt 0.033047 0.352093
vt 0.030179 0.344057
f 581/2060 575/2061 577/2062
vt 0.070659 0.457452
vt 0.069041 0.452918
vt 0.075284 0.470407
f 582/2063 583/2064 584/2065
vt 0.069041 0.452918
vt 0.066303 0.445250
vt 0.075284 0.470407
f 583/2066 585/2067 584/2068
vt 0.605874 0.862282
vt 0.645868 0.865134
vt 0.629431 0.869668
f 568/2069 586/2070 569/2071
vt 0.991588 0.862282
vt 0.974185 0.877338
vt 0.968031 0.869668
f 574/2072 587/2073 572/2074
vt 0.347917 0.452918
vt 0.347921 0.445250
vt 0.347904 0.474880
f 588/2075 589/2076 590/2077
vt 0.588065 0.862285
vt 0.570662 0.877341
vt 0.564508 0.869671
f 591/2078 592/2079 593/2080
vt 0.202351 0.996499
vt 0.225908 0.970509
vt 0.242346 0.975043
f 550/2081 594/2082 595/2083
vt 0.225908 0.869671
vt 0.219754 0.877341
vt 0.202351 0.862285
f 596/2084 597/2085 598/2086
vt 0.347977 0.347559
vt 0.347974 0.352093
vt 0.347979 0.344057
f 599/2087 600/2088 601/2089
vt 0.202351 0.862285
vt 0.242346 0.865137
vt 0.225908 0.869671
f 598/2090 602/2091 596/2092
vt 0.347979 0.344057
vt 0.347974 0.352093
vt 0.347977 0.347559
f 603/2093 604/2094 605/2095
vt 0.347904 0.474880
vt 0.347914 0.457452
vt 0.347917 0.452918
f 590/2096 606/2097 588/2098
vt 0.588064 0.996499
vt 0.548070 0.975043
vt 0.564508 0.970509
f 553/2099 607/2100 608/2101
vt 0.225908 0.970509
vt 0.202351 0.996499
vt 0.219754 0.962839
f 594/2102 550/2103 609/2104
vt 0.347921 0.445250
vt 0.347917 0.452918
vt 0.347904 0.474880
f 610/2105 611/2106 612/2107
vt 0.347974 0.352093
vt 0.347970 0.359761
vt 0.347979 0.344057
f 600/2108 613/2109 601/2110
vt 0.564508 0.869671
vt 0.548070 0.865137
vt 0.588065 0.862285
f 593/2111 614/2112 591/2113
vt 0.347979 0.344057
vt 0.347970 0.359761
vt 0.347974 0.352093
f 603/2114 615/2115 604/2116
vt 0.347917 0.452918
vt 0.347914 0.457452
vt 0.347904 0.474880
f 611/2117 616/2118 612/2119
vt 0.564508 0.970509
vt 0.570662 0.962839
vt 0.588064 0.996499
f 608/2120 617/2121 553/2122
vt 0.588065 0.809177
vt 0.588065 0.862285
vt 0.202351 0.862285
vt 0.202351 0.809177
f 620/2123 591/2124 598/2125 621/2126
vt 0.083371 0.461275
vt 0.321944 0.461275
vt 0.321944 0.478905
vt 0.068179 0.473853
f 622/2127 552/2128 551/2129 558/2130
vt 0.020442 0.344707
vt 0.041343 0.344057
vt 0.083371 0.461275
vt 0.068179 0.473853
f 574/2131 623/2132 622/2133 558/2134
vt 0.028000 0.244636
vt 0.169010 0.244636
vt 0.157246 0.250121
vt 0.041343 0.250121
f 618/2135 625/2136 626/2137 624/2138
vt 0.169010 0.244636
vt 0.214865 0.291605
vt 0.205275 0.297070
vt 0.157246 0.250121
f 625/2139 627/2140 628/2141 626/2142
vt 0.356171 0.291605
vt 0.322019 0.297070
vt 0.205275 0.297070
vt 0.214865 0.291605
f 621/2143 629/2144 628/2145 627/2146
vt 0.356171 0.291605
vt 0.356171 0.344707
vt 0.322019 0.344057
vt 0.322019 0.297070
f 621/2147 598/2148 630/2149 629/2150
vt 0.356171 0.344707
vt 0.356171 0.478905
vt 0.321944 0.461275
vt 0.322019 0.344057
f 598/2151 550/2152 552/2153 630/2154
vt 0.960777 0.621806
vt 0.913040 0.750953
vt 0.897848 0.738374
vt 0.939876 0.621156
f 568/2155 564/2156 633/2157 631/2158
vt 0.953219 0.521735
vt 0.939876 0.527220
vt 0.823973 0.527220
vt 0.812209 0.521735
f 619/2159 632/2160 634/2161 635/2162
vt 0.812209 0.521735
vt 0.823973 0.527220
vt 0.775944 0.574169
vt 0.766354 0.568704
f 635/2163 634/2164 636/2165 637/2166
vt 0.625048 0.568704
vt 0.766354 0.568704
vt 0.775944 0.574169
vt 0.659200 0.574169
f 620/2167 637/2168 636/2169 638/2170
vt 0.625048 0.568704
vt 0.659200 0.574169
vt 0.659200 0.621156
vt 0.625048 0.621806
f 620/2171 638/2172 639/2173 591/2174
vt 0.625048 0.621806
vt 0.659200 0.621156
vt 0.659275 0.738374
vt 0.625048 0.756004
f 591/2175 639/2176 554/2177 553/2178
vt 0.897848 0.738374
vt 0.913040 0.750953
vt 0.659275 0.756004
vt 0.659275 0.738374
f 633/2179 564/2180 555/2181 554/2182
vt 0.083371 0.461275
vt 0.083371 0.461275
vt 0.321944 0.461275
vt 0.321944 0.461275
f 622/2183 640/2184 641/2185 552/2186
vt 0.083371 0.461275
vt 0.083371 0.461275
vt 0.321944 0.461275
vt 0.321944 0.461275
f 642/2187 633/2188 554/2189 643/2190
vt 0.083371 0.461275
vt 0.083371 0.461275
vt 0.041343 0.344057
vt 0.041343 0.344057
f 633/2191 642/2192 644/2193 631/2194
vt 0.083371 0.461275
vt 0.083371 0.461275
vt 0.041343 0.344057
vt 0.041343 0.344057
f 640/2195 622/2196 623/2197 645/2198
vt 0.321944 0.461275
vt 0.321944 0.461275
vt 0.322019 0.344057
vt 0.322019 0.344057
f 552/2199 641/2200 646/2201 630/2202
vt 0.321944 0.461275
vt 0.321944 0.461275
vt 0.322019 0.344057
vt 0.322019 0.344057
f 643/2203 554/2204 639/2205 647/2206
vt 0.322019 0.297070
vt 0.322019 0.297070
vt 0.322019 0.344057
vt 0.322019 0.344057
f 638/2207 648/2208 647/2209 639/2210
vt 0.322019 0.297070
vt 0.322019 0.297070
vt 0.322019 0.344057
vt 0.322019 0.344057
f 649/2211 629/2212 630/2213 646/2214
vt 0.205275 0.297070
vt 0.205275 0.297070
vt 0.157246 0.250121
vt 0.157246 0.250121
f 628/2215 650/2216 651/2217 626/2218
vt 0.205276 0.297070
vt 0.205276 0.297070
vt 0.157246 0.250121
vt 0.157246 0.250121
f 652/2219 636/2220 634/2221 653/2222
vt 0.322019 0.297070
vt 0.322019 0.297070
vt 0.205275 0.297070
vt 0.205275 0.297070
f 629/2223 649/2224 650/2225 628/2226
vt 0.322019 0.297070
vt 0.322019 0.297070
vt 0.205276 0.297070
vt 0.205276 0.297070
f 648/2227 638/2228 636/2229 652/2230
vt 0.157246 0.250121
vt 0.157246 0.250121
vt 0.041343 0.250121
vt 0.041343 0.250121
f 626/2231 651/2232 654/2233 624/2234
vt 0.157246 0.250121
vt 0.157246 0.250121
vt 0.041344 0.250121
vt 0.041344 0.250121
f 653/2235 634/2236 632/2237 655/2238
vt 0.041343 0.250121
vt 0.041343 0.250121
vt 0.041343 0.344057
vt 0.041343 0.344057
f 624/2239 654/2240 645/2241 623/2242
vt 0.041344 0.250121
vt 0.041344 0.250121
vt 0.041343 0.344057
vt 0.041343 0.344057
f 655/2243 632/2244 631/2245 644/2246
vt 0.321944 0.461275
vt 0.322019 0.344057
vt 0.347979 0.344057
vt 0.347904 0.474880
f 643/2247 647/2248 601/2249 612/2250
vt 0.083371 0.461275
vt 0.321944 0.461275
vt 0.347904 0.474880
vt 0.075284 0.470407
f 642/2251 643/2252 612/2253 584/2254
vt 0.083371 0.461275
vt 0.075284 0.470407
vt 0.030179 0.344057
vt 0.041343 0.344057
f 642/2255 584/2256 577/2257 644/2258
vt 0.083371 0.461275
vt 0.075284 0.470407
vt 0.347904 0.474880
vt 0.321944 0.461275
f 640/2259 559/2260 590/2261 641/2262
vt 0.321944 0.461275
vt 0.347904 0.474880
vt 0.347979 0.344057
vt 0.322019 0.344057
f 641/2263 590/2264 603/2265 646/2266
vt 0.083371 0.461275
vt 0.041343 0.344057
vt 0.030179 0.344057
vt 0.075284 0.470407
f 640/2267 645/2268 565/2269 559/2270
vt 0.205276 0.297070
vt 0.157246 0.250121
vt 0.157246 0.244642
vt 0.205276 0.291605
f 652/2271 653/2272 656/2273 657/2274
vt 0.157246 0.250121
vt 0.205275 0.297070
vt 0.205275 0.291605
vt 0.157246 0.244642
f 651/2275 650/2276 658/2277 659/2278
vt 0.322019 0.344057
vt 0.347979 0.344057
vt 0.347979 0.291605
vt 0.322019 0.297070
f 646/2279 603/2280 660/2281 649/2282
vt 0.205275 0.297070
vt 0.322019 0.297070
vt 0.347979 0.291605
vt 0.205275 0.291605
f 650/2283 649/2284 660/2285 658/2286
vt 0.205276 0.297070
vt 0.205276 0.291605
vt 0.347979 0.291605
vt 0.322019 0.297070
f 652/2287 657/2288 661/2289 648/2290
vt 0.322019 0.344057
vt 0.322019 0.297070
vt 0.347979 0.291605
vt 0.347979 0.344057
f 647/2291 648/2292 661/2293 601/2294
vt 0.347979 0.344057
vt 0.347979 0.344057
vt 0.347979 0.291605
vt 0.347979 0.291605
f 603/2295 601/2296 661/2297 660/2298
vt 0.041343 0.344057
vt 0.030179 0.344057
vt 0.030179 0.244636
vt 0.041344 0.250121
f 644/2299 577/2300 662/2301 655/2302
vt 0.157246 0.250121
vt 0.041344 0.250121
vt 0.030179 0.244636
vt 0.157246 0.244642
f 653/2303 655/2304 662/2305 656/2306
vt 0.030179 0.344057
vt 0.030179 0.344057
vt 0.030179 0.244636
vt 0.030179 0.244636
f 577/2307 565/2308 663/2309 662/2310
vt 0.157246 0.250121
vt 0.157246 0.244642
vt 0.030179 0.244636
vt 0.041343 0.250121
f 651/2311 659/2312 663/2313 654/2314
vt 0.623277 0.877338
vt 0.623277 0.962837
vt 0.605874 0.991444
vt 0.605874 0.862282
f 570/2315 562/2316 564/2317 568/2318
vt 0.991588 0.862282
vt 0.991588 0.991444
vt 0.974185 0.962837
vt 0.974185 0.877338
f 574/2319 558/2320 557/2321 587/2322
vt 0.075284 0.470407
vt 0.070659 0.457452
vt 0.070659 0.457452
vt 0.075284 0.470407
f 559/2323 561/2324 582/2325 584/2326
vt 0.991588 0.862282
vt 0.951593 0.865134
vt 0.645868 0.865134
vt 0.605874 0.862282
f 574/2327 573/2328 586/2329 568/2330
vt 0.284293 0.967109
vt 0.281740 0.959960
vt 0.273633 0.959960
vt 0.276276 0.967109
f 560/2331 579/2332 557/2333 556/2334
vt 0.250739 0.873119
vt 0.241533 0.873119
vt 0.244176 0.880268
vt 0.253291 0.880268
f 566/2335 572/2336 587/2337 567/2338
vt 0.066303 0.445250
vt 0.035785 0.359761
vt 0.030179 0.344057
vt 0.075284 0.470407
f 585/2339 581/2340 577/2341 584/2342
vt 0.244176 0.880268
vt 0.241533 0.873119
vt 0.250739 0.873119
vt 0.253291 0.880268
f 570/2343 569/2344 575/2345 581/2346
vt 0.284293 0.967109
vt 0.276276 0.967109
vt 0.277838 0.971335
vt 0.285801 0.971335
f 560/2347 556/2348 571/2349 561/2350
vt 0.250739 0.873119
vt 0.249231 0.868893
vt 0.239971 0.868893
vt 0.241533 0.873119
f 566/2351 580/2352 573/2353 572/2354
vt 0.035785 0.359761
vt 0.066303 0.445250
vt 0.075284 0.470407
vt 0.030179 0.344057
f 567/2355 579/2356 559/2357 565/2358
vt 0.605874 0.991444
vt 0.645868 0.975040
vt 0.951593 0.975040
vt 0.991588 0.991444
f 564/2359 578/2360 571/2361 558/2362
vt 0.285801 0.971335
vt 0.285801 0.971335
vt 0.277838 0.971335
vt 0.277838 0.971335
f 582/2363 561/2364 571/2365 578/2366
vt 0.285801 0.971335
vt 0.277838 0.971335
vt 0.276276 0.967109
vt 0.284293 0.967109
f 582/2367 578/2368 563/2369 583/2370
vt 0.241533 0.873119
vt 0.239971 0.868893
vt 0.249231 0.868893
vt 0.250739 0.873119
f 569/2371 586/2372 576/2373 575/2374
vt 0.273633 0.959960
vt 0.281740 0.959960
vt 0.253291 0.880268
vt 0.244176 0.880268
f 557/2375 579/2376 567/2377 587/2378
vt 0.031429 0.347559
vt 0.031429 0.347559
vt 0.030179 0.344057
vt 0.030179 0.344057
f 576/2379 580/2380 565/2381 577/2382
vt 0.244176 0.880268
vt 0.253291 0.880268
vt 0.281741 0.959960
vt 0.273633 0.959960
f 570/2383 581/2384 585/2385 562/2386
vt 0.281741 0.959960
vt 0.284293 0.967109
vt 0.276276 0.967109
vt 0.273633 0.959960
f 585/2387 583/2388 563/2389 562/2390
vt 0.239971 0.868893
vt 0.249231 0.868893
vt 0.249231 0.868893
vt 0.239971 0.868893
f 573/2391 580/2392 576/2393 586/2394
vt 0.347977 0.347559
vt 0.347977 0.347559
vt 0.347979 0.344057
vt 0.347979 0.344057
f 605/2395 599/2396 601/2397 603/2398
vt 0.347921 0.445250
vt 0.347970 0.359761
vt 0.347979 0.344057
vt 0.347904 0.474880
f 589/2399 615/2400 603/2401 590/2402
vt 0.588064 0.996499
vt 0.570662 0.962839
vt 0.570662 0.877341
vt 0.588065 0.862285
f 553/2403 617/2404 592/2405 591/2406
vt 0.202351 0.996499
vt 0.202351 0.862285
vt 0.219754 0.877341
vt 0.219754 0.962839
f 550/2407 598/2408 597/2409 609/2410
vt 0.551955 0.967109
vt 0.551955 0.959960
vt 0.544264 0.959960
vt 0.544260 0.967109
f 594/2411 609/2412 589/2413 588/2414
vt 0.551955 0.880268
vt 0.544310 0.880268
vt 0.544314 0.873119
vt 0.551955 0.873119
f 592/2415 613/2416 600/2417 593/2418
vt 0.548070 0.865137
vt 0.242346 0.865137
vt 0.202351 0.862285
vt 0.588065 0.862285
f 614/2419 602/2420 598/2421 591/2422
vt 0.551955 0.967109
vt 0.544260 0.967109
vt 0.544258 0.971335
vt 0.551955 0.971335
f 594/2423 588/2424 606/2425 595/2426
vt 0.551955 0.868893
vt 0.551955 0.873119
vt 0.544314 0.873119
vt 0.544316 0.868893
f 614/2427 593/2428 600/2429 599/2430
vt 0.347904 0.474880
vt 0.347914 0.457452
vt 0.347914 0.457452
vt 0.347904 0.474880
f 612/2431 616/2432 606/2433 590/2434
vt 0.551955 0.873119
vt 0.551955 0.868893
vt 0.544316 0.868893
vt 0.544314 0.873119
f 596/2435 602/2436 605/2437 604/2438
vt 0.588064 0.996499
vt 0.202351 0.996499
vt 0.242346 0.975043
vt 0.548070 0.975043
f 553/2439 550/2440 595/2441 607/2442
vt 0.544264 0.959960
vt 0.544310 0.880268
vt 0.551955 0.880268
vt 0.551955 0.959960
f 610/2443 613/2444 592/2445 617/2446
vt 0.551955 0.868893
vt 0.544316 0.868893
vt 0.544316 0.868893
vt 0.551955 0.868893
f 614/2447 599/2448 605/2449 602/2450
vt 0.551955 0.873119
vt 0.544314 0.873119
vt 0.544310 0.880268
vt 0.551955 0.880268
f 596/2451 604/2452 615/2453 597/2454
vt 0.544258 0.971335
vt 0.544260 0.967109
vt 0.551955 0.967109
vt 0.551955 0.971335
f 616/2455 611/2456 608/2457 607/2458
vt 0.551955 0.959960
vt 0.551955 0.967109
vt 0.544260 0.967109
vt 0.544264 0.959960
f 617/2459 608/2460 611/2461 610/2462
vt 0.551955 0.971335
vt 0.551955 0.971335
vt 0.544258 0.971335
vt 0.544258 0.971335
f 607/2463 595/2464 606/2465 616/2466
vt 0.347979 0.344057
vt 0.347970 0.359761
vt 0.347921 0.445250
vt 0.347904 0.474880
f 601/2467 613/2468 610/2469 612/2470
vt 0.544310 0.880268
vt 0.544264 0.959960
vt 0.551955 0.959960
vt 0.551955 0.880268
f 615/2471 589/2472 609/2473 597/2474
vt 0.605874 0.862282
vt 0.605874 0.816944
vt 0.991588 0.816944
vt 0.991588 0.862282
f 568/2475 664/2476 665/2477 574/2478
vt 0.030179 0.344057
vt 0.041343 0.344057
vt 0.041343 0.250121
vt 0.030179 0.244636
f 565/2479 645/2480 654/2481 663/2482
vt 0.991588 0.816944
vt 0.605874 0.816944
vt 0.605874 0.816944
vt 0.991588 0.816944
f 665/2483 664/2484 666/2485 667/2486
vt 0.991588 0.762200
vt 0.991588 0.816944
vt 0.605874 0.816944
vt 0.605874 0.762200
f 618/2487 667/2488 666/2489 619/2490
vt 0.020442 0.344707
vt 0.020442 0.299374
vt 0.028000 0.299374
vt 0.041343 0.344057
f 574/2491 665/2492 667/2493 623/2494
vt 0.028000 0.244636
vt 0.041343 0.250121
vt 0.041343 0.344057
vt 0.028000 0.299374
f 618/2495 624/2496 623/2497 667/2498
vt 0.960777 0.621806
vt 0.939876 0.621156
vt 0.953219 0.576473
vt 0.960777 0.576473
f 568/2499 631/2500 666/2501 664/2502
vt 0.939876 0.621156
vt 0.939876 0.527220
vt 0.953219 0.521735
vt 0.953219 0.576473
f 631/2503 632/2504 619/2505 666/2506
vt 0.028713 0.241198
vt 0.028713 0.248232
vt 0.028713 0.248232
vt 0.028713 0.241198
f 668/2507 672/2508 673/2509 669/2510
vt 0.169010 0.241198
vt 0.028713 0.241198
vt 0.028713 0.241198
vt 0.169010 0.241198
f 675/2511 668/2512 669/2513 674/2514
vt 0.140391 0.200330
vt 0.008228 0.200330
vt 0.008228 0.002060
vt 0.140391 0.002060
f 676/2515 673/2516 672/2517 677/2518
vt 0.028713 0.241198
vt 0.169010 0.241198
vt 0.160924 0.248232
vt 0.028713 0.248232
f 668/2519 675/2520 677/2521 672/2522
vt 0.812209 0.518298
vt 0.952506 0.518298
vt 0.952506 0.525331
vt 0.820295 0.525331
f 674/2523 669/2524 673/2525 676/2526
vt 0.356171 0.288275
vt 0.214865 0.288277
vt 0.214865 0.288277
vt 0.356171 0.288277
f 679/2527 683/2528 682/2529 678/2530
vt 0.214865 0.288277
vt 0.169010 0.241198
vt 0.169010 0.241198
vt 0.214865 0.288277
f 683/2531 675/2532 674/2533 682/2534
vt 0.335565 0.200330
vt 0.186228 0.200330
vt 0.186228 0.002060
vt 0.335565 0.002060
f 680/2535 684/2536 685/2537 681/2538
vt 0.186228 0.200330
vt 0.140391 0.200330
vt 0.140391 0.002060
vt 0.186228 0.002060
f 684/2539 676/2540 677/2541 685/2542
vt 0.356171 0.295156
vt 0.206779 0.295156
vt 0.214865 0.288277
vt 0.356171 0.288275
f 681/2543 685/2544 683/2545 679/2546
vt 0.206779 0.295156
vt 0.160924 0.248232
vt 0.169010 0.241198
vt 0.214865 0.288277
f 685/2547 677/2548 675/2549 683/2550
vt 0.625048 0.565376
vt 0.766354 0.565376
vt 0.774440 0.572255
vt 0.625048 0.572255
f 678/2551 682/2552 684/2553 680/2554
vt 0.766354 0.565376
vt 0.812209 0.518298
vt 0.820295 0.525331
vt 0.774440 0.572255
f 682/2555 674/2556 676/2557 684/2558
vt 0.939192 0.295156
vt 0.939192 0.288275
vt 0.939192 0.288275
vt 0.939192 0.295156
f 671/2559 687/2560 686/2561 670/2562
vt 0.356171 0.288275
vt 0.939192 0.288275
vt 0.939192 0.295156
vt 0.356171 0.295156
f 679/2563 687/2564 671/2565 681/2566
vt 0.918371 0.200330
vt 0.335565 0.200330
vt 0.335565 0.002060
vt 0.918370 0.002060
f 670/2567 680/2568 681/2569 671/2570
vt 0.625048 0.565376
vt 0.625048 0.572255
vt 0.042027 0.572255
vt 0.042027 0.565374
f 678/2571 680/2572 670/2573 686/2574
vt 0.356171 0.288277
vt 0.939192 0.288275
vt 0.939192 0.288275
vt 0.356171 0.288275
f 678/2575 686/2576 687/2577 679/2578
vt 0.433559 0.406424
vt 0.433559 0.418483
vt 0.367951 0.418483
vt 0.367951 0.406424
f 688/2579 694/2580 692/2581 690/2582
vt 0.755426 0.418483
vt 0.689818 0.418483
vt 0.689818 0.406424
vt 0.755426 0.406424
f 693/2583 695/2584 689/2585 691/2586
vt 0.433559 0.406424
vt 0.367951 0.406424
vt 0.367951 0.418483
vt 0.433559 0.418483
f 696/2587 698/2588 700/2589 702/2590
vt 0.755426 0.418483
vt 0.755426 0.406424
vt 0.689818 0.406424
vt 0.689818 0.418483
f 701/2591 699/2592 697/2593 703/2594
vt 0.369070 0.405946
vt 0.436830 0.405946
vt 0.436830 0.420328
vt 0.369070 0.420328
f 692/2595 694/2596 702/2597 700/2598
vt 0.687023 0.420328
vt 0.687023 0.405946
vt 0.754783 0.405946
vt 0.754783 0.420328
f 703/2599 695/2600 693/2601 701/2602
vt 0.939566 0.276280
vt 0.960777 0.276280
vt 0.960777 0.291919
vt 0.939566 0.291919
f 694/2603 688/2604 696/2605 702/2606
vt 0.041654 0.553379
vt 0.041654 0.569018
vt 0.020442 0.569018
vt 0.020442 0.553379
f 695/2607 703/2608 697/2609 689/2610
vt 0.194141 0.897027
vt 0.194141 0.982155
vt 0.001288 0.982155
vt 0.001288 0.897027
f 714/2611 710/2612 711/2613 715/2614
vt 0.700899 0.337264
vt 0.413664 0.337264
vt 0.413665 0.241198
vt 0.700899 0.241198
f 715/2615 711/2616 709/2617 713/2618
vt 0.280320 0.518298
vt 0.567554 0.518298
vt 0.567554 0.614363
vt 0.280320 0.614363
f 712/2619 708/2620 710/2621 714/2622
vt 0.194141 0.820006
vt 0.194141 0.826277
vt 0.001288 0.826278
vt 0.001288 0.820006
f 706/2623 718/2624 719/2625 707/2626
vt 0.756997 0.288277
vt 0.700899 0.241198
vt 0.700899 0.241198
vt 0.756997 0.288277
f 721/2627 713/2628 712/2629 720/2630
vt 0.194141 0.880401
vt 0.194141 0.897027
vt 0.001288 0.897027
vt 0.001288 0.880401
f 722/2631 714/2632 715/2633 723/2634
vt 0.756997 0.337264
vt 0.700899 0.337264
vt 0.700899 0.241198
vt 0.756997 0.288277
f 723/2635 715/2636 713/2637 721/2638
vt 0.224222 0.565376
vt 0.280320 0.518298
vt 0.280320 0.614363
vt 0.224222 0.614363
f 720/2639 712/2640 714/2641 722/2642
vt 0.939616 0.241198
vt 0.882091 0.288277
vt 0.882091 0.288277
vt 0.939565 0.241198
f 717/2643 725/2644 724/2645 716/2646
vt 0.882091 0.288277
vt 0.756997 0.288277
vt 0.756997 0.288277
vt 0.882091 0.288277
f 725/2647 721/2648 720/2649 724/2650
vt 0.194141 0.826277
vt 0.194141 0.843326
vt 0.001288 0.843326
vt 0.001288 0.826278
f 718/2651 726/2652 727/2653 719/2654
vt 0.194141 0.843326
vt 0.194141 0.880401
vt 0.001288 0.880401
vt 0.001288 0.843326
f 726/2655 722/2656 723/2657 727/2658
vt 0.882091 0.337264
vt 0.756997 0.337264
vt 0.756997 0.288277
vt 0.882091 0.288277
f 727/2659 723/2660 721/2661 725/2662
vt 0.099128 0.565376
vt 0.224222 0.565376
vt 0.224222 0.614363
vt 0.099128 0.614363
f 724/2663 720/2664 722/2665 726/2666
vt 0.413665 0.241198
vt 0.356171 0.288277
vt 0.356171 0.288277
vt 0.413665 0.241198
f 709/2667 729/2668 728/2669 708/2670
vt 0.194141 0.982155
vt 0.194141 0.999195
vt 0.001288 0.999195
vt 0.001288 0.982155
f 710/2671 730/2672 731/2673 711/2674
vt 0.413664 0.337264
vt 0.356171 0.337264
vt 0.356171 0.288277
vt 0.413665 0.241198
f 711/2675 731/2676 729/2677 709/2678
vt 0.567554 0.518298
vt 0.625048 0.565376
vt 0.625048 0.614363
vt 0.567554 0.614363
f 708/2679 728/2680 730/2681 710/2682
vt 0.939616 0.241198
vt 0.939565 0.241198
vt 0.939616 0.213379
vt 0.939616 0.213379
f 717/2683 716/2684 733/2685 732/2686
vt 0.960777 0.241198
vt 0.939616 0.241198
vt 0.939616 0.213379
vt 0.960777 0.213379
f 705/2687 717/2688 732/2689 738/2690
vt 0.041654 0.518298
vt 0.020442 0.518298
vt 0.020442 0.490479
vt 0.041603 0.490479
f 716/2691 704/2692 739/2693 733/2694
vt 0.700899 0.241198
vt 0.700899 0.241198
vt 0.700899 0.213379
vt 0.700899 0.213379
f 712/2695 713/2696 734/2697 735/2698
vt 0.700899 0.241198
vt 0.413665 0.241198
vt 0.413665 0.213379
vt 0.700899 0.213379
f 713/2699 709/2700 736/2701 734/2702
vt 0.567554 0.518298
vt 0.280320 0.518298
vt 0.280320 0.490479
vt 0.567554 0.490479
f 708/2703 712/2704 735/2705 737/2706
vt 0.413665 0.241198
vt 0.413665 0.241198
vt 0.413665 0.213379
vt 0.413665 0.213379
f 709/2707 708/2708 737/2709 736/2710
vt 0.754783 0.370231
vt 0.369070 0.370231
vt 0.395810 0.342409
vt 0.728044 0.342409
f 704/2711 705/2712 738/2713 739/2714
vt 0.700899 0.213379
vt 0.413665 0.213379
vt 0.413665 0.213379
vt 0.700899 0.213379
f 734/2715 736/2716 737/2717 735/2718
vt 0.939616 0.213379
vt 0.960777 0.213379
vt 0.960777 0.213379
vt 0.939616 0.213379
f 733/2719 739/2720 738/2721 732/2722
vt 0.436830 0.405317
vt 0.687023 0.405317
vt 0.687023 0.420957
vt 0.436830 0.420957
f 688/2723 689/2724 697/2725 696/2726
vt 0.436830 0.405317
vt 0.369070 0.405317
vt 0.369070 0.370231
f 688/2727 690/2728 705/2729
vt 0.687023 0.405317
vt 0.754783 0.370231
vt 0.754783 0.405317
f 689/2730 704/2731 691/2732
vt 0.436830 0.405317
vt 0.369070 0.370231
vt 0.754783 0.370231
vt 0.687023 0.405317
f 688/2733 705/2734 704/2735 689/2736
vt 0.436830 0.420957
vt 0.369070 0.466308
vt 0.369070 0.420957
f 696/2737 707/2738 698/2739
vt 0.687023 0.420957
vt 0.754784 0.420957
vt 0.754783 0.466308
f 697/2740 699/2741 706/2742
vt 0.754783 0.466308
vt 0.369070 0.466308
vt 0.436830 0.420957
vt 0.687023 0.420957
f 706/2743 707/2744 696/2745 697/2746
vt 0.020442 0.569018
vt 0.041654 0.569018
vt 0.041603 0.614363
vt 0.020442 0.614363
f 699/2747 701/2748 718/2749 706/2750
vt 0.020442 0.553379
vt 0.020442 0.518298
vt 0.041654 0.518298
vt 0.041654 0.553379
f 691/2751 704/2752 716/2753 693/2754
vt 0.041603 0.614363
vt 0.041654 0.569018
vt 0.099128 0.565376
vt 0.099128 0.614363
f 718/2755 701/2756 724/2757 726/2758
vt 0.041654 0.553379
vt 0.041654 0.518298
vt 0.099128 0.565376
vt 0.041654 0.569018
f 693/2759 716/2760 724/2761 701/2762
vt 0.960777 0.291919
vt 0.960777 0.337264
vt 0.939616 0.337264
vt 0.939565 0.291919
f 698/2763 707/2764 719/2765 700/2766
vt 0.960777 0.276280
vt 0.939565 0.276280
vt 0.939616 0.241198
vt 0.960777 0.241198
f 690/2767 692/2768 717/2769 705/2770
vt 0.939616 0.337264
vt 0.882091 0.337264
vt 0.882091 0.288277
vt 0.939565 0.291919
f 719/2771 727/2772 725/2773 700/2774
vt 0.939565 0.276280
vt 0.939565 0.291919
vt 0.882091 0.288277
vt 0.939616 0.241198
f 692/2775 700/2776 725/2777 717/2778
vt 0.564121 0.627789
vt 0.617708 0.627789
vt 0.617708 0.627789
vt 0.564121 0.627789
f 740/2779 742/2780 744/2781 746/2782
vt 0.617708 0.627789
vt 0.617708 0.627789
vt 0.564121 0.627789
vt 0.564121 0.627789
f 745/2783 743/2784 741/2785 747/2786
vt 0.564121 0.676507
vt 0.564121 0.676507
vt 0.617708 0.676507
vt 0.617708 0.676507
f 748/2787 754/2788 752/2789 750/2790
vt 0.617708 0.676507
vt 0.564121 0.676507
vt 0.564121 0.676507
vt 0.617708 0.676507
f 753/2791 755/2792 749/2793 751/2794
vt 0.617708 0.627789
vt 0.617708 0.676507
vt 0.617708 0.676507
vt 0.617708 0.627789
f 742/2795 750/2796 752/2797 744/2798
vt 0.617708 0.676507
vt 0.617708 0.676507
vt 0.617708 0.627789
vt 0.617708 0.627789
f 753/2799 751/2800 743/2801 745/2802
vt 0.617708 0.627789
vt 0.617708 0.676507
vt 0.564121 0.676507
vt 0.564121 0.627789
f 744/2803 752/2804 754/2805 746/2806
vt 0.564121 0.676507
vt 0.617708 0.676507
vt 0.617708 0.627789
vt 0.564121 0.627789
f 755/2807 753/2808 745/2809 747/2810
vt 0.564121 0.676507
vt 0.564121 0.627789
vt 0.564121 0.627789
vt 0.564121 0.676507
f 748/2811 740/2812 746/2813 754/2814
vt 0.564121 0.627789
vt 0.564121 0.627789
vt 0.564121 0.676507
vt 0.564121 0.676507
f 747/2815 741/2816 749/2817 755/2818
vt 0.400542 0.209352
vt 0.400542 0.209352
vt 0.013030 0.209352
vt 0.013030 0.209352
f 756/2819 757/2820 758/2821 759/2822
vt 0.400542 0.209352
vt 0.400541 0.231153
vt 0.034707 0.231153
vt 0.013030 0.209352
f 757/2823 761/2824 762/2825 758/2826
vt 0.400542 0.231153
vt 0.400542 0.209352
vt 0.013030 0.209352
vt 0.034708 0.231153
f 760/2827 756/2828 759/2829 763/2830
vt 0.149874 0.189058
vt 0.006859 0.189058
vt 0.006859 0.013302
vt 0.149874 0.013302
f 768/2831 771/2832 770/2833 769/2834
vt 0.149874 0.013302
vt 0.149874 0.013302
vt 0.006859 0.013302
vt 0.006859 0.013302
f 765/2835 769/2836 770/2837 766/2838
vt 0.149874 0.189058
vt 0.149874 0.189058
vt 0.006859 0.189058
vt 0.006859 0.189058
f 768/2839 764/2840 767/2841 771/2842
vt 0.917249 0.192526
vt 0.917249 0.009048
vt 0.917249 0.002347
vt 0.917249 0.199228
f 772/2843 773/2844 774/2845 775/2846
vt 0.820736 0.185436
vt 0.763022 0.191519
vt 0.763022 0.012808
vt 0.820736 0.018891
f 776/2847 779/2848 778/2849 777/2850
vt 0.917249 0.192526
vt 0.831982 0.192526
vt 0.831982 0.009048
vt 0.917249 0.009048
f 772/2851 776/2852 777/2853 773/2854
vt 0.917249 0.009048
vt 0.831982 0.009048
vt 0.801995 0.002347
vt 0.917249 0.002347
f 773/2855 777/2856 778/2857 774/2858
vt 0.831982 0.192526
vt 0.917249 0.192526
vt 0.917249 0.199228
vt 0.801995 0.199228
f 776/2859 772/2860 775/2861 779/2862
vt 0.432868 0.630183
vt 0.512568 0.630321
vt 0.511799 0.626376
vt 0.433735 0.619048
f 782/2863 790/2864 792/2865 784/2866
vt 0.511799 0.626376
vt 0.512568 0.630321
vt 0.432868 0.630183
vt 0.433735 0.619048
f 793/2867 791/2868 783/2869 785/2870
vt 0.512568 0.630321
vt 0.432868 0.630183
vt 0.433735 0.619048
vt 0.511799 0.626376
f 788/2871 780/2872 786/2873 794/2874
vt 0.433735 0.619048
vt 0.432868 0.630183
vt 0.512568 0.630321
vt 0.511799 0.626376
f 787/2875 781/2876 789/2877 795/2878
vt 0.433735 0.619048
vt 0.432868 0.630183
vt 0.424908 0.627611
vt 0.424900 0.619899
f 786/2879 780/2880 802/2881 796/2882
vt 0.424908 0.627611
vt 0.432868 0.630183
vt 0.433735 0.619048
vt 0.424900 0.619899
f 803/2883 781/2884 787/2885 797/2886
vt 0.432868 0.630183
vt 0.433735 0.619048
vt 0.424900 0.619899
vt 0.424908 0.627611
f 782/2887 784/2888 798/2889 800/2890
vt 0.424900 0.619899
vt 0.433735 0.619048
vt 0.432868 0.630183
vt 0.424908 0.627611
f 799/2891 785/2892 783/2893 801/2894
vt 0.529841 0.624682
vt 0.536465 0.634817
vt 0.532083 0.634817
vt 0.525459 0.624682
f 794/2895 818/2896 812/2897 788/2898
vt 0.532083 0.634817
vt 0.536465 0.634817
vt 0.529841 0.624682
vt 0.525459 0.624682
f 813/2899 819/2900 795/2901 789/2902
vt 0.536465 0.634817
vt 0.536465 0.674926
vt 0.532083 0.674926
vt 0.532083 0.634817
f 818/2903 816/2904 814/2905 812/2906
vt 0.532083 0.674926
vt 0.536465 0.674926
vt 0.536465 0.634817
vt 0.532083 0.634817
f 815/2907 817/2908 819/2909 813/2910
vt 0.536465 0.674926
vt 0.529841 0.685061
vt 0.525459 0.685061
vt 0.532083 0.674926
f 816/2911 792/2912 790/2913 814/2914
vt 0.525459 0.685061
vt 0.529841 0.685061
vt 0.536465 0.674926
vt 0.532083 0.674926
f 791/2915 793/2916 817/2917 815/2918
vt 0.420998 0.634817
vt 0.420998 0.621543
vt 0.525459 0.624682
vt 0.532083 0.634817
f 804/2919 780/2920 788/2921 812/2922
vt 0.525459 0.624682
vt 0.420998 0.621543
vt 0.420998 0.634817
vt 0.532083 0.634817
f 789/2923 781/2924 805/2925 813/2926
vt 0.532083 0.634817
vt 0.532083 0.674926
vt 0.420998 0.674926
vt 0.420998 0.634817
f 812/2927 814/2928 806/2929 804/2930
vt 0.420998 0.674926
vt 0.532083 0.674926
vt 0.532083 0.634817
vt 0.420998 0.634817
f 807/2931 815/2932 813/2933 805/2934
vt 0.532083 0.674926
vt 0.525459 0.685061
vt 0.420998 0.688200
vt 0.420998 0.674926
f 814/2935 790/2936 782/2937 806/2938
vt 0.420998 0.688200
vt 0.525459 0.685061
vt 0.532083 0.674926
vt 0.420998 0.674926
f 783/2939 791/2940 815/2941 807/2942
vt 0.529841 0.685061
vt 0.536465 0.674926
vt 0.437356 0.674926
vt 0.437356 0.688200
f 792/2943 816/2944 808/2945 784/2946
vt 0.437356 0.674926
vt 0.536465 0.674926
vt 0.529841 0.685061
vt 0.437356 0.688200
f 809/2947 817/2948 793/2949 785/2950
vt 0.536465 0.674926
vt 0.536465 0.634817
vt 0.437356 0.634817
vt 0.437356 0.674926
f 816/2951 818/2952 810/2953 808/2954
vt 0.437356 0.634817
vt 0.536465 0.634817
vt 0.536465 0.674926
vt 0.437356 0.674926
f 811/2955 819/2956 817/2957 809/2958
vt 0.536465 0.634817
vt 0.529841 0.624682
vt 0.437356 0.621543
vt 0.437356 0.634817
f 818/2959 794/2960 786/2961 810/2962
vt 0.437356 0.621543
vt 0.529841 0.624682
vt 0.536465 0.634817
vt 0.437356 0.634817
f 787/2963 795/2964 819/2965 811/2966
vt 0.437356 0.688200
vt 0.437356 0.674926
vt 0.424593 0.674926
vt 0.424593 0.683149
f 784/2967 808/2968 822/2969 798/2970
vt 0.424593 0.674926
vt 0.437356 0.674926
vt 0.437356 0.688200
vt 0.424593 0.683149
f 823/2971 809/2972 785/2973 799/2974
vt 0.437356 0.674926
vt 0.437356 0.634817
vt 0.424593 0.634817
vt 0.424593 0.674926
f 808/2975 810/2976 820/2977 822/2978
vt 0.424593 0.634817
vt 0.437356 0.634817
vt 0.437356 0.674926
vt 0.424593 0.674926
f 821/2979 811/2980 809/2981 823/2982
vt 0.437356 0.634817
vt 0.437356 0.621543
vt 0.424593 0.626595
vt 0.424593 0.634817
f 810/2983 786/2984 796/2985 820/2986
vt 0.424593 0.626595
vt 0.437356 0.621543
vt 0.437356 0.634817
vt 0.424593 0.634817
f 797/2987 787/2988 811/2989 821/2990
vt 0.420998 0.621543
vt 0.420998 0.634817
vt 0.407418 0.634817
vt 0.414062 0.626595
f 780/2991 804/2992 826/2993 802/2994
vt 0.407418 0.634817
vt 0.420998 0.634817
vt 0.420998 0.621543
vt 0.414062 0.626595
f 827/2995 805/2996 781/2997 803/2998
vt 0.420998 0.634817
vt 0.420998 0.674926
vt 0.407418 0.674926
vt 0.407418 0.634817
f 804/2999 806/3000 824/3001 826/3002
vt 0.407418 0.674926
vt 0.420998 0.674926
vt 0.420998 0.634817
vt 0.407418 0.634817
f 825/3003 807/3004 805/3005 827/3006
vt 0.420998 0.674926
vt 0.420998 0.688200
vt 0.414062 0.683149
vt 0.407418 0.674926
f 806/3007 782/3008 800/3009 824/3010
vt 0.414062 0.683149
vt 0.420998 0.688200
vt 0.420998 0.674926
vt 0.407418 0.674926
f 801/3011 783/3012 807/3013 825/3014
vt 0.414062 0.626595
vt 0.407418 0.634817
vt 0.424593 0.634817
vt 0.424593 0.626595
f 802/3015 826/3016 820/3017 796/3018
vt 0.424593 0.634817
vt 0.407418 0.634817
vt 0.414062 0.626595
vt 0.424593 0.626595
f 821/3019 827/3020 803/3021 797/3022
vt 0.407418 0.634817
vt 0.407418 0.674926
vt 0.424593 0.674926
vt 0.424593 0.634817
f 826/3023 824/3024 822/3025 820/3026
vt 0.424593 0.674926
vt 0.407418 0.674926
vt 0.407418 0.634817
vt 0.424593 0.634817
f 823/3027 825/3028 827/3029 821/3030
vt 0.407418 0.674926
vt 0.414062 0.683149
vt 0.424593 0.683149
vt 0.424593 0.674926
f 824/3031 800/3032 798/3033 822/3034
vt 0.424593 0.683149
vt 0.414062 0.683149
vt 0.407418 0.674926
vt 0.424593 0.674926
f 799/3035 801/3036 825/3037 823/3038
vt 0.428952 0.630065
vt 0.422602 0.621811
vt 0.510567 0.625346
vt 0.506717 0.629414
f 830/3039 844/3040 848/3041 832/3042
vt 0.510567 0.625346
vt 0.422602 0.621811
vt 0.428952 0.630065
vt 0.506717 0.629414
f 849/3043 845/3044 831/3045 833/3046
vt 0.422602 0.621811
vt 0.434527 0.619416
vt 0.507572 0.622460
vt 0.510567 0.625346
f 844/3047 838/3048 840/3049 848/3050
vt 0.507572 0.622460
vt 0.434527 0.619416
vt 0.422602 0.621811
vt 0.510567 0.625346
f 841/3051 839/3052 845/3053 849/3054
vt 0.434527 0.619416
vt 0.422602 0.621811
vt 0.510567 0.625346
vt 0.507572 0.622460
f 836/3055 846/3056 850/3057 842/3058
vt 0.510567 0.625346
vt 0.422602 0.621811
vt 0.434527 0.619416
vt 0.507572 0.622460
f 851/3059 847/3060 837/3061 843/3062
vt 0.422602 0.621811
vt 0.428952 0.630065
vt 0.506717 0.629414
vt 0.510567 0.625346
f 846/3063 828/3064 834/3065 850/3066
vt 0.506717 0.629414
vt 0.428952 0.630065
vt 0.422602 0.621811
vt 0.510567 0.625346
f 835/3067 829/3068 847/3069 851/3070
vt 0.417121 0.624369
vt 0.414666 0.634322
vt 0.522047 0.634322
vt 0.514930 0.624369
f 828/3071 852/3072 858/3073 834/3074
vt 0.522047 0.634322
vt 0.414666 0.634322
vt 0.417121 0.624369
vt 0.514930 0.624369
f 859/3075 853/3076 829/3077 835/3078
vt 0.414666 0.634322
vt 0.414666 0.675486
vt 0.522047 0.675486
vt 0.522047 0.634322
f 852/3079 854/3080 856/3081 858/3082
vt 0.522047 0.675486
vt 0.414666 0.675486
vt 0.414666 0.634322
vt 0.522047 0.634322
f 857/3083 855/3084 853/3085 859/3086
vt 0.414666 0.675486
vt 0.417121 0.685439
vt 0.514930 0.685439
vt 0.522047 0.675486
f 854/3087 830/3088 832/3089 856/3090
vt 0.514930 0.685439
vt 0.417121 0.685439
vt 0.414666 0.675486
vt 0.522047 0.675486
f 833/3091 831/3092 855/3093 857/3094
vt 0.516006 0.624369
vt 0.523123 0.634322
vt 0.421678 0.634322
vt 0.424133 0.624369
f 842/3095 866/3096 860/3097 836/3098
vt 0.421678 0.634322
vt 0.523123 0.634322
vt 0.516006 0.624369
vt 0.424133 0.624369
f 861/3099 867/3100 843/3101 837/3102
vt 0.523123 0.634322
vt 0.523123 0.675486
vt 0.421678 0.675486
vt 0.421678 0.634322
f 866/3103 864/3104 862/3105 860/3106
vt 0.421678 0.675486
vt 0.523123 0.675486
vt 0.523123 0.634322
vt 0.421678 0.634322
f 863/3107 865/3108 867/3109 861/3110
vt 0.523123 0.675486
vt 0.516006 0.685439
vt 0.424133 0.685439
vt 0.421678 0.675486
f 864/3111 840/3112 838/3113 862/3114
vt 0.424133 0.685439
vt 0.516006 0.685439
vt 0.523123 0.675486
vt 0.421678 0.675486
f 839/3115 841/3116 865/3117 863/3118
vt 0.414666 0.634322
vt 0.417121 0.624369
vt 0.409134 0.624369
vt 0.406679 0.634322
f 852/3119 828/3120 846/3121 870/3122
vt 0.409134 0.624369
vt 0.417121 0.624369
vt 0.414666 0.634322
vt 0.406679 0.634322
f 847/3123 829/3124 853/3125 871/3126
vt 0.406679 0.634322
vt 0.406679 0.675486
vt 0.414666 0.675486
vt 0.414666 0.634322
f 870/3127 868/3128 854/3129 852/3130
vt 0.414666 0.675486
vt 0.406679 0.675486
vt 0.406679 0.634322
vt 0.414666 0.634322
f 855/3131 869/3132 871/3133 853/3134
vt 0.406679 0.675486
vt 0.409134 0.685439
vt 0.417121 0.685439
vt 0.414666 0.675486
f 868/3135 844/3136 830/3137 854/3138
vt 0.417121 0.685439
vt 0.409134 0.685439
vt 0.406679 0.675486
vt 0.414666 0.675486
f 831/3139 845/3140 869/3141 855/3142
vt 0.424133 0.624369
vt 0.421678 0.634322
vt 0.406679 0.634322
vt 0.409134 0.624369
f 836/3143 860/3144 870/3145 846/3146
vt 0.406679 0.634322
vt 0.421678 0.634322
vt 0.424133 0.624369
vt 0.409134 0.624369
f 871/3147 861/3148 837/3149 847/3150
vt 0.421678 0.634322
vt 0.421678 0.675486
vt 0.406679 0.675486
vt 0.406679 0.634322
f 860/3151 862/3152 868/3153 870/3154
vt 0.406679 0.675486
vt 0.421678 0.675486
vt 0.421678 0.634322
vt 0.406679 0.634322
f 869/3155 863/3156 861/3157 871/3158
vt 0.421678 0.675486
vt 0.424133 0.685439
vt 0.409134 0.685439
vt 0.406679 0.675486
f 862/3159 838/3160 844/3161 868/3162
vt 0.409134 0.685439
vt 0.424133 0.685439
vt 0.421678 0.675486
vt 0.406679 0.675486
f 845/3163 839/3164 863/3165 869/3166
vt 0.519773 0.685439
vt 0.526890 0.675486
vt 0.522047 0.675486
vt 0.514930 0.685439
f 848/3167 872/3168 856/3169 832/3170
vt 0.522047 0.675486
vt 0.526890 0.675486
vt 0.519773 0.685439
vt 0.514930 0.685439
f 857/3171 873/3172 849/3173 833/3174
vt 0.526890 0.675486
vt 0.526890 0.634322
vt 0.522047 0.634322
vt 0.522047 0.675486
f 872/3175 874/3176 858/3177 856/3178
vt 0.522047 0.634322
vt 0.526890 0.634322
vt 0.526890 0.675486
vt 0.522047 0.675486
f 859/3179 875/3180 873/3181 857/3182
vt 0.526890 0.634322
vt 0.519773 0.624369
vt 0.514930 0.624369
vt 0.522047 0.634322
f 874/3183 850/3184 834/3185 858/3186
vt 0.514930 0.624369
vt 0.519773 0.624369
vt 0.526890 0.634322
vt 0.522047 0.634322
f 835/3187 851/3188 875/3189 859/3190
vt 0.516006 0.685439
vt 0.523123 0.675486
vt 0.526890 0.675486
vt 0.519773 0.685439
f 840/3191 864/3192 872/3193 848/3194
vt 0.526890 0.675486
vt 0.523123 0.675486
vt 0.516006 0.685439
vt 0.519773 0.685439
f 873/3195 865/3196 841/3197 849/3198
vt 0.523123 0.675486
vt 0.523123 0.634322
vt 0.526890 0.634322
vt 0.526890 0.675486
f 864/3199 866/3200 874/3201 872/3202
vt 0.526890 0.634322
vt 0.523123 0.634322
vt 0.523123 0.675486
vt 0.526890 0.675486
f 875/3203 867/3204 865/3205 873/3206
vt 0.523123 0.634322
vt 0.516006 0.624369
vt 0.519773 0.624369
vt 0.526890 0.634322
f 866/3207 842/3208 850/3209 874/3210
vt 0.519773 0.624369
vt 0.516006 0.624369
vt 0.523123 0.634322
vt 0.526890 0.634322
f 851/3211 843/3212 867/3213 875/3214
vt 0.494990 0.623996
vt 0.448422 0.623996
vt 0.448422 0.623996
vt 0.494990 0.623996
f 876/3215 878/3216 880/3217 882/3218
vt 0.448422 0.623996
vt 0.448422 0.623996
vt 0.494990 0.623996
vt 0.494990 0.623996
f 881/3219 879/3220 877/3221 883/3222
vt 0.494990 0.684360
vt 0.494990 0.684360
vt 0.448422 0.684360
vt 0.448422 0.684360
f 884/3223 890/3224 888/3225 886/3226
vt 0.448422 0.684360
vt 0.494990 0.684360
vt 0.494990 0.684360
vt 0.448422 0.684360
f 889/3227 891/3228 885/3229 887/3230
vt 0.494990 0.623996
vt 0.494990 0.630410
vt 0.448422 0.630410
vt 0.448422 0.623996
f 876/3231 896/3232 892/3233 878/3234
vt 0.448422 0.630410
vt 0.494990 0.630410
vt 0.494990 0.623996
vt 0.448422 0.623996
f 893/3235 897/3236 877/3237 879/3238
vt 0.494990 0.678862
vt 0.494990 0.684360
vt 0.448422 0.684360
vt 0.448422 0.678862
f 898/3239 884/3240 886/3241 894/3242
vt 0.448422 0.684360
vt 0.494990 0.684360
vt 0.494990 0.678862
vt 0.448422 0.678862
f 887/3243 885/3244 899/3245 895/3246
vt 0.494868 0.623588
vt 0.494868 0.630093
vt 0.448292 0.630093
vt 0.448292 0.623588
f 878/3247 892/3248 900/3249 880/3250
vt 0.448292 0.630093
vt 0.494868 0.630093
vt 0.494868 0.623588
vt 0.448292 0.623588
f 901/3251 893/3252 879/3253 881/3254
vt 0.494868 0.678721
vt 0.494868 0.684266
vt 0.448292 0.684266
vt 0.448292 0.678721
f 894/3255 886/3256 888/3257 902/3258
vt 0.448292 0.684266
vt 0.494868 0.684266
vt 0.494868 0.678721
vt 0.448292 0.678721
f 889/3259 887/3260 895/3261 903/3262
vt 0.448422 0.623996
vt 0.448422 0.630410
vt 0.494990 0.630410
vt 0.494990 0.623996
f 880/3263 900/3264 904/3265 882/3266
vt 0.494990 0.630410
vt 0.448422 0.630410
vt 0.448422 0.623996
vt 0.494990 0.623996
f 905/3267 901/3268 881/3269 883/3270
vt 0.448422 0.678862
vt 0.448422 0.684360
vt 0.494990 0.684360
vt 0.494990 0.678862
f 902/3271 888/3272 890/3273 906/3274
vt 0.494990 0.684360
vt 0.448422 0.684360
vt 0.448422 0.678862
vt 0.494990 0.678862
f 891/3275 889/3276 903/3277 907/3278
vt 0.494868 0.684266
vt 0.494868 0.678721
vt 0.448292 0.678721
vt 0.448292 0.684266
f 884/3279 898/3280 906/3281 890/3282
vt 0.448292 0.678721
vt 0.494868 0.678721
vt 0.494868 0.684266
vt 0.448292 0.684266
f 907/3283 899/3284 885/3285 891/3286
vt 0.494868 0.630093
vt 0.494868 0.623588
vt 0.448292 0.623588
vt 0.448292 0.630093
f 896/3287 876/3288 882/3289 904/3290
vt 0.448292 0.623588
vt 0.494868 0.623588
vt 0.494868 0.630093
vt 0.448292 0.630093
f 883/3291 877/3292 897/3293 905/3294
vt 0.494990 0.630410
vt 0.497439 0.643200
vt 0.445974 0.643200
vt 0.448422 0.630410
f 896/3295 912/3296 908/3297 892/3298
vt 0.445974 0.643200
vt 0.497439 0.643200
vt 0.494990 0.630410
vt 0.448422 0.630410
f 909/3299 913/3300 897/3301 893/3302
vt 0.497439 0.643200
vt 0.497439 0.673805
vt 0.445974 0.673805
vt 0.445974 0.643200
f 912/3303 914/3304 910/3305 908/3306
vt 0.445974 0.673805
vt 0.497439 0.673805
vt 0.497439 0.643200
vt 0.445974 0.643200
f 911/3307 915/3308 913/3309 909/3310
vt 0.497439 0.673805
vt 0.494990 0.678862
vt 0.448422 0.678862
vt 0.445974 0.673805
f 914/3311 898/3312 894/3313 910/3314
vt 0.448422 0.678862
vt 0.494990 0.678862
vt 0.497439 0.673805
vt 0.445974 0.673805
f 895/3315 899/3316 915/3317 911/3318
vt 0.494868 0.630093
vt 0.497317 0.642898
vt 0.445843 0.642898
vt 0.448292 0.630093
f 892/3319 908/3320 918/3321 900/3322
vt 0.445843 0.642898
vt 0.497317 0.642898
vt 0.494868 0.630093
vt 0.448292 0.630093
f 919/3323 909/3324 893/3325 901/3326
vt 0.497317 0.642898
vt 0.497317 0.673648
vt 0.445843 0.673648
vt 0.445843 0.642898
f 908/3327 910/3328 916/3329 918/3330
vt 0.445843 0.673648
vt 0.497317 0.673648
vt 0.497317 0.642898
vt 0.445843 0.642898
f 917/3331 911/3332 909/3333 919/3334
vt 0.497317 0.673648
vt 0.494868 0.678721
vt 0.448292 0.678721
vt 0.445843 0.673648
f 910/3335 894/3336 902/3337 916/3338
vt 0.448292 0.678721
vt 0.494868 0.678721
vt 0.497317 0.673648
vt 0.445843 0.673648
f 903/3339 895/3340 911/3341 917/3342
vt 0.448422 0.630410
vt 0.445974 0.643200
vt 0.497439 0.643200
vt 0.494990 0.630410
f 900/3343 918/3344 922/3345 904/3346
vt 0.497439 0.643200
vt 0.445974 0.643200
vt 0.448422 0.630410
vt 0.494990 0.630410
f 923/3347 919/3348 901/3349 905/3350
vt 0.445974 0.643200
vt 0.445974 0.673805
vt 0.497439 0.673805
vt 0.497439 0.643200
f 918/3351 916/3352 920/3353 922/3354
vt 0.497439 0.673805
vt 0.445974 0.673805
vt 0.445974 0.643200
vt 0.497439 0.643200
f 921/3355 917/3356 919/3357 923/3358
vt 0.445974 0.673805
vt 0.448422 0.678862
vt 0.494990 0.678862
vt 0.497439 0.673805
f 916/3359 902/3360 906/3361 920/3362
vt 0.494990 0.678862
vt 0.448422 0.678862
vt 0.445974 0.673805
vt 0.497439 0.673805
f 907/3363 903/3364 917/3365 921/3366
vt 0.494868 0.678721
vt 0.497317 0.673648
vt 0.445843 0.673648
vt 0.448292 0.678721
f 898/3367 914/3368 920/3369 906/3370
vt 0.445843 0.673648
vt 0.497317 0.673648
vt 0.494868 0.678721
vt 0.448292 0.678721
f 921/3371 915/3372 899/3373 907/3374
vt 0.497317 0.673648
vt 0.497317 0.642898
vt 0.445843 0.642898
vt 0.445843 0.673648
f 914/3375 912/3376 922/3377 920/3378
vt 0.445843 0.642898
vt 0.497317 0.642898
vt 0.497317 0.673648
vt 0.445843 0.673648
f 923/3379 913/3380 915/3381 921/3382
vt 0.497317 0.642898
vt 0.494868 0.630093
vt 0.448292 0.630093
vt 0.445843 0.642898
f 912/3383 896/3384 904/3385 922/3386
vt 0.448292 0.630093
vt 0.494868 0.630093
vt 0.497317 0.642898
vt 0.445843 0.642898
f 905/3387 897/3388 913/3389 923/3390
vt 0.184846 0.497213
vt 0.135958 0.497213
vt 0.111899 0.508431
vt 0.208905 0.508431
f 924/3391 925/3392 926/3393 927/3394
vt 0.184846 0.497213
vt 0.208905 0.508431
vt 0.111899 0.508431
vt 0.135958 0.497213
f 928/3395 931/3396 930/3397 929/3398
vt 0.184846 0.497213
vt 0.184846 0.497213
vt 0.135958 0.497213
vt 0.135958 0.497213
f 924/3399 928/3400 929/3401 925/3402
vt 0.135958 0.497213
vt 0.135958 0.497213
vt 0.111899 0.508431
vt 0.111899 0.508431
f 925/3403 929/3404 930/3405 926/3406
vt 0.184846 0.497213
vt 0.184846 0.497213
vt 0.208905 0.508431
vt 0.208905 0.508431
f 928/3407 924/3408 927/3409 931/3410
vt 0.184846 0.497213
vt 0.184846 0.497213
vt 0.208905 0.508431
vt 0.208905 0.508431
f 935/3411 939/3412 936/3413 932/3414
vt 0.135958 0.497213
vt 0.135958 0.497213
vt 0.111899 0.508431
vt 0.111899 0.508431
f 938/3415 934/3416 933/3417 937/3418
vt 0.184846 0.497213
vt 0.184846 0.497213
vt 0.135958 0.497213
vt 0.135958 0.497213
f 939/3419 935/3420 934/3421 938/3422
vt 0.184846 0.497213
vt 0.208905 0.508431
vt 0.111899 0.508431
vt 0.135958 0.497213
f 935/3423 932/3424 933/3425 934/3426
vt 0.184846 0.497213
vt 0.135958 0.497213
vt 0.111899 0.508431
vt 0.208905 0.508431
f 939/3427 938/3428 937/3429 936/3430
vt 0.184846 0.497213
vt 0.135958 0.497213
vt 0.111899 0.508431
vt 0.208905 0.508431
f 940/3431 941/3432 942/3433 943/3434
vt 0.184846 0.497213
vt 0.208905 0.508431
vt 0.111899 0.508431
vt 0.135958 0.497213
f 944/3435 947/3436 946/3437 945/3438
vt 0.184846 0.497213
vt 0.184846 0.497213
vt 0.135958 0.497213
vt 0.135958 0.497213
f 940/3439 944/3440 945/3441 941/3442
vt 0.135958 0.497213
vt 0.135958 0.497213
vt 0.111899 0.508431
vt 0.111899 0.508431
f 941/3443 945/3444 946/3445 942/3446
vt 0.184846 0.497213
vt 0.184846 0.497213
vt 0.208905 0.508431
vt 0.208905 0.508431
f 944/3447 940/3448 943/3449 947/3450
vt 0.184846 0.497213
vt 0.184846 0.497213
vt 0.208905 0.508431
vt 0.208905 0.508431
f 951/3451 955/3452 952/3453 948/3454
vt 0.135958 0.497213
vt 0.135958 0.497213
vt 0.111899 0.508431
vt 0.111899 0.508431
f 954/3455 950/3456 949/3457 953/3458
vt 0.184846 0.497213
vt 0.184846 0.497213
vt 0.135958 0.497213
vt 0.135958 0.497213
f 955/3459 951/3460 950/3461 954/3462
vt 0.184846 0.497213
vt 0.208905 0.508431
vt 0.111899 0.508431
vt 0.135958 0.497213
f 951/3463 948/3464 949/3465 950/3466
vt 0.184846 0.497213
vt 0.135958 0.497213
vt 0.111899 0.508431
vt 0.208905 0.508431
f 955/3467 954/3468 953/3469 952/3470
vt 0.238898 0.486000
vt 0.082445 0.486000
vt 0.082445 0.486000
vt 0.238898 0.486000
f 956/3471 957/3472 958/3473 959/3474
vt 0.238898 0.536810
vt 0.238898 0.536810
vt 0.082445 0.536810
vt 0.082445 0.536810
f 960/3475 963/3476 962/3477 961/3478
vt 0.238898 0.486000
vt 0.238898 0.536810
vt 0.082445 0.536810
vt 0.082445 0.486000
f 956/3479 960/3480 961/3481 957/3482
vt 0.082445 0.486000
vt 0.082445 0.536810
vt 0.082445 0.536810
vt 0.082445 0.486000
f 957/3483 961/3484 962/3485 958/3486
vt 0.238898 0.536810
vt 0.238898 0.486000
vt 0.238898 0.486000
vt 0.238898 0.536810
f 960/3487 956/3488 959/3489 963/3490
vt 0.895196 0.055911
vt 0.895196 0.135244
vt 0.847345 0.135244
vt 0.847345 0.055911
f 964/3491 968/3492 969/3493 965/3494
vt 0.919084 0.054963
vt 0.918902 0.117722
vt 0.844197 0.113774
vt 0.857317 0.051699
f 965/3495 969/3496 970/3497 966/3498
vt 0.918902 0.117722
vt 0.919084 0.054963
vt 0.857317 0.051699
vt 0.844197 0.113774
f 968/3499 964/3500 967/3501 971/3502
vt 0.389255 0.619445
vt 0.389255 0.619445
vt 0.001869 0.619445
vt 0.001869 0.619445
f 972/3503 973/3504 974/3505 975/3506
vt 0.389276 0.691614
vt 0.002191 0.691614
vt 0.002191 0.687455
vt 0.389276 0.687455
f 976/3507 979/3508 978/3509 977/3510
vt 0.001745 0.730651
vt 0.001745 0.766000
vt 0.009901 0.766000
vt 0.009900 0.730651
f 972/3511 976/3512 977/3513 973/3514
vt 0.389255 0.656800
vt 0.389255 0.692883
vt 0.001869 0.692883
vt 0.001869 0.656800
f 973/3515 977/3516 978/3517 974/3518
vt 0.009901 0.730651
vt 0.009901 0.766000
vt 0.001745 0.766000
vt 0.001745 0.730651
f 974/3519 978/3520 979/3521 975/3522
vt 0.001869 0.692857
vt 0.001869 0.656774
vt 0.389255 0.656774
vt 0.389255 0.692857
f 976/3523 972/3524 975/3525 979/3526
vt 0.919393 0.074065
vt 0.919393 0.046546
vt 0.919393 0.046546
vt 0.919393 0.074065
f 980/3527 981/3528 982/3529 983/3530
vt 0.919393 0.074065
vt 0.849516 0.074065
vt 0.849516 0.046545
vt 0.919393 0.046546
f 980/3531 984/3532 985/3533 981/3534
vt 0.918917 0.158002
vt 0.919035 0.199343
vt 0.851429 0.199556
vt 0.854790 0.154024
f 981/3535 985/3536 986/3537 982/3538
vt 0.919393 0.046546
vt 0.825448 0.046546
vt 0.825448 0.074065
vt 0.919393 0.074065
f 982/3539 986/3540 987/3541 983/3542
vt 0.919035 0.199343
vt 0.918917 0.158002
vt 0.854790 0.154024
vt 0.851429 0.199556
f 984/3543 980/3544 983/3545 987/3546
vt 0.425057 0.680172
vt 0.493920 0.680068
vt 0.474303 0.660012
vt 0.449192 0.660050
f 984/3547 987/3548 988/3549 991/3550
vt 0.493920 0.680068
vt 0.493920 0.680068
vt 0.474303 0.660012
vt 0.474303 0.660012
f 987/3551 986/3552 989/3553 988/3554
vt 0.493920 0.680068
vt 0.425057 0.680172
vt 0.449192 0.660050
vt 0.474303 0.660012
f 986/3555 985/3556 990/3557 989/3558
vt 0.425057 0.680172
vt 0.425057 0.680172
vt 0.449192 0.660050
vt 0.449192 0.660050
f 985/3559 984/3560 991/3561 990/3562
vt 0.449192 0.660050
vt 0.474303 0.660012
vt 0.474303 0.660012
vt 0.449192 0.660050
f 991/3563 988/3564 989/3565 990/3566
o door_left
v -1.610598 1.1009851 0.70461
v -1.4777499 1.126411 0.70461
v -0.644314 1.891333 0.704611
v -0.621978 1.835658 0.704611
v -0.592 1.952 0.704611
v -1.610597 1.1009851 0.665389
v -1.55975 1.2150019 0.665389
v -1.537413 1.159326 0.665389
v -0.592 1.952 0.66539
v -0.644314 1.891333 0.66539
v -0.703978 1.924248 0.66539
v -1.537413 1.159326 0.70461
v -1.4777499 1.126411 0.665389
v -0.591729 1.1009851 0.704611
v -0.644315 1.159326 0.704611
v -0.703978 1.126411 0.704611
v -0.703978 1.924248 0.704611
v -1.448413 1.835658 0.704611
v -1.426077 1.891333 0.704611
v -1.4580359 1.952 0.704611
v -1.55975 1.2150019 0.70461
v -0.621978 1.835658 0.66539
v -0.644315 1.159326 0.665389
v -0.621978 1.2150019 0.665389
v -0.591729 1.1009851 0.665389
v -1.366414 1.924248 0.704611
v -1.426077 1.891333 0.665389
v -1.448413 1.835658 0.665389
v -1.4580359 1.952 0.665389
v -0.703978 1.126411 0.665389
v -1.366414 1.924248 0.665389
v -0.621978 1.2150019 0.704611
v -0.591728 0.759856 0.665389
v -0.591729 0.759856 0.704611
v -1.015515 0.759856 0.704611
v -1.189865 0.419 0.704611
v -1.189865 0.419 0.66539
v -1.015515 0.759856 0.665389
v -1.610597 0.419 0.704611
v -1.610597 0.419 0.66539
usemtl mat0
vt 0.307171 0.451436
vt 0.313288 0.443813
vt 0.321497 0.459743
f 994/3567 995/3568 996/3569
vt 0.042552 0.343217
vt 0.056477 0.358829
vt 0.062594 0.351205
f 997/3570 998/3571 999/3572
vt 0.321498 0.459743
vt 0.307171 0.451436
vt 0.290832 0.455943
f 1000/3573 1001/3574 1002/3575
vt 0.062594 0.351205
vt 0.042552 0.343217
vt 0.078932 0.346698
f 1003/3576 992/3577 993/3578
vt 0.321572 0.343217
vt 0.307171 0.351205
vt 0.290832 0.346698
f 1005/3579 1006/3580 1007/3581
vt 0.321497 0.459743
vt 0.290832 0.455943
vt 0.307171 0.451436
f 996/3582 1008/3583 994/3584
vt 0.086966 0.443813
vt 0.093083 0.451436
vt 0.084331 0.459743
f 1009/3585 1010/3586 1011/3587
vt 0.056477 0.358829
vt 0.042552 0.343217
vt 0.062594 0.351205
f 1012/3588 992/3589 1003/3590
vt 0.062594 0.351205
vt 0.078932 0.346698
vt 0.042552 0.343217
f 999/3591 1004/3592 997/3593
vt 0.313288 0.443813
vt 0.307171 0.451436
vt 0.321498 0.459743
f 1013/3594 1001/3595 1000/3596
vt 0.307171 0.351205
vt 0.313288 0.358829
vt 0.321572 0.343217
f 1014/3597 1015/3598 1016/3599
vt 0.084331 0.459743
vt 0.093083 0.451436
vt 0.109422 0.455943
f 1011/3600 1010/3601 1017/3602
vt 0.093083 0.451436
vt 0.086966 0.443813
vt 0.084331 0.459743
f 1018/3603 1019/3604 1020/3605
vt 0.290832 0.346698
vt 0.307171 0.351205
vt 0.321572 0.343217
f 1021/3606 1014/3607 1016/3608
vt 0.109422 0.455943
vt 0.093083 0.451436
vt 0.084331 0.459743
f 1022/3609 1018/3610 1020/3611
vt 0.321572 0.343217
vt 0.313288 0.358829
vt 0.307171 0.351205
f 1005/3612 1023/3613 1006/3614
vt 0.084331 0.459743
vt 0.321497 0.459743
vt 0.321498 0.459743
vt 0.084331 0.459743
f 1011/3615 996/3616 1000/3617 1020/3618
vt 0.042552 0.343217
vt 0.084331 0.459743
vt 0.084331 0.459743
vt 0.042552 0.343217
f 992/3619 1011/3620 1020/3621 997/3622
vt 0.321497 0.459743
vt 0.321572 0.343217
vt 0.321572 0.343217
vt 0.321498 0.459743
f 996/3623 1005/3624 1016/3625 1000/3626
vt 0.321572 0.296507
vt 0.321572 0.343217
vt 0.321572 0.343217
vt 0.321572 0.296507
f 1024/3627 1016/3628 1005/3629 1025/3630
vt 0.205517 0.296507
vt 0.157770 0.249835
vt 0.157770 0.249835
vt 0.205517 0.296507
f 1026/3631 1027/3632 1028/3633 1029/3634
vt 0.321572 0.296507
vt 0.205517 0.296507
vt 0.205517 0.296507
vt 0.321572 0.296507
f 1025/3635 1026/3636 1029/3637 1024/3638
vt 0.157770 0.249835
vt 0.042552 0.249835
vt 0.042552 0.249835
vt 0.157770 0.249835
f 1027/3639 1030/3640 1031/3641 1028/3642
vt 0.042552 0.249835
vt 0.042552 0.343217
vt 0.042552 0.343217
vt 0.042552 0.249835
f 1030/3643 992/3644 997/3645 1031/3646
vt 0.313288 0.443813
vt 0.313288 0.358829
vt 0.321572 0.343217
vt 0.321497 0.459743
f 995/3647 1023/3648 1005/3649 996/3650
vt 0.084331 0.459743
vt 0.086966 0.443813
vt 0.056477 0.358829
vt 0.042552 0.343217
f 1020/3651 1019/3652 998/3653 997/3654
vt 0.307171 0.451436
vt 0.313288 0.443813
vt 0.313288 0.443813
vt 0.307171 0.451436
f 1001/3655 1013/3656 995/3657 994/3658
vt 0.056477 0.358829
vt 0.056477 0.358829
vt 0.062594 0.351205
vt 0.062594 0.351205
f 998/3659 1012/3660 1003/3661 999/3662
vt 0.307171 0.451436
vt 0.307171 0.451436
vt 0.290832 0.455943
vt 0.290832 0.455943
f 1001/3663 994/3664 1008/3665 1002/3666
vt 0.084331 0.459743
vt 0.109422 0.455943
vt 0.290832 0.455943
vt 0.321497 0.459743
f 1011/3667 1017/3668 1008/3669 996/3670
vt 0.078932 0.346698
vt 0.290832 0.346698
vt 0.321572 0.343217
vt 0.042552 0.343217
f 1004/3671 1021/3672 1016/3673 997/3674
vt 0.290832 0.455943
vt 0.109422 0.455943
vt 0.084331 0.459743
vt 0.321498 0.459743
f 1002/3675 1022/3676 1020/3677 1000/3678
vt 0.313288 0.358829
vt 0.313288 0.443813
vt 0.321498 0.459743
vt 0.321572 0.343217
f 1015/3679 1013/3680 1000/3681 1016/3682
vt 0.078932 0.346698
vt 0.062594 0.351205
vt 0.062594 0.351205
vt 0.078932 0.346698
f 1004/3683 999/3684 1003/3685 993/3686
vt 0.086966 0.443813
vt 0.056477 0.358829
vt 0.056477 0.358829
vt 0.086966 0.443813
f 1009/3687 1012/3688 998/3689 1019/3690
vt 0.313288 0.443813
vt 0.313288 0.443813
vt 0.313288 0.358829
vt 0.313288 0.358829
f 995/3691 1013/3692 1015/3693 1023/3694
vt 0.086966 0.443813
vt 0.093083 0.451436
vt 0.093083 0.451436
vt 0.086966 0.443813
f 1019/3695 1018/3696 1010/3697 1009/3698
vt 0.042552 0.343217
vt 0.056477 0.358829
vt 0.086966 0.443813
vt 0.084331 0.459743
f 992/3699 1012/3700 1009/3701 1011/3702
vt 0.307171 0.351205
vt 0.290832 0.346698
vt 0.290832 0.346698
vt 0.307171 0.351205
f 1014/3703 1021/3704 1007/3705 1006/3706
vt 0.093083 0.451436
vt 0.109422 0.455943
vt 0.109422 0.455943
vt 0.093083 0.451436
f 1018/3707 1022/3708 1017/3709 1010/3710
vt 0.109422 0.455943
vt 0.109422 0.455943
vt 0.290832 0.455943
vt 0.290832 0.455943
f 1017/3711 1022/3712 1002/3713 1008/3714
vt 0.307171 0.351205
vt 0.307171 0.351205
vt 0.313288 0.358829
vt 0.313288 0.358829
f 1014/3715 1006/3716 1023/3717 1015/3718
vt 0.078932 0.346698
vt 0.078932 0.346698
vt 0.290832 0.346698
vt 0.290832 0.346698
f 1004/3719 993/3720 1007/3721 1021/3722
vt 0.042552 0.343217
vt 0.321572 0.343217
vt 0.290832 0.346698
vt 0.078932 0.346698
f 992/3723 1005/3724 1007/3725 993/3726
vt 0.042552 0.343217
vt 0.042552 0.249835
vt 0.157770 0.249835
vt 0.205517 0.296507
f 992/3727 1030/3728 1027/3729 1026/3730
vt 0.042552 0.343217
vt 0.205517 0.296507
vt 0.157770 0.249835
vt 0.042552 0.249835
f 997/3731 1029/3732 1028/3733 1031/3734
vt 0.321572 0.343217
vt 0.321572 0.296507
vt 0.205517 0.296507
vt 0.042552 0.343217
f 1016/3735 1024/3736 1029/3737 997/3738
vt 0.042552 0.343217
vt 0.205517 0.296507
vt 0.321572 0.296507
vt 0.321572 0.343217
f 992/3739 1026/3740 1025/3741 1005/3742
o door_right
v -1.610598 1.1009851 -0.70461
v -1.4777499 1.126411 -0.70461
v -0.644314 1.891333 -0.704611
v -0.621978 1.835658 -0.704611
v -0.592 1.952 -0.704611
v -1.610597 1.1009851 -0.665389
v -1.55975 1.2150019 -0.665389
v -1.537413 1.159326 -0.665389
v -0.592 1.952 -0.66539
v -0.644314 1.891333 -0.66539
v -0.703978 1.924248 -0.66539
v -1.537413 1.159326 -0.70461
v -1.4777499 1.126411 -0.665389
v -0.591729 1.1009851 -0.704611
v -0.644315 1.159326 -0.704611
v -0.703978 1.126411 -0.704611
v -0.703978 1.924248 -0.704611
v -1.448413 1.835658 -0.704611
v -1.426077 1.891333 -0.704611
v -1.4580359 1.952 -0.704611
v -1.55975 1.2150019 -0.70461
v -0.621978 1.835658 -0.66539
v -0.644315 1.159326 -0.665389
v -0.621978 1.2150019 -0.665389
v -0.591729 1.1009851 -0.665389
v -1.366414 1.924248 -0.704611
v -1.426077 1.891333 -0.665389
v -1.448413 1.835658 -0.665389
v -1.4580359 1.952 -0.665389
v -0.703978 1.126411 -0.665389
v -1.366414 1.924248 -0.665389
v -0.621978 1.2150019 -0.704611
v -0.591728 0.759856 -0.665389
v -0.591729 0.759856 -0.704611
v -1.015515 0.759856 -0.704611
v -1.189865 0.419 -0.704611
v -1.189865 0.419 -0.66539
v -1.015515 0.759856 -0.665389
v -1.610597 0.419 -0.704611
v -1.610597 0.419 -0.66539
usemtl mat0
vt 0.660653 0.737780
vt 0.668863 0.721850
vt 0.674980 0.729474
f 1036/3743 1035/3744 1034/3745
vt 0.919557 0.629242
vt 0.925674 0.636866
vt 0.939599 0.621254
f 1039/3746 1038/3747 1037/3748
vt 0.691319 0.733980
vt 0.674980 0.729474
vt 0.660653 0.737780
f 1042/3749 1041/3750 1040/3751
vt 0.903218 0.624736
vt 0.939599 0.621254
vt 0.919557 0.629242
f 1033/3752 1032/3753 1043/3754
vt 0.691319 0.624736
vt 0.674980 0.629242
vt 0.660579 0.621254
f 1047/3755 1046/3756 1045/3757
vt 0.674980 0.729474
vt 0.691319 0.733980
vt 0.660653 0.737780
f 1034/3758 1048/3759 1036/3760
vt 0.897820 0.737780
vt 0.889068 0.729474
vt 0.895184 0.721850
f 1051/3761 1050/3762 1049/3763
vt 0.919557 0.629242
vt 0.939599 0.621254
vt 0.925674 0.636866
f 1043/3764 1032/3765 1052/3766
vt 0.939599 0.621254
vt 0.903218 0.624736
vt 0.919557 0.629242
f 1037/3767 1044/3768 1039/3769
vt 0.660653 0.737780
vt 0.674980 0.729474
vt 0.668863 0.721850
f 1040/3770 1041/3771 1053/3772
vt 0.660579 0.621254
vt 0.668863 0.636866
vt 0.674980 0.629242
f 1056/3773 1055/3774 1054/3775
vt 0.872729 0.733980
vt 0.889068 0.729474
vt 0.897820 0.737780
f 1057/3776 1050/3777 1051/3778
vt 0.897820 0.737780
vt 0.895184 0.721850
vt 0.889068 0.729474
f 1060/3779 1059/3780 1058/3781
vt 0.660579 0.621254
vt 0.674980 0.629242
vt 0.691319 0.624736
f 1056/3782 1054/3783 1061/3784
vt 0.897820 0.737780
vt 0.889068 0.729474
vt 0.872729 0.733980
f 1060/3785 1058/3786 1062/3787
vt 0.674980 0.629242
vt 0.668863 0.636866
vt 0.660579 0.621254
f 1046/3788 1063/3789 1045/3790
vt 0.660653 0.737780
vt 0.660653 0.737780
vt 0.897820 0.737780
vt 0.897820 0.737780
f 1040/3791 1036/3792 1051/3793 1060/3794
vt 0.939599 0.621254
vt 0.939599 0.621254
vt 0.897820 0.737780
vt 0.897820 0.737780
f 1032/3795 1037/3796 1060/3797 1051/3798
vt 0.660579 0.621254
vt 0.660579 0.621254
vt 0.660653 0.737780
vt 0.660653 0.737780
f 1056/3799 1045/3800 1036/3801 1040/3802
vt 0.660579 0.621254
vt 0.660579 0.621254
vt 0.660579 0.574544
vt 0.660579 0.574544
f 1045/3803 1056/3804 1064/3805 1065/3806
vt 0.824380 0.527872
vt 0.824380 0.527872
vt 0.776634 0.574544
vt 0.776634 0.574544
f 1068/3807 1067/3808 1066/3809 1069/3810
vt 0.776634 0.574544
vt 0.776634 0.574544
vt 0.660579 0.574544
vt 0.660579 0.574544
f 1069/3811 1066/3812 1065/3813 1064/3814
vt 0.939599 0.527872
vt 0.939599 0.527872
vt 0.824380 0.527872
vt 0.824380 0.527872
f 1071/3815 1070/3816 1067/3817 1068/3818
vt 0.939599 0.621254
vt 0.939599 0.621254
vt 0.939599 0.527872
vt 0.939599 0.527872
f 1037/3819 1032/3820 1070/3821 1071/3822
vt 0.660579 0.621254
vt 0.668863 0.636866
vt 0.668863 0.721850
vt 0.660653 0.737780
f 1045/3823 1063/3824 1035/3825 1036/3826
vt 0.925674 0.636866
vt 0.895184 0.721850
vt 0.897820 0.737780
vt 0.939599 0.621254
f 1038/3827 1059/3828 1060/3829 1037/3830
vt 0.668863 0.721850
vt 0.668863 0.721850
vt 0.674980 0.729474
vt 0.674980 0.729474
f 1035/3831 1053/3832 1041/3833 1034/3834
vt 0.919557 0.629242
vt 0.925674 0.636866
vt 0.925674 0.636866
vt 0.919557 0.629242
f 1043/3835 1052/3836 1038/3837 1039/3838
vt 0.691319 0.733980
vt 0.674980 0.729474
vt 0.674980 0.729474
vt 0.691319 0.733980
f 1048/3839 1034/3840 1041/3841 1042/3842
vt 0.691319 0.733980
vt 0.872729 0.733980
vt 0.897820 0.737780
vt 0.660653 0.737780
f 1048/3843 1057/3844 1051/3845 1036/3846
vt 0.660579 0.621254
vt 0.691319 0.624736
vt 0.903218 0.624736
vt 0.939599 0.621254
f 1056/3847 1061/3848 1044/3849 1037/3850
vt 0.897820 0.737780
vt 0.872729 0.733980
vt 0.691319 0.733980
vt 0.660653 0.737780
f 1060/3851 1062/3852 1042/3853 1040/3854
vt 0.660653 0.737780
vt 0.668863 0.721850
vt 0.668863 0.636866
vt 0.660579 0.621254
f 1040/3855 1053/3856 1055/3857 1056/3858
vt 0.919557 0.629242
vt 0.919557 0.629242
vt 0.903218 0.624736
vt 0.903218 0.624736
f 1043/3859 1039/3860 1044/3861 1033/3862
vt 0.925674 0.636866
vt 0.925674 0.636866
vt 0.895184 0.721850
vt 0.895184 0.721850
f 1038/3863 1052/3864 1049/3865 1059/3866
vt 0.668863 0.636866
vt 0.668863 0.721850
vt 0.668863 0.721850
vt 0.668863 0.636866
f 1055/3867 1053/3868 1035/3869 1063/3870
vt 0.889068 0.729474
vt 0.889068 0.729474
vt 0.895184 0.721850
vt 0.895184 0.721850
f 1050/3871 1058/3872 1059/3873 1049/3874
vt 0.939599 0.621254
vt 0.897820 0.737780
vt 0.895184 0.721850
vt 0.925674 0.636866
f 1032/3875 1051/3876 1049/3877 1052/3878
vt 0.691319 0.624736
vt 0.691319 0.624736
vt 0.674980 0.629242
vt 0.674980 0.629242
f 1047/3879 1061/3880 1054/3881 1046/3882
vt 0.872729 0.733980
vt 0.872729 0.733980
vt 0.889068 0.729474
vt 0.889068 0.729474
f 1057/3883 1062/3884 1058/3885 1050/3886
vt 0.691319 0.733980
vt 0.872729 0.733980
vt 0.872729 0.733980
vt 0.691319 0.733980
f 1042/3887 1062/3888 1057/3889 1048/3890
vt 0.668863 0.636866
vt 0.674980 0.629242
vt 0.674980 0.629242
vt 0.668863 0.636866
f 1063/3891 1046/3892 1054/3893 1055/3894
vt 0.691319 0.624736
vt 0.903218 0.624736
vt 0.903218 0.624736
vt 0.691319 0.624736
f 1047/3895 1033/3896 1044/3897 1061/3898
vt 0.939599 0.621254
vt 0.903218 0.624736
vt 0.691319 0.624736
vt 0.660579 0.621254
f 1032/3899 1033/3900 1047/3901 1045/3902
vt 0.939599 0.621254
vt 0.776634 0.574544
vt 0.824380 0.527872
vt 0.939599 0.527872
f 1032/3903 1066/3904 1067/3905 1070/3906
vt 0.824380 0.527872
vt 0.776634 0.574544
vt 0.939599 0.621254
vt 0.939599 0.527872
f 1068/3907 1069/3908 1037/3909 1071/3910
vt 0.776634 0.574544
vt 0.660579 0.574544
vt 0.660579 0.621254
vt 0.939599 0.621254
f 1069/3911 1064/3912 1056/3913 1037/3914
vt 0.939599 0.621254
vt 0.660579 0.621254
vt 0.660579 0.574544
vt 0.776634 0.574544
f 1032/3915 1045/3916 1065/3917 1066/3918
o door_win_left
v -1.4777499 1.126411 0.669957
v -0.703978 1.126411 0.669957
v -1.366414 1.924248 0.669957
v -0.703978 1.924248 0.669957
v -0.703978 1.2150019 0.669957
v -0.703978 1.835658 0.669957
v -1.4777499 1.2150019 0.669957
v -1.366414 1.835658 0.669957
v -0.621978 1.835658 0.669957
v -0.621978 1.2150019 0.669957
v -1.448413 1.835658 0.669957
v -1.55975 1.2150019 0.669957
v -1.426077 1.891333 0.669957
v -1.537413 1.159326 0.669957
v -0.644315 1.159326 0.669957
v -0.644314 1.891333 0.669957
v -0.644314 1.891333 0.700104
v -0.644315 1.159326 0.700104
v -1.537413 1.159326 0.700104
v -1.426077 1.891333 0.700104
v -1.55975 1.2150019 0.700104
v -1.448413 1.835658 0.700104
v -0.621978 1.2150019 0.700104
v -0.621978 1.835658 0.700104
v -1.366414 1.835658 0.700104
v -1.4777499 1.2150019 0.700104
v -0.703978 1.835658 0.700104
v -0.703978 1.2150019 0.700104
v -0.703978 1.924248 0.700104
v -1.366414 1.924248 0.700104
v -0.703978 1.126411 0.700104
v -1.4777499 1.126411 0.700104
usemtl mat1
vt 0.617618 0.249041
vt 0.617618 0.273638
vt 0.187952 0.273638
vt 0.187952 0.249041
f 1072/3919 1078/3920 1076/3921 1073/3922
vt 0.617618 0.273638
vt 0.555795 0.445959
vt 0.187952 0.445959
vt 0.187952 0.273638
f 1078/3923 1079/3924 1077/3925 1076/3926
vt 0.555795 0.445959
vt 0.555795 0.470556
vt 0.187952 0.470556
vt 0.187952 0.445959
f 1079/3927 1074/3928 1075/3929 1077/3930
vt 0.187952 0.273638
vt 0.187952 0.445959
vt 0.142418 0.445959
vt 0.142419 0.273638
f 1076/3931 1077/3932 1080/3933 1081/3934
vt 0.555795 0.445959
vt 0.617618 0.273638
vt 0.663151 0.273638
vt 0.601328 0.445959
f 1079/3935 1078/3936 1083/3937 1082/3938
vt 0.601328 0.445959
vt 0.588925 0.461417
vt 0.555795 0.445959
f 1082/3939 1084/3940 1079/3941
vt 0.588925 0.461417
vt 0.555795 0.470556
vt 0.555795 0.445959
f 1084/3942 1074/3943 1079/3944
vt 0.617618 0.249041
vt 0.650748 0.258180
vt 0.617618 0.273638
f 1072/3945 1085/3946 1078/3947
vt 0.650748 0.258180
vt 0.663151 0.273638
vt 0.617618 0.273638
f 1085/3948 1083/3949 1078/3950
vt 0.142419 0.273638
vt 0.154822 0.258180
vt 0.187952 0.273638
f 1081/3951 1086/3952 1076/3953
vt 0.154822 0.258180
vt 0.187952 0.249041
vt 0.187952 0.273638
f 1086/3954 1073/3955 1076/3956
vt 0.187952 0.470556
vt 0.154821 0.461417
vt 0.187952 0.445959
f 1075/3957 1087/3958 1077/3959
vt 0.154821 0.461417
vt 0.142418 0.445959
vt 0.187952 0.445959
f 1087/3960 1080/3961 1077/3962
vt 0.142418 0.445959
vt 0.154821 0.461417
vt 0.154821 0.461417
vt 0.142418 0.445959
f 1080/3963 1087/3964 1088/3965 1095/3966
vt 0.154821 0.461417
vt 0.187952 0.470556
vt 0.187952 0.470556
vt 0.154821 0.461417
f 1087/3967 1075/3968 1100/3969 1088/3970
vt 0.154822 0.258180
vt 0.142419 0.273638
vt 0.142419 0.273638
vt 0.154822 0.258180
f 1086/3971 1081/3972 1094/3973 1089/3974
vt 0.187952 0.249041
vt 0.154822 0.258180
vt 0.154822 0.258180
vt 0.187952 0.249041
f 1073/3975 1086/3976 1089/3977 1102/3978
vt 0.663151 0.273638
vt 0.650748 0.258180
vt 0.650748 0.258180
vt 0.663151 0.273638
f 1083/3979 1085/3980 1090/3981 1092/3982
vt 0.650748 0.258180
vt 0.617618 0.249041
vt 0.617618 0.249041
vt 0.650748 0.258180
f 1085/3983 1072/3984 1103/3985 1090/3986
vt 0.588925 0.461417
vt 0.601328 0.445959
vt 0.601328 0.445959
vt 0.588925 0.461417
f 1084/3987 1082/3988 1093/3989 1091/3990
vt 0.555795 0.470556
vt 0.588925 0.461417
vt 0.588925 0.461417
vt 0.555795 0.470556
f 1074/3991 1084/3992 1091/3993 1101/3994
vt 0.601328 0.445959
vt 0.663151 0.273638
vt 0.663151 0.273638
vt 0.601328 0.445959
f 1082/3995 1083/3996 1092/3997 1093/3998
vt 0.142419 0.273638
vt 0.142418 0.445959
vt 0.142418 0.445959
vt 0.142419 0.273638
f 1081/3999 1080/4000 1095/4001 1094/4002
vt 0.187952 0.470556
vt 0.555795 0.470556
vt 0.555795 0.470556
vt 0.187952 0.470556
f 1075/4003 1074/4004 1101/4005 1100/4006
vt 0.617618 0.249041
vt 0.187952 0.249041
vt 0.187952 0.249041
vt 0.617618 0.249041
f 1072/4007 1073/4008 1102/4009 1103/4010
vt 0.187952 0.273638
vt 0.617618 0.273638
vt 0.617618 0.249041
vt 0.187952 0.249041
f 1099/4011 1097/4012 1103/4013 1102/4014
vt 0.187952 0.445959
vt 0.555795 0.445959
vt 0.617618 0.273638
vt 0.187952 0.273638
f 1098/4015 1096/4016 1097/4017 1099/4018
vt 0.187952 0.470556
vt 0.555795 0.470556
vt 0.555795 0.445959
vt 0.187952 0.445959
f 1100/4019 1101/4020 1096/4021 1098/4022
vt 0.142418 0.445959
vt 0.187952 0.445959
vt 0.187952 0.273638
vt 0.142419 0.273638
f 1095/4023 1098/4024 1099/4025 1094/4026
vt 0.663151 0.273638
vt 0.617618 0.273638
vt 0.555795 0.445959
vt 0.601328 0.445959
f 1092/4027 1097/4028 1096/4029 1093/4030
vt 0.555795 0.445959
vt 0.588925 0.461417
vt 0.601328 0.445959
f 1096/4031 1091/4032 1093/4033
vt 0.555795 0.445959
vt 0.555795 0.470556
vt 0.588925 0.461417
f 1096/4034 1101/4035 1091/4036
vt 0.617618 0.273638
vt 0.650748 0.258180
vt 0.617618 0.249041
f 1097/4037 1090/4038 1103/4039
vt 0.617618 0.273638
vt 0.663151 0.273638
vt 0.650748 0.258180
f 1097/4040 1092/4041 1090/4042
vt 0.187952 0.273638
vt 0.154822 0.258180
vt 0.142419 0.273638
f 1099/4043 1089/4044 1094/4045
vt 0.187952 0.273638
vt 0.187952 0.249041
vt 0.154822 0.258180
f 1099/4046 1102/4047 1089/4048
vt 0.187952 0.445959
vt 0.154821 0.461417
vt 0.187952 0.470556
f 1098/4049 1088/4050 1100/4051
vt 0.187952 0.445959
vt 0.142418 0.445959
vt 0.154821 0.461417
f 1098/4052 1095/4053 1088/4054
o door_win_right
v -1.4777499 1.126411 -0.669957
v -0.703978 1.126411 -0.669957
v -1.366414 1.924248 -0.669957
v -0.703978 1.924248 -0.669957
v -0.703978 1.2150019 -0.669957
v -0.703978 1.835658 -0.669957
v -1.4777499 1.2150019 -0.669957
v -1.366414 1.835658 -0.669957
v -0.621978 1.835658 -0.669957
v -0.621978 1.2150019 -0.669957
v -1.448413 1.835658 -0.669957
v -1.55975 1.2150019 -0.669957
v -1.426077 1.891333 -0.669957
v -1.537413 1.159326 -0.669957
v -0.644315 1.159326 -0.669957
v -0.644314 1.891333 -0.669957
v -0.644314 1.891333 -0.700104
v -0.644315 1.159326 -0.700104
v -1.537413 1.159326 -0.700104
v -1.426077 1.891333 -0.700104
v -1.55975 1.2150019 -0.700104
v -1.448413 1.835658 -0.700104
v -0.621978 1.2150019 -0.700104
v -0.621978 1.835658 -0.700104
v -1.366414 1.835658 -0.700104
v -1.4777499 1.2150019 -0.700104
v -0.703978 1.835658 -0.700104
v -0.703978 1.2150019 -0.700104
v -0.703978 1.924248 -0.700104
v -1.366414 1.924248 -0.700104
v -0.703978 1.126411 -0.700104
v -1.4777499 1.126411 -0.700104
usemtl mat1
vt 0.617618 0.249041
vt 0.187952 0.249041
vt 0.187952 0.273638
vt 0.617618 0.273638
f 1104/4055 1105/4056 1108/4057 1110/4058
vt 0.187952 0.445959
vt 0.555795 0.445959
vt 0.617618 0.273638
vt 0.187952 0.273638
f 1109/4059 1111/4060 1110/4061 1108/4062
vt 0.187952 0.470556
vt 0.555795 0.470556
vt 0.555795 0.445959
vt 0.187952 0.445959
f 1107/4063 1106/4064 1111/4065 1109/4066
vt 0.142418 0.445959
vt 0.187952 0.445959
vt 0.187952 0.273638
vt 0.142419 0.273638
f 1112/4067 1109/4068 1108/4069 1113/4070
vt 0.663151 0.273638
vt 0.617618 0.273638
vt 0.555795 0.445959
vt 0.601328 0.445959
f 1115/4071 1110/4072 1111/4073 1114/4074
vt 0.555795 0.445959
vt 0.588925 0.461417
vt 0.601328 0.445959
f 1111/4075 1116/4076 1114/4077
vt 0.555795 0.445959
vt 0.555795 0.470556
vt 0.588925 0.461417
f 1111/4078 1106/4079 1116/4080
vt 0.650748 0.258180
vt 0.617618 0.249041
vt 0.617618 0.273638
f 1117/4081 1104/4082 1110/4083
vt 0.617618 0.273638
vt 0.663151 0.273638
vt 0.650748 0.258180
f 1110/4084 1115/4085 1117/4086
vt 0.187952 0.273638
vt 0.154822 0.258180
vt 0.142419 0.273638
f 1108/4087 1118/4088 1113/4089
vt 0.187952 0.273638
vt 0.187952 0.249041
vt 0.154822 0.258180
f 1108/4090 1105/4091 1118/4092
vt 0.187952 0.445959
vt 0.154821 0.461417
vt 0.187952 0.470556
f 1109/4093 1119/4094 1107/4095
vt 0.187952 0.445959
vt 0.142418 0.445959
vt 0.154821 0.461417
f 1109/4096 1112/4097 1119/4098
vt 0.154821 0.461417
vt 0.154821 0.461417
vt 0.142418 0.445959
vt 0.142418 0.445959
f 1120/4099 1119/4100 1112/4101 1127/4102
vt 0.187952 0.470556
vt 0.187952 0.470556
vt 0.154821 0.461417
vt 0.154821 0.461417
f 1132/4103 1107/4104 1119/4105 1120/4106
vt 0.142419 0.273638
vt 0.142419 0.273638
vt 0.154822 0.258180
vt 0.154822 0.258180
f 1126/4107 1113/4108 1118/4109 1121/4110
vt 0.154822 0.258180
vt 0.154822 0.258180
vt 0.187952 0.249041
vt 0.187952 0.249041
f 1121/4111 1118/4112 1105/4113 1134/4114
vt 0.650748 0.258180
vt 0.650748 0.258180
vt 0.663151 0.273638
vt 0.663151 0.273638
f 1122/4115 1117/4116 1115/4117 1124/4118
vt 0.617618 0.249041
vt 0.617618 0.249041
vt 0.650748 0.258180
vt 0.650748 0.258180
f 1135/4119 1104/4120 1117/4121 1122/4122
vt 0.601328 0.445959
vt 0.601328 0.445959
vt 0.588925 0.461417
vt 0.588925 0.461417
f 1125/4123 1114/4124 1116/4125 1123/4126
vt 0.588925 0.461417
vt 0.588925 0.461417
vt 0.555795 0.470556
vt 0.555795 0.470556
f 1123/4127 1116/4128 1106/4129 1133/4130
vt 0.663151 0.273638
vt 0.663151 0.273638
vt 0.601328 0.445959
vt 0.601328 0.445959
f 1124/4131 1115/4132 1114/4133 1125/4134
vt 0.142418 0.445959
vt 0.142418 0.445959
vt 0.142419 0.273638
vt 0.142419 0.273638
f 1127/4135 1112/4136 1113/4137 1126/4138
vt 0.555795 0.470556
vt 0.555795 0.470556
vt 0.187952 0.470556
vt 0.187952 0.470556
f 1133/4139 1106/4140 1107/4141 1132/4142
vt 0.617618 0.249041
vt 0.617618 0.249041
vt 0.187952 0.249041
vt 0.187952 0.249041
f 1104/4143 1135/4144 1134/4145 1105/4146
vt 0.617618 0.249041
vt 0.617618 0.273638
vt 0.187952 0.273638
vt 0.187952 0.249041
f 1135/4147 1129/4148 1131/4149 1134/4150
vt 0.617618 0.273638
vt 0.555795 0.445959
vt 0.187952 0.445959
vt 0.187952 0.273638
f 1129/4151 1128/4152 1130/4153 1131/4154
vt 0.555795 0.445959
vt 0.555795 0.470556
vt 0.187952 0.470556
vt 0.187952 0.445959
f 1128/4155 1133/4156 1132/4157 1130/4158
vt 0.187952 0.273638
vt 0.187952 0.445959
vt 0.142418 0.445959
vt 0.142419 0.273638
f 1131/4159 1130/4160 1127/4161 1126/4162
vt 0.555795 0.445959
vt 0.617618 0.273638
vt 0.663151 0.273638
vt 0.601328 0.445959
f 1128/4163 1129/4164 1124/4165 1125/4166
vt 0.601328 0.445959
vt 0.588925 0.461417
vt 0.555795 0.445959
f 1125/4167 1123/4168 1128/4169
vt 0.588925 0.461417
vt 0.555795 0.470556
vt 0.555795 0.445959
f 1123/4170 1133/4171 1128/4172
vt 0.617618 0.249041
vt 0.650748 0.258180
vt 0.617618 0.273638
f 1135/4173 1122/4174 1129/4175
vt 0.650748 0.258180
vt 0.663151 0.273638
vt 0.617618 0.273638
f 1122/4176 1124/4177 1129/4178
vt 0.142419 0.273638
vt 0.154822 0.258180
vt 0.187952 0.273638
f 1126/4179 1121/4180 1131/4181
vt 0.154822 0.258180
vt 0.187952 0.249041
vt 0.187952 0.273638
f 1121/4182 1134/4183 1131/4184
vt 0.187952 0.470556
vt 0.154821 0.461417
vt 0.187952 0.445959
f 1132/4185 1120/4186 1130/4187
vt 0.154821 0.461417
vt 0.142418 0.445959
vt 0.187952 0.445959
f 1120/4188 1127/4189 1130/4190
o fr_wheel_left
v -0.622254 0.678019 0.663465
v -0.622254 0.678019 0.530079
v -0.803786 0.678019 0.663465
v -0.803786 0.678019 0.530079
v -0.960997 0.587252 0.663466
v -0.960996 0.587252 0.530079
v -1.051762 0.430041 0.663465
v -1.051762 0.430041 0.530079
v -1.051762 0.248509 0.663465
v -1.051762 0.248509 0.530079
v -0.960996 0.091298 0.663465
v -0.960996 0.091298 0.530079
v -0.803785 0.000533 0.663465
v -0.803785 0.000533 0.530079
v -0.622253 0.000533 0.663465
v -0.622253 0.000533 0.530079
v -0.465042 0.091299 0.663465
v -0.465042 0.091299 0.530079
v -0.374276 0.24851 0.663465
v -0.374276 0.24851 0.530079
v -0.465042 0.587253 0.663465
v -0.465042 0.587253 0.530079
v -0.374276 0.430042 0.663465
v -0.374276 0.430042 0.530079
v -0.582793 0.469502 0.666879
v -0.535127 0.386942 0.666879
v -0.535127 0.29161 0.666879
v -0.582793 0.20905 0.666879
v -0.665353 0.161383 0.666879
v -0.760685 0.161383 0.666879
v -0.843245 0.209049 0.666879
v -0.890912 0.291609 0.666879
v -0.890912 0.386942 0.666879
v -0.843246 0.469502 0.666879
v -0.760686 0.517168 0.666879
v -0.665353 0.517168 0.666879
v -0.713019 0.339276 0.666879
v -0.630975 0.64547 0.69724
v -0.630975 0.64547 0.496305
v -0.795064 0.64547 0.69724
v -0.795064 0.64547 0.496305
v -0.937169 0.563425 0.69724
v -0.937169 0.563425 0.496305
v -1.019214 0.42132 0.69724
v -1.019213 0.42132 0.496304
v -1.019213 0.257231 0.69724
v -1.019213 0.257231 0.496304
v -0.937169 0.115126 0.69724
v -0.937169 0.115126 0.496305
v -0.795063 0.033081 0.69724
v -0.795064 0.033081 0.496305
v -0.630974 0.033081 0.69724
v -0.630975 0.033081 0.496304
v -0.488869 0.115126 0.69724
v -0.488869 0.115126 0.496305
v -0.406825 0.257231 0.69724
v -0.406825 0.257231 0.496305
v -0.488869 0.563426 0.69724
v -0.488869 0.563426 0.496305
v -0.406825 0.42132 0.69724
v -0.406825 0.42132 0.496304
v -0.713019 0.339276 0.524405
v -0.650404 0.572959 0.705715
v -0.775635 0.572959 0.705715
v -0.884088 0.510344 0.705715
v -0.946703 0.401891 0.705715
v -0.946703 0.27666 0.705715
v -0.884087 0.168207 0.705715
v -0.775634 0.105592 0.705715
v -0.650403 0.105592 0.705715
v -0.541951 0.168208 0.705715
v -0.479335 0.276661 0.705715
v -0.479335 0.401891 0.705715
v -0.541951 0.510344 0.705715
v -0.665162 0.517883 0.524405
v -0.760877 0.517883 0.524405
v -0.843769 0.470025 0.524405
v -0.891627 0.387133 0.524405
v -0.891627 0.291418 0.524405
v -0.843769 0.208526 0.524405
v -0.760877 0.160668 0.524405
v -0.665161 0.160668 0.524405
v -0.582269 0.208526 0.524405
v -0.534412 0.291418 0.524405
v -0.534412 0.387133 0.524405
v -0.582269 0.470025 0.524405
usemtl mat0
vt 0.928681 0.422323
vt 0.922185 0.419075
vt 0.883440 0.430260
vt 0.885818 0.434697
f 1157/4191 1194/4192 1174/4193 1137/4194
vt 0.787250 0.218672
vt 0.860550 0.218672
vt 0.860550 0.263163
vt 0.787250 0.263163
f 1137/4195 1136/4196 1156/4197 1157/4198
vt 0.885818 0.434697
vt 0.883440 0.430260
vt 0.922185 0.419075
vt 0.928681 0.422323
f 1136/4199 1173/4200 1193/4201 1156/4202
vt 0.883440 0.430260
vt 0.885818 0.434697
vt 0.836325 0.434697
vt 0.838703 0.430260
f 1173/4203 1136/4204 1138/4205 1175/4206
vt 0.860550 0.263163
vt 0.787250 0.263163
vt 0.787250 0.218672
vt 0.860550 0.218672
f 1136/4207 1137/4208 1139/4209 1138/4210
vt 0.838703 0.430260
vt 0.836325 0.434697
vt 0.885818 0.434697
vt 0.883440 0.430260
f 1176/4211 1139/4212 1137/4213 1174/4214
vt 0.793462 0.422323
vt 0.799959 0.419075
vt 0.838703 0.430260
vt 0.836325 0.434697
f 1140/4215 1177/4216 1175/4217 1138/4218
vt 0.787250 0.218672
vt 0.860550 0.218672
vt 0.860550 0.263163
vt 0.787250 0.263163
f 1141/4219 1140/4220 1138/4221 1139/4222
vt 0.799959 0.419075
vt 0.793462 0.422323
vt 0.836325 0.434697
vt 0.838703 0.430260
f 1178/4223 1141/4224 1139/4225 1176/4226
vt 0.768716 0.400892
vt 0.777590 0.399703
vt 0.799959 0.419075
vt 0.793462 0.422323
f 1142/4227 1179/4228 1177/4229 1140/4230
vt 0.787250 0.218672
vt 0.860550 0.218672
vt 0.860550 0.263163
vt 0.787250 0.263163
f 1143/4231 1142/4232 1140/4233 1141/4234
vt 0.777590 0.399703
vt 0.768716 0.400892
vt 0.793462 0.422323
vt 0.799959 0.419075
f 1180/4235 1143/4236 1141/4237 1178/4238
vt 0.768716 0.376145
vt 0.777590 0.377334
vt 0.777590 0.399703
vt 0.768716 0.400892
f 1144/4239 1181/4240 1179/4241 1142/4242
vt 0.787250 0.218672
vt 0.860550 0.218672
vt 0.860550 0.263163
vt 0.787250 0.263163
f 1145/4243 1144/4244 1142/4245 1143/4246
vt 0.777590 0.377334
vt 0.768716 0.376145
vt 0.768716 0.400892
vt 0.777590 0.399703
f 1182/4247 1145/4248 1143/4249 1180/4250
vt 0.793462 0.354714
vt 0.799959 0.357962
vt 0.777590 0.377334
vt 0.768716 0.376145
f 1146/4251 1183/4252 1181/4253 1144/4254
vt 0.787250 0.218672
vt 0.860550 0.218672
vt 0.860550 0.263163
vt 0.787250 0.263163
f 1147/4255 1146/4256 1144/4257 1145/4258
vt 0.799959 0.357962
vt 0.793462 0.354714
vt 0.768716 0.376145
vt 0.777590 0.377334
f 1184/4259 1147/4260 1145/4261 1182/4262
vt 0.836325 0.342341
vt 0.838703 0.346778
vt 0.799959 0.357962
vt 0.793462 0.354714
f 1148/4263 1185/4264 1183/4265 1146/4266
vt 0.787250 0.218672
vt 0.860550 0.218672
vt 0.860550 0.263163
vt 0.787250 0.263163
f 1149/4267 1148/4268 1146/4269 1147/4270
vt 0.838703 0.346778
vt 0.836325 0.342341
vt 0.793462 0.354714
vt 0.799959 0.357962
f 1186/4271 1149/4272 1147/4273 1184/4274
vt 0.885819 0.342341
vt 0.883441 0.346778
vt 0.838703 0.346778
vt 0.836325 0.342341
f 1150/4275 1187/4276 1185/4277 1148/4278
vt 0.787250 0.218672
vt 0.860550 0.218672
vt 0.860550 0.263163
vt 0.787250 0.263163
f 1151/4279 1150/4280 1148/4281 1149/4282
vt 0.883441 0.346778
vt 0.885819 0.342341
vt 0.836325 0.342341
vt 0.838703 0.346778
f 1188/4283 1151/4284 1149/4285 1186/4286
vt 0.928681 0.354714
vt 0.922185 0.357962
vt 0.883441 0.346778
vt 0.885819 0.342341
f 1152/4287 1189/4288 1187/4289 1150/4290
vt 0.787250 0.218672
vt 0.860550 0.218672
vt 0.860550 0.263163
vt 0.787250 0.263163
f 1153/4291 1152/4292 1150/4293 1151/4294
vt 0.922185 0.357962
vt 0.928681 0.354714
vt 0.885819 0.342341
vt 0.883441 0.346778
f 1190/4295 1153/4296 1151/4297 1188/4298
vt 0.953428 0.376145
vt 0.944554 0.377334
vt 0.922185 0.357962
vt 0.928681 0.354714
f 1154/4299 1191/4300 1189/4301 1152/4302
vt 0.787250 0.218672
vt 0.860550 0.218672
vt 0.860550 0.263163
vt 0.787250 0.263163
f 1155/4303 1154/4304 1152/4305 1153/4306
vt 0.944554 0.377334
vt 0.953428 0.376145
vt 0.928681 0.354714
vt 0.922185 0.357962
f 1192/4307 1155/4308 1153/4309 1190/4310
vt 0.953428 0.400892
vt 0.944554 0.399703
vt 0.944554 0.377334
vt 0.953428 0.376145
f 1158/4311 1195/4312 1191/4313 1154/4314
vt 0.787250 0.218672
vt 0.860550 0.218672
vt 0.860550 0.263163
vt 0.787250 0.263163
f 1159/4315 1158/4316 1154/4317 1155/4318
vt 0.944554 0.399703
vt 0.953428 0.400892
vt 0.953428 0.376145
vt 0.944554 0.377334
f 1196/4319 1159/4320 1155/4321 1192/4322
vt 0.928681 0.422323
vt 0.922185 0.419075
vt 0.944554 0.399703
vt 0.953428 0.400892
f 1156/4323 1193/4324 1195/4325 1158/4326
vt 0.787250 0.218672
vt 0.860550 0.218672
vt 0.860550 0.263163
vt 0.787250 0.263163
f 1157/4327 1156/4328 1158/4329 1159/4330
vt 0.922185 0.419075
vt 0.928681 0.422323
vt 0.953428 0.400892
vt 0.944554 0.399703
f 1194/4331 1157/4332 1159/4333 1196/4334
vt 0.861072 0.388519
vt 0.896577 0.406271
vt 0.874068 0.412769
f 1172/4335 1160/4336 1171/4337
vt 0.861072 0.388519
vt 0.874068 0.412769
vt 0.848076 0.412769
f 1172/4338 1171/4339 1170/4340
vt 0.861072 0.388519
vt 0.848076 0.412769
vt 0.825566 0.406271
f 1172/4341 1170/4342 1169/4343
vt 0.861072 0.388519
vt 0.825566 0.406271
vt 0.812571 0.395017
f 1172/4344 1169/4345 1168/4346
vt 0.861072 0.388519
vt 0.812571 0.395017
vt 0.812571 0.382021
f 1172/4347 1168/4348 1167/4349
vt 0.861072 0.388519
vt 0.812571 0.382021
vt 0.825566 0.370766
f 1172/4350 1167/4351 1166/4352
vt 0.861072 0.388519
vt 0.825566 0.370766
vt 0.848076 0.364268
f 1172/4353 1166/4354 1165/4355
vt 0.861072 0.388519
vt 0.848076 0.364268
vt 0.874068 0.364268
f 1172/4356 1165/4357 1164/4358
vt 0.861072 0.388519
vt 0.874068 0.364268
vt 0.896577 0.370766
f 1172/4359 1164/4360 1163/4361
vt 0.861072 0.388519
vt 0.896577 0.370766
vt 0.909573 0.382021
f 1172/4362 1163/4363 1162/4364
vt 0.861072 0.388519
vt 0.909573 0.382021
vt 0.909573 0.395017
f 1172/4365 1162/4366 1161/4367
vt 0.861072 0.388519
vt 0.909573 0.395017
vt 0.896577 0.406271
f 1172/4368 1161/4369 1160/4370
vt 0.924784 0.397054
vt 0.907713 0.411839
vt 0.896577 0.406271
vt 0.909573 0.395017
f 1208/4371 1209/4372 1160/4373 1161/4374
vt 0.924784 0.379983
vt 0.924784 0.397054
vt 0.909573 0.395017
vt 0.909573 0.382021
f 1207/4375 1208/4376 1161/4377 1162/4378
vt 0.907713 0.365198
vt 0.924784 0.379983
vt 0.909573 0.382021
vt 0.896577 0.370766
f 1206/4379 1207/4380 1162/4381 1163/4382
vt 0.878144 0.356663
vt 0.907713 0.365198
vt 0.896577 0.370766
vt 0.874068 0.364268
f 1205/4383 1206/4384 1163/4385 1164/4386
vt 0.844000 0.356663
vt 0.878144 0.356663
vt 0.874068 0.364268
vt 0.848076 0.364268
f 1204/4387 1205/4388 1164/4389 1165/4390
vt 0.814431 0.365198
vt 0.844000 0.356663
vt 0.848076 0.364268
vt 0.825566 0.370766
f 1203/4391 1204/4392 1165/4393 1166/4394
vt 0.797360 0.379983
vt 0.814431 0.365198
vt 0.825566 0.370766
vt 0.812571 0.382021
f 1202/4395 1203/4396 1166/4397 1167/4398
vt 0.797359 0.397054
vt 0.797360 0.379983
vt 0.812571 0.382021
vt 0.812571 0.395017
f 1201/4399 1202/4400 1167/4401 1168/4402
vt 0.814431 0.411839
vt 0.797359 0.397054
vt 0.812571 0.395017
vt 0.825566 0.406271
f 1200/4403 1201/4404 1168/4405 1169/4406
vt 0.844000 0.420375
vt 0.814431 0.411839
vt 0.825566 0.406271
vt 0.848076 0.412769
f 1199/4407 1200/4408 1169/4409 1170/4410
vt 0.878143 0.420375
vt 0.844000 0.420375
vt 0.848076 0.412769
vt 0.874068 0.412769
f 1198/4411 1199/4412 1170/4413 1171/4414
vt 0.907713 0.411839
vt 0.878143 0.420375
vt 0.874068 0.412769
vt 0.896577 0.406271
f 1209/4415 1198/4416 1171/4417 1160/4418
vt 0.922185 0.419075
vt 0.896720 0.406343
vt 0.874120 0.412867
vt 0.883440 0.430260
f 1194/4419 1221/4420 1210/4421 1174/4422
vt 0.907713 0.411839
vt 0.922185 0.419075
vt 0.883440 0.430260
vt 0.878143 0.420375
f 1209/4423 1193/4424 1173/4425 1198/4426
vt 0.838703 0.430260
vt 0.844000 0.420375
vt 0.878143 0.420375
vt 0.883440 0.430260
f 1175/4427 1199/4428 1198/4429 1173/4430
vt 0.848024 0.412867
vt 0.838703 0.430260
vt 0.883440 0.430260
vt 0.874120 0.412867
f 1211/4431 1176/4432 1174/4433 1210/4434
vt 0.799959 0.419075
vt 0.814431 0.411839
vt 0.844000 0.420375
vt 0.838703 0.430260
f 1177/4435 1200/4436 1199/4437 1175/4438
vt 0.825424 0.406343
vt 0.799959 0.419075
vt 0.838703 0.430260
vt 0.848024 0.412867
f 1212/4439 1178/4440 1176/4441 1211/4442
vt 0.777590 0.399703
vt 0.797359 0.397054
vt 0.814431 0.411839
vt 0.799959 0.419075
f 1179/4443 1201/4444 1200/4445 1177/4446
vt 0.812376 0.395043
vt 0.777590 0.399703
vt 0.799959 0.419075
vt 0.825424 0.406343
f 1213/4447 1180/4448 1178/4449 1212/4450
vt 0.777590 0.377334
vt 0.797360 0.379983
vt 0.797359 0.397054
vt 0.777590 0.399703
f 1181/4451 1202/4452 1201/4453 1179/4454
vt 0.812376 0.381995
vt 0.777590 0.377334
vt 0.777590 0.399703
vt 0.812376 0.395043
f 1214/4455 1182/4456 1180/4457 1213/4458
vt 0.799959 0.357962
vt 0.814431 0.365198
vt 0.797360 0.379983
vt 0.777590 0.377334
f 1183/4459 1203/4460 1202/4461 1181/4462
vt 0.825424 0.370695
vt 0.799959 0.357962
vt 0.777590 0.377334
vt 0.812376 0.381995
f 1215/4463 1184/4464 1182/4465 1214/4466
vt 0.838703 0.346778
vt 0.844000 0.356663
vt 0.814431 0.365198
vt 0.799959 0.357962
f 1185/4467 1204/4468 1203/4469 1183/4470
vt 0.848024 0.364171
vt 0.838703 0.346778
vt 0.799959 0.357962
vt 0.825424 0.370695
f 1216/4471 1186/4472 1184/4473 1215/4474
vt 0.883441 0.346778
vt 0.878144 0.356663
vt 0.844000 0.356663
vt 0.838703 0.346778
f 1187/4475 1205/4476 1204/4477 1185/4478
vt 0.874120 0.364171
vt 0.883441 0.346778
vt 0.838703 0.346778
vt 0.848024 0.364171
f 1217/4479 1188/4480 1186/4481 1216/4482
vt 0.922185 0.357962
vt 0.907713 0.365198
vt 0.878144 0.356663
vt 0.883441 0.346778
f 1189/4483 1206/4484 1205/4485 1187/4486
vt 0.896720 0.370695
vt 0.922185 0.357962
vt 0.883441 0.346778
vt 0.874120 0.364171
f 1218/4487 1190/4488 1188/4489 1217/4490
vt 0.944554 0.377334
vt 0.924784 0.379983
vt 0.907713 0.365198
vt 0.922185 0.357962
f 1191/4491 1207/4492 1206/4493 1189/4494
vt 0.909768 0.381995
vt 0.944554 0.377334
vt 0.922185 0.357962
vt 0.896720 0.370695
f 1219/4495 1192/4496 1190/4497 1218/4498
vt 0.944554 0.399703
vt 0.924784 0.397054
vt 0.924784 0.379983
vt 0.944554 0.377334
f 1195/4499 1208/4500 1207/4501 1191/4502
vt 0.909768 0.395043
vt 0.944554 0.399703
vt 0.944554 0.377334
vt 0.909768 0.381995
f 1220/4503 1196/4504 1192/4505 1219/4506
vt 0.922185 0.419075
vt 0.907713 0.411839
vt 0.924784 0.397054
vt 0.944554 0.399703
f 1193/4507 1209/4508 1208/4509 1195/4510
vt 0.896720 0.406343
vt 0.922185 0.419075
vt 0.944554 0.399703
vt 0.909768 0.395043
f 1221/4511 1194/4512 1196/4513 1220/4514
vt 0.874120 0.412867
vt 0.896720 0.406343
vt 0.861072 0.388519
f 1210/4515 1221/4516 1197/4517
vt 0.861072 0.388519
vt 0.848024 0.412867
vt 0.874120 0.412867
f 1197/4518 1211/4519 1210/4520
vt 0.861072 0.388519
vt 0.825424 0.406343
vt 0.848024 0.412867
f 1197/4521 1212/4522 1211/4523
vt 0.861072 0.388519
vt 0.812376 0.395043
vt 0.825424 0.406343
f 1197/4524 1213/4525 1212/4526
vt 0.861072 0.388519
vt 0.812376 0.381995
vt 0.812376 0.395043
f 1197/4527 1214/4528 1213/4529
vt 0.861072 0.388519
vt 0.825424 0.370695
vt 0.812376 0.381995
f 1197/4530 1215/4531 1214/4532
vt 0.861072 0.388519
vt 0.848024 0.364171
vt 0.825424 0.370695
f 1197/4533 1216/4534 1215/4535
vt 0.861072 0.388519
vt 0.874120 0.364171
vt 0.848024 0.364171
f 1197/4536 1217/4537 1216/4538
vt 0.861072 0.388519
vt 0.896720 0.370695
vt 0.874120 0.364171
f 1197/4539 1218/4540 1217/4541
vt 0.861072 0.388519
vt 0.909768 0.381995
vt 0.896720 0.370695
f 1197/4542 1219/4543 1218/4544
vt 0.861072 0.388519
vt 0.909768 0.395043
vt 0.909768 0.381995
f 1197/4545 1220/4546 1219/4547
vt 0.861072 0.388519
vt 0.896720 0.406343
vt 0.909768 0.395043
f 1197/4548 1221/4549 1220/4550
o fr_wheel_right
v -0.622254 0.678019 -0.663465
v -0.622254 0.678019 -0.530079
v -0.803786 0.678019 -0.663465
v -0.803786 0.678019 -0.530079
v -0.960997 0.587252 -0.663466
v -0.960996 0.587252 -0.530079
v -1.051762 0.430041 -0.663465
v -1.051762 0.430041 -0.530079
v -1.051762 0.248509 -0.663465
v -1.051762 0.248509 -0.530079
v -0.960996 0.091298 -0.663465
v -0.960996 0.091298 -0.530079
v -0.803785 0.000533 -0.663465
v -0.803785 0.000533 -0.530079
v -0.622253 0.000533 -0.663465
v -0.622253 0.000533 -0.530079
v -0.465042 0.091299 -0.663465
v -0.465042 0.091299 -0.530079
v -0.374276 0.24851 -0.663465
v -0.374276 0.24851 -0.530079
v -0.465042 0.587253 -0.663465
v -0.465042 0.587253 -0.530079
v -0.374276 0.430042 -0.663465
v -0.374276 0.430042 -0.530079
v -0.582793 0.469502 -0.666879
v -0.535127 0.386942 -0.666879
v -0.535127 0.29161 -0.666879
v -0.582793 0.20905 -0.666879
v -0.665353 0.161383 -0.666879
v -0.760685 0.161383 -0.666879
v -0.843245 0.209049 -0.666879
v -0.890912 0.291609 -0.666879
v -0.890912 0.386942 -0.666879
v -0.843246 0.469502 -0.666879
v -0.760686 0.517168 -0.666879
v -0.665353 0.517168 -0.666879
v -0.713019 0.339276 -0.666879
v -0.630975 0.64547 -0.69724
v -0.630975 0.64547 -0.496305
v -0.795064 0.64547 -0.69724
v -0.795064 0.64547 -0.496305
v -0.937169 0.563425 -0.69724
v -0.937169 0.563425 -0.496305
v -1.019214 0.42132 -0.69724
v -1.019213 0.42132 -0.496304
v -1.019213 0.257231 -0.69724
v -1.019213 0.257231 -0.496304
v -0.937169 0.115126 -0.69724
v -0.937169 0.115126 -0.496305
v -0.795063 0.033081 -0.69724
v -0.795064 0.033081 -0.496305
v -0.630974 0.033081 -0.69724
v -0.630975 0.033081 -0.496304
v -0.488869 0.115126 -0.69724
v -0.488869 0.115126 -0.496305
v -0.406825 0.257231 -0.69724
v -0.406825 0.257231 -0.496305
v -0.488869 0.563426 -0.69724
v -0.488869 0.563426 -0.496305
v -0.406825 0.42132 -0.69724
v -0.406825 0.42132 -0.496304
v -0.713019 0.339276 -0.524405
v -0.650404 0.572959 -0.705715
v -0.775635 0.572959 -0.705715
v -0.884088 0.510344 -0.705715
v -0.946703 0.401891 -0.705715
v -0.946703 0.27666 -0.705715
v -0.884087 0.168207 -0.705715
v -0.775634 0.105592 -0.705715
v -0.650403 0.105592 -0.705715
v -0.541951 0.168208 -0.705715
v -0.479335 0.276661 -0.705715
v -0.479335 0.401891 -0.705715
v -0.541951 0.510344 -0.705715
v -0.665162 0.517883 -0.524405
v -0.760877 0.517883 -0.524405
v -0.843769 0.470025 -0.524405
v -0.891627 0.387133 -0.524405
v -0.891627 0.291418 -0.524405
v -0.843769 0.208526 -0.524405
v -0.760877 0.160668 -0.524405
v -0.665161 0.160668 -0.524405
v -0.582269 0.208526 -0.524405
v -0.534412 0.291418 -0.524405
v -0.534412 0.387133 -0.524405
v -0.582269 0.470025 -0.524405
usemtl mat0
vt 0.883440 0.430260
vt 0.922185 0.419075
vt 0.928681 0.422323
vt 0.885818 0.434697
f 1260/4551 1280/4552 1243/4553 1223/4554
vt 0.860550 0.263163
vt 0.860550 0.218672
vt 0.787250 0.218672
vt 0.787250 0.263163
f 1242/4555 1222/4556 1223/4557 1243/4558
vt 0.885818 0.434697
vt 0.928681 0.422323
vt 0.922185 0.419075
vt 0.883440 0.430260
f 1222/4559 1242/4560 1279/4561 1259/4562
vt 0.836325 0.434697
vt 0.885818 0.434697
vt 0.883440 0.430260
vt 0.838703 0.430260
f 1224/4563 1222/4564 1259/4565 1261/4566
vt 0.860550 0.263163
vt 0.860550 0.218672
vt 0.787250 0.218672
vt 0.787250 0.263163
f 1222/4567 1224/4568 1225/4569 1223/4570
vt 0.885818 0.434697
vt 0.836325 0.434697
vt 0.838703 0.430260
vt 0.883440 0.430260
f 1223/4571 1225/4572 1262/4573 1260/4574
vt 0.838703 0.430260
vt 0.799959 0.419075
vt 0.793462 0.422323
vt 0.836325 0.434697
f 1261/4575 1263/4576 1226/4577 1224/4578
vt 0.860550 0.263163
vt 0.860550 0.218672
vt 0.787250 0.218672
vt 0.787250 0.263163
f 1224/4579 1226/4580 1227/4581 1225/4582
vt 0.836325 0.434697
vt 0.793462 0.422323
vt 0.799959 0.419075
vt 0.838703 0.430260
f 1225/4583 1227/4584 1264/4585 1262/4586
vt 0.799959 0.419075
vt 0.777590 0.399703
vt 0.768716 0.400892
vt 0.793462 0.422323
f 1263/4587 1265/4588 1228/4589 1226/4590
vt 0.860550 0.263163
vt 0.860550 0.218672
vt 0.787250 0.218672
vt 0.787250 0.263163
f 1226/4591 1228/4592 1229/4593 1227/4594
vt 0.793462 0.422323
vt 0.768716 0.400892
vt 0.777590 0.399703
vt 0.799959 0.419075
f 1227/4595 1229/4596 1266/4597 1264/4598
vt 0.777590 0.399703
vt 0.777590 0.377334
vt 0.768716 0.376145
vt 0.768716 0.400892
f 1265/4599 1267/4600 1230/4601 1228/4602
vt 0.860550 0.263163
vt 0.860550 0.218672
vt 0.787250 0.218672
vt 0.787250 0.263163
f 1228/4603 1230/4604 1231/4605 1229/4606
vt 0.768716 0.400892
vt 0.768716 0.376145
vt 0.777590 0.377334
vt 0.777590 0.399703
f 1229/4607 1231/4608 1268/4609 1266/4610
vt 0.777590 0.377334
vt 0.799959 0.357962
vt 0.793462 0.354714
vt 0.768716 0.376145
f 1267/4611 1269/4612 1232/4613 1230/4614
vt 0.860550 0.263163
vt 0.860550 0.218672
vt 0.787250 0.218672
vt 0.787250 0.263163
f 1230/4615 1232/4616 1233/4617 1231/4618
vt 0.768716 0.376145
vt 0.793462 0.354714
vt 0.799959 0.357962
vt 0.777590 0.377334
f 1231/4619 1233/4620 1270/4621 1268/4622
vt 0.799959 0.357962
vt 0.838703 0.346778
vt 0.836325 0.342341
vt 0.793462 0.354714
f 1269/4623 1271/4624 1234/4625 1232/4626
vt 0.860550 0.263163
vt 0.860550 0.218672
vt 0.787250 0.218672
vt 0.787250 0.263163
f 1232/4627 1234/4628 1235/4629 1233/4630
vt 0.793462 0.354714
vt 0.836325 0.342341
vt 0.838703 0.346778
vt 0.799959 0.357962
f 1233/4631 1235/4632 1272/4633 1270/4634
vt 0.838703 0.346778
vt 0.883441 0.346778
vt 0.885819 0.342341
vt 0.836325 0.342341
f 1271/4635 1273/4636 1236/4637 1234/4638
vt 0.860550 0.263163
vt 0.860550 0.218672
vt 0.787250 0.218672
vt 0.787250 0.263163
f 1234/4639 1236/4640 1237/4641 1235/4642
vt 0.836325 0.342341
vt 0.885819 0.342341
vt 0.883441 0.346778
vt 0.838703 0.346778
f 1235/4643 1237/4644 1274/4645 1272/4646
vt 0.883441 0.346778
vt 0.922185 0.357962
vt 0.928681 0.354714
vt 0.885819 0.342341
f 1273/4647 1275/4648 1238/4649 1236/4650
vt 0.860550 0.263163
vt 0.860550 0.218672
vt 0.787250 0.218672
vt 0.787250 0.263163
f 1236/4651 1238/4652 1239/4653 1237/4654
vt 0.885819 0.342341
vt 0.928681 0.354714
vt 0.922185 0.357962
vt 0.883441 0.346778
f 1237/4655 1239/4656 1276/4657 1274/4658
vt 0.922185 0.357962
vt 0.944554 0.377334
vt 0.953428 0.376145
vt 0.928681 0.354714
f 1275/4659 1277/4660 1240/4661 1238/4662
vt 0.860550 0.263163
vt 0.860550 0.218672
vt 0.787250 0.218672
vt 0.787250 0.263163
f 1238/4663 1240/4664 1241/4665 1239/4666
vt 0.928681 0.354714
vt 0.953428 0.376145
vt 0.944554 0.377334
vt 0.922185 0.357962
f 1239/4667 1241/4668 1278/4669 1276/4670
vt 0.944554 0.377334
vt 0.944554 0.399703
vt 0.953428 0.400892
vt 0.953428 0.376145
f 1277/4671 1281/4672 1244/4673 1240/4674
vt 0.860550 0.263163
vt 0.860550 0.218672
vt 0.787250 0.218672
vt 0.787250 0.263163
f 1240/4675 1244/4676 1245/4677 1241/4678
vt 0.953428 0.376145
vt 0.953428 0.400892
vt 0.944554 0.399703
vt 0.944554 0.377334
f 1241/4679 1245/4680 1282/4681 1278/4682
vt 0.944554 0.399703
vt 0.922185 0.419075
vt 0.928681 0.422323
vt 0.953428 0.400892
f 1281/4683 1279/4684 1242/4685 1244/4686
vt 0.860550 0.263163
vt 0.860550 0.218672
vt 0.787250 0.218672
vt 0.787250 0.263163
f 1244/4687 1242/4688 1243/4689 1245/4690
vt 0.953428 0.400892
vt 0.928681 0.422323
vt 0.922185 0.419075
vt 0.944554 0.399703
f 1245/4691 1243/4692 1280/4693 1282/4694
vt 0.874068 0.412769
vt 0.896577 0.406271
vt 0.861072 0.388519
f 1257/4695 1246/4696 1258/4697
vt 0.848076 0.412769
vt 0.874068 0.412769
vt 0.861072 0.388519
f 1256/4698 1257/4699 1258/4700
vt 0.825566 0.406271
vt 0.848076 0.412769
vt 0.861072 0.388519
f 1255/4701 1256/4702 1258/4703
vt 0.812571 0.395017
vt 0.825566 0.406271
vt 0.861072 0.388519
f 1254/4704 1255/4705 1258/4706
vt 0.812571 0.382021
vt 0.812571 0.395017
vt 0.861072 0.388519
f 1253/4707 1254/4708 1258/4709
vt 0.825566 0.370766
vt 0.812571 0.382021
vt 0.861072 0.388519
f 1252/4710 1253/4711 1258/4712
vt 0.848076 0.364268
vt 0.825566 0.370766
vt 0.861072 0.388519
f 1251/4713 1252/4714 1258/4715
vt 0.874068 0.364268
vt 0.848076 0.364268
vt 0.861072 0.388519
f 1250/4716 1251/4717 1258/4718
vt 0.896577 0.370766
vt 0.874068 0.364268
vt 0.861072 0.388519
f 1249/4719 1250/4720 1258/4721
vt 0.909573 0.382021
vt 0.896577 0.370766
vt 0.861072 0.388519
f 1248/4722 1249/4723 1258/4724
vt 0.909573 0.395017
vt 0.909573 0.382021
vt 0.861072 0.388519
f 1247/4725 1248/4726 1258/4727
vt 0.896577 0.406271
vt 0.909573 0.395017
vt 0.861072 0.388519
f 1246/4728 1247/4729 1258/4730
vt 0.896577 0.406271
vt 0.907713 0.411839
vt 0.924784 0.397054
vt 0.909573 0.395017
f 1246/4731 1295/4732 1294/4733 1247/4734
vt 0.909573 0.395017
vt 0.924784 0.397054
vt 0.924784 0.379983
vt 0.909573 0.382021
f 1247/4735 1294/4736 1293/4737 1248/4738
vt 0.909573 0.382021
vt 0.924784 0.379983
vt 0.907713 0.365198
vt 0.896577 0.370766
f 1248/4739 1293/4740 1292/4741 1249/4742
vt 0.896577 0.370766
vt 0.907713 0.365198
vt 0.878144 0.356663
vt 0.874068 0.364268
f 1249/4743 1292/4744 1291/4745 1250/4746
vt 0.874068 0.364268
vt 0.878144 0.356663
vt 0.844000 0.356663
vt 0.848076 0.364268
f 1250/4747 1291/4748 1290/4749 1251/4750
vt 0.848076 0.364268
vt 0.844000 0.356663
vt 0.814431 0.365198
vt 0.825566 0.370766
f 1251/4751 1290/4752 1289/4753 1252/4754
vt 0.825566 0.370766
vt 0.814431 0.365198
vt 0.797360 0.379983
vt 0.812571 0.382021
f 1252/4755 1289/4756 1288/4757 1253/4758
vt 0.812571 0.382021
vt 0.797360 0.379983
vt 0.797359 0.397054
vt 0.812571 0.395017
f 1253/4759 1288/4760 1287/4761 1254/4762
vt 0.812571 0.395017
vt 0.797359 0.397054
vt 0.814431 0.411839
vt 0.825566 0.406271
f 1254/4763 1287/4764 1286/4765 1255/4766
vt 0.825566 0.406271
vt 0.814431 0.411839
vt 0.844000 0.420375
vt 0.848076 0.412769
f 1255/4767 1286/4768 1285/4769 1256/4770
vt 0.848076 0.412769
vt 0.844000 0.420375
vt 0.878143 0.420375
vt 0.874068 0.412769
f 1256/4771 1285/4772 1284/4773 1257/4774
vt 0.874068 0.412769
vt 0.878143 0.420375
vt 0.907713 0.411839
vt 0.896577 0.406271
f 1257/4775 1284/4776 1295/4777 1246/4778
vt 0.874120 0.412867
vt 0.896720 0.406343
vt 0.922185 0.419075
vt 0.883440 0.430260
f 1296/4779 1307/4780 1280/4781 1260/4782
vt 0.883440 0.430260
vt 0.922185 0.419075
vt 0.907713 0.411839
vt 0.878143 0.420375
f 1259/4783 1279/4784 1295/4785 1284/4786
vt 0.878143 0.420375
vt 0.844000 0.420375
vt 0.838703 0.430260
vt 0.883440 0.430260
f 1284/4787 1285/4788 1261/4789 1259/4790
vt 0.883440 0.430260
vt 0.838703 0.430260
vt 0.848024 0.412867
vt 0.874120 0.412867
f 1260/4791 1262/4792 1297/4793 1296/4794
vt 0.844000 0.420375
vt 0.814431 0.411839
vt 0.799959 0.419075
vt 0.838703 0.430260
f 1285/4795 1286/4796 1263/4797 1261/4798
vt 0.838703 0.430260
vt 0.799959 0.419075
vt 0.825424 0.406343
vt 0.848024 0.412867
f 1262/4799 1264/4800 1298/4801 1297/4802
vt 0.814431 0.411839
vt 0.797359 0.397054
vt 0.777590 0.399703
vt 0.799959 0.419075
f 1286/4803 1287/4804 1265/4805 1263/4806
vt 0.799959 0.419075
vt 0.777590 0.399703
vt 0.812376 0.395043
vt 0.825424 0.406343
f 1264/4807 1266/4808 1299/4809 1298/4810
vt 0.797359 0.397054
vt 0.797360 0.379983
vt 0.777590 0.377334
vt 0.777590 0.399703
f 1287/4811 1288/4812 1267/4813 1265/4814
vt 0.777590 0.399703
vt 0.777590 0.377334
vt 0.812376 0.381995
vt 0.812376 0.395043
f 1266/4815 1268/4816 1300/4817 1299/4818
vt 0.797360 0.379983
vt 0.814431 0.365198
vt 0.799959 0.357962
vt 0.777590 0.377334
f 1288/4819 1289/4820 1269/4821 1267/4822
vt 0.777590 0.377334
vt 0.799959 0.357962
vt 0.825424 0.370695
vt 0.812376 0.381995
f 1268/4823 1270/4824 1301/4825 1300/4826
vt 0.814431 0.365198
vt 0.844000 0.356663
vt 0.838703 0.346778
vt 0.799959 0.357962
f 1289/4827 1290/4828 1271/4829 1269/4830
vt 0.799959 0.357962
vt 0.838703 0.346778
vt 0.848024 0.364171
vt 0.825424 0.370695
f 1270/4831 1272/4832 1302/4833 1301/4834
vt 0.844000 0.356663
vt 0.878144 0.356663
vt 0.883441 0.346778
vt 0.838703 0.346778
f 1290/4835 1291/4836 1273/4837 1271/4838
vt 0.838703 0.346778
vt 0.883441 0.346778
vt 0.874120 0.364171
vt 0.848024 0.364171
f 1272/4839 1274/4840 1303/4841 1302/4842
vt 0.878144 0.356663
vt 0.907713 0.365198
vt 0.922185 0.357962
vt 0.883441 0.346778
f 1291/4843 1292/4844 1275/4845 1273/4846
vt 0.883441 0.346778
vt 0.922185 0.357962
vt 0.896720 0.370695
vt 0.874120 0.364171
f 1274/4847 1276/4848 1304/4849 1303/4850
vt 0.907713 0.365198
vt 0.924784 0.379983
vt 0.944554 0.377334
vt 0.922185 0.357962
f 1292/4851 1293/4852 1277/4853 1275/4854
vt 0.922185 0.357962
vt 0.944554 0.377334
vt 0.909768 0.381995
vt 0.896720 0.370695
f 1276/4855 1278/4856 1305/4857 1304/4858
vt 0.924784 0.379983
vt 0.924784 0.397054
vt 0.944554 0.399703
vt 0.944554 0.377334
f 1293/4859 1294/4860 1281/4861 1277/4862
vt 0.944554 0.377334
vt 0.944554 0.399703
vt 0.909768 0.395043
vt 0.909768 0.381995
f 1278/4863 1282/4864 1306/4865 1305/4866
vt 0.924784 0.397054
vt 0.907713 0.411839
vt 0.922185 0.419075
vt 0.944554 0.399703
f 1294/4867 1295/4868 1279/4869 1281/4870
vt 0.944554 0.399703
vt 0.922185 0.419075
vt 0.896720 0.406343
vt 0.909768 0.395043
f 1282/4871 1280/4872 1307/4873 1306/4874
vt 0.861072 0.388519
vt 0.896720 0.406343
vt 0.874120 0.412867
f 1283/4875 1307/4876 1296/4877
vt 0.874120 0.412867
vt 0.848024 0.412867
vt 0.861072 0.388519
f 1296/4878 1297/4879 1283/4880
vt 0.848024 0.412867
vt 0.825424 0.406343
vt 0.861072 0.388519
f 1297/4881 1298/4882 1283/4883
vt 0.825424 0.406343
vt 0.812376 0.395043
vt 0.861072 0.388519
f 1298/4884 1299/4885 1283/4886
vt 0.812376 0.395043
vt 0.812376 0.381995
vt 0.861072 0.388519
f 1299/4887 1300/4888 1283/4889
vt 0.812376 0.381995
vt 0.825424 0.370695
vt 0.861072 0.388519
f 1300/4890 1301/4891 1283/4892
vt 0.825424 0.370695
vt 0.848024 0.364171
vt 0.861072 0.388519
f 1301/4893 1302/4894 1283/4895
vt 0.848024 0.364171
vt 0.874120 0.364171
vt 0.861072 0.388519
f 1302/4896 1303/4897 1283/4898
vt 0.874120 0.364171
vt 0.896720 0.370695
vt 0.861072 0.388519
f 1303/4899 1304/4900 1283/4901
vt 0.896720 0.370695
vt 0.909768 0.381995
vt 0.861072 0.388519
f 1304/4902 1305/4903 1283/4904
vt 0.909768 0.381995
vt 0.909768 0.395043
vt 0.861072 0.388519
f 1305/4905 1306/4906 1283/4907
vt 0.909768 0.395043
vt 0.896720 0.406343
vt 0.861072 0.388519
f 1306/4908 1307/4909 1283/4910
o front_win
v -0.473124 1.835658 -0.554835
v -0.473124 1.891333 -0.614498
v -0.473124 1.835658 -0.636835
v -0.473124 1.924248 -0.554835
v -0.473124 1.2150019 -0.554835
v -0.473124 1.159326 -0.614498
v -0.473124 1.126411 -0.554835
v -0.473124 1.2150019 -0.636835
v -0.473124 1.2150019 0.554835
v -0.473124 1.159326 0.614498
v -0.473124 1.2150019 0.636835
v -0.473124 1.126411 0.554835
v -0.473124 1.835658 0.554835
v -0.473124 1.891333 0.614498
v -0.473124 1.924248 0.554835
v -0.473124 1.835658 0.636835
v -1.676657 1.126411 -0.554835
v -1.6705739 1.159326 -0.614498
v -1.660284 1.2150019 -0.636835
v -1.535285 1.891333 0.614499
v -1.545575 1.835658 0.636835
v -1.660284 1.2150019 0.636835
v -1.651915 1.126411 0.554835
v -1.64604 1.159326 0.614498
v -1.636102 1.2150019 0.636835
v -1.525319 1.835658 0.636835
v -1.5153821 1.891333 0.614499
v -1.529202 1.924248 0.554835
v -1.545575 1.835658 -0.636835
v -1.676657 1.126411 0.554835
v -1.6705739 1.159326 0.614498
v -1.529202 1.924248 -0.554835
v -1.535285 1.891333 -0.614498
v -1.651915 1.126411 -0.554835
v -1.64604 1.159326 -0.614498
v -1.515381 1.891333 -0.614498
v -1.509506 1.924248 -0.554835
v -1.525319 1.835658 -0.636835
v -1.636102 1.2150019 -0.636835
v -1.509506 1.924248 0.554835
v -0.492876 1.835658 0.636835
v -0.492876 1.924248 0.554835
v -0.492876 1.891333 0.614498
v -0.492876 1.835658 0.554835
v -0.492876 1.126411 0.554835
v -0.492876 1.2150019 0.636834
v -0.492876 1.159326 0.614498
v -0.492876 1.2150019 0.554835
v -0.492876 1.2150019 -0.636835
v -0.492876 1.126411 -0.554835
v -0.492876 1.159326 -0.614498
v -0.492876 1.2150019 -0.554835
v -0.492876 1.924248 -0.554835
v -0.492876 1.835658 -0.636835
v -0.492876 1.891333 -0.614498
v -0.492876 1.835658 -0.554835
usemtl mat1
vt 0.695538 0.943051
vt 0.740883 0.943051
vt 0.728531 0.958445
f 1308/4911 1310/4912 1309/4913
vt 0.695538 0.943051
vt 0.728531 0.958445
vt 0.695538 0.967545
f 1308/4914 1309/4915 1311/4916
vt 0.695538 0.771442
vt 0.695538 0.746947
vt 0.728531 0.756048
f 1312/4917 1314/4918 1313/4919
vt 0.695538 0.771442
vt 0.728531 0.756048
vt 0.740883 0.771442
f 1312/4920 1313/4921 1315/4922
vt 0.081901 0.771442
vt 0.036555 0.771442
vt 0.048907 0.756048
f 1316/4923 1318/4924 1317/4925
vt 0.081901 0.771442
vt 0.048907 0.756048
vt 0.081901 0.746947
f 1316/4926 1317/4927 1319/4928
vt 0.081900 0.943051
vt 0.081900 0.967545
vt 0.048907 0.958445
f 1320/4929 1322/4930 1321/4931
vt 0.081900 0.943051
vt 0.048907 0.958445
vt 0.036555 0.943051
f 1320/4932 1321/4933 1323/4934
vt 0.695537 0.746947
vt 0.740883 0.771442
vt 0.728531 0.756048
f 1324/4935 1326/4936 1325/4937
vt 0.048907 0.958445
vt 0.036555 0.771442
vt 0.036555 0.943051
f 1327/4938 1329/4939 1328/4940
vt 0.081901 0.746947
vt 0.036555 0.771442
vt 0.048907 0.756048
f 1330/4941 1332/4942 1331/4943
vt 0.036555 0.771442
vt 0.048907 0.958445
vt 0.036555 0.943051
f 1332/4944 1334/4945 1333/4946
vt 0.081901 0.771442
vt 0.081901 0.746947
vt 0.695538 0.746947
vt 0.695538 0.771442
f 1316/4947 1319/4948 1314/4949 1312/4950
vt 0.695538 0.771442
vt 0.695538 0.943051
vt 0.081900 0.943051
vt 0.081901 0.771442
f 1312/4951 1308/4952 1320/4953 1316/4954
vt 0.695538 0.943051
vt 0.695538 0.967545
vt 0.081900 0.967545
vt 0.081900 0.943051
f 1308/4955 1311/4956 1322/4957 1320/4958
vt 0.036555 0.943051
vt 0.036555 0.771442
vt 0.081901 0.771442
vt 0.081900 0.943051
f 1323/4959 1318/4960 1316/4961 1320/4962
vt 0.695538 0.943051
vt 0.695538 0.771442
vt 0.740883 0.771442
vt 0.740883 0.943051
f 1308/4963 1312/4964 1315/4965 1310/4966
vt 0.048907 0.958445
vt 0.740883 0.771442
vt 0.695537 0.746947
vt 0.081901 0.746947
f 1327/4967 1326/4968 1324/4969 1337/4970
vt 0.740883 0.771442
vt 0.048907 0.958445
vt 0.081900 0.967545
vt 0.695537 0.967545
f 1326/4971 1327/4972 1335/4973 1339/4974
vt 0.036555 0.771442
vt 0.048907 0.958445
vt 0.081901 0.746947
vt 0.048907 0.756048
f 1329/4975 1327/4976 1337/4977 1338/4978
vt 0.695537 0.746947
vt 0.048907 0.958445
vt 0.036555 0.771442
vt 0.081901 0.746947
f 1341/4979 1334/4980 1332/4981 1330/4982
vt 0.740883 0.943051
vt 0.740883 0.771442
vt 0.695537 0.967545
vt 0.728531 0.958445
f 1336/4983 1326/4984 1339/4985 1340/4986
vt 0.695537 0.746947
vt 0.728531 0.756048
vt 0.740883 0.771442
vt 0.740883 0.943051
f 1341/4987 1342/4988 1346/4989 1345/4990
vt 0.081900 0.967545
vt 0.048907 0.958445
vt 0.695537 0.746947
vt 0.740883 0.943051
f 1347/4991 1334/4992 1341/4993 1345/4994
vt 0.081900 0.967545
vt 0.740883 0.943051
vt 0.728531 0.958445
vt 0.695537 0.967545
f 1347/4995 1345/4996 1343/4997 1344/4998
vt 0.740883 0.771442
vt 0.695538 0.771442
vt 0.695538 0.943051
vt 0.740883 0.943051
f 1356/4999 1359/5000 1363/5001 1361/5002
vt 0.036555 0.943051
vt 0.081900 0.943051
vt 0.081901 0.771442
vt 0.036555 0.771442
f 1348/5003 1351/5004 1355/5005 1353/5006
vt 0.081900 0.967545
vt 0.695538 0.967545
vt 0.695538 0.943051
vt 0.081900 0.943051
f 1349/5007 1360/5008 1363/5009 1351/5010
vt 0.081900 0.943051
vt 0.695538 0.943051
vt 0.695538 0.771442
vt 0.081901 0.771442
f 1351/5011 1363/5012 1359/5013 1355/5014
vt 0.081901 0.771442
vt 0.695538 0.771442
vt 0.695538 0.746947
vt 0.081901 0.746947
f 1355/5015 1359/5016 1357/5017 1352/5018
vt 0.081900 0.943051
vt 0.036555 0.943051
vt 0.048907 0.958445
f 1351/5019 1348/5020 1350/5021
vt 0.081900 0.943051
vt 0.048907 0.958445
vt 0.081900 0.967545
f 1351/5022 1350/5023 1349/5024
vt 0.081901 0.771442
vt 0.081901 0.746947
vt 0.048907 0.756048
f 1355/5025 1352/5026 1354/5027
vt 0.081901 0.771442
vt 0.048907 0.756048
vt 0.036555 0.771442
f 1355/5028 1354/5029 1353/5030
vt 0.695538 0.771442
vt 0.740883 0.771442
vt 0.728531 0.756048
f 1359/5031 1356/5032 1358/5033
vt 0.695538 0.771442
vt 0.728531 0.756048
vt 0.695538 0.746947
f 1359/5034 1358/5035 1357/5036
vt 0.695538 0.943051
vt 0.695538 0.967545
vt 0.728531 0.958445
f 1363/5037 1360/5038 1362/5039
vt 0.695538 0.943051
vt 0.728531 0.958445
vt 0.740883 0.943051
f 1363/5040 1362/5041 1361/5042
o Light_front
v -1.723756 0.609479 0.603572
v -1.723756 0.609479 -0.603572
v -1.723756 0.609479 0.477488
v -1.723756 0.609479 -0.477488
v -1.723756 0.713296 0.603572
v -1.723756 0.713296 -0.603572
v -1.723756 0.713296 0.477488
v -1.723756 0.713296 -0.477488
usemtl mat0
vt 0.610274 0.651982
vt 0.610274 0.674438
vt 0.568619 0.674438
vt 0.568619 0.651982
f 1364/5043 1368/5044 1370/5045 1366/5046
vt 0.568619 0.674438
vt 0.610274 0.674438
vt 0.610274 0.651982
vt 0.568619 0.651982
f 1371/5047 1369/5048 1365/5049 1367/5050
o Light_rear
v 1.649321 0.616932 0.693235
v 1.649321 0.616932 -0.693235
v 1.649321 0.616932 0.463573
v 1.649321 0.616932 -0.463573
v 1.714547 0.616932 0.463573
v 1.714547 0.616932 -0.463573
v 1.714547 0.616932 0.693235
v 1.714547 0.616932 -0.693235
v 1.649321 0.713605 0.693235
v 1.649321 0.713605 -0.693235
v 1.649321 0.713605 0.463573
v 1.649321 0.713605 -0.463573
v 1.714547 0.713605 0.463573
v 1.714547 0.713605 -0.463573
v 1.714547 0.713605 0.693235
v 1.714547 0.713605 -0.693235
usemtl mat0
vt 0.210798 0.540506
vt 0.105393 0.540506
vt 0.105393 0.540506
vt 0.210798 0.540506
f 1372/5051 1374/5052 1376/5053 1378/5054
vt 0.105393 0.540506
vt 0.105393 0.540506
vt 0.210798 0.540506
vt 0.210798 0.540506
f 1377/5055 1375/5056 1373/5057 1379/5058
vt 0.210798 0.560683
vt 0.210798 0.560683
vt 0.105393 0.560683
vt 0.105393 0.560683
f 1380/5059 1386/5060 1384/5061 1382/5062
vt 0.105393 0.560683
vt 0.210798 0.560683
vt 0.210798 0.560683
vt 0.105393 0.560683
f 1385/5063 1387/5064 1381/5065 1383/5066
vt 0.105393 0.540506
vt 0.105393 0.560683
vt 0.105393 0.560683
vt 0.105393 0.540506
f 1374/5067 1382/5068 1384/5069 1376/5070
vt 0.105393 0.560683
vt 0.105393 0.560683
vt 0.105393 0.540506
vt 0.105393 0.540506
f 1385/5071 1383/5072 1375/5073 1377/5074
vt 0.105393 0.540506
vt 0.105393 0.560683
vt 0.210798 0.560683
vt 0.210798 0.540506
f 1376/5075 1384/5076 1386/5077 1378/5078
vt 0.210798 0.560683
vt 0.105393 0.560683
vt 0.105393 0.540506
vt 0.210798 0.540506
f 1387/5079 1385/5080 1377/5081 1379/5082
vt 0.210798 0.560683
vt 0.210798 0.540506
vt 0.210798 0.540506
vt 0.210798 0.560683
f 1380/5083 1372/5084 1378/5085 1386/5086
vt 0.210798 0.540506
vt 0.210798 0.540506
vt 0.210798 0.560683
vt 0.210798 0.560683
f 1379/5087 1373/5088 1381/5089 1387/5090
o Light_rear_top
v -0.500083 1.949901 0.650805
v -0.500083 1.949901 -0.650805
v -0.500083 1.949901 0.421143
v -0.500083 1.949901 -0.421143
v -0.434857 1.949901 0.421143
v -0.434857 1.949901 -0.421143
v -0.434857 1.949901 0.650805
v -0.434857 1.949901 -0.650805
v -0.500083 2.0465729 0.650805
v -0.500083 2.0465729 -0.650805
v -0.500082 2.0465729 0.421143
v -0.500082 2.0465729 -0.421143
v -0.434857 2.0465729 0.421143
v -0.434857 2.0465729 -0.421143
v -0.434857 2.0465729 0.650805
v -0.434857 2.0465729 -0.650805
usemtl mat0
vt 0.210798 0.540506
vt 0.105393 0.540506
vt 0.105393 0.540506
vt 0.210798 0.540506
f 1388/5091 1390/5092 1392/5093 1394/5094
vt 0.105393 0.540506
vt 0.105393 0.540506
vt 0.210798 0.540506
vt 0.210798 0.540506
f 1393/5095 1391/5096 1389/5097 1395/5098
vt 0.210798 0.560683
vt 0.210798 0.560683
vt 0.105393 0.560683
vt 0.105393 0.560683
f 1396/5099 1402/5100 1400/5101 1398/5102
vt 0.105393 0.560683
vt 0.210798 0.560683
vt 0.210798 0.560683
vt 0.105393 0.560683
f 1401/5103 1403/5104 1397/5105 1399/5106
vt 0.105393 0.540506
vt 0.105393 0.560683
vt 0.105393 0.560683
vt 0.105393 0.540506
f 1390/5107 1398/5108 1400/5109 1392/5110
vt 0.105393 0.560683
vt 0.105393 0.560683
vt 0.105393 0.540506
vt 0.105393 0.540506
f 1401/5111 1399/5112 1391/5113 1393/5114
vt 0.105393 0.540506
vt 0.105393 0.560683
vt 0.210798 0.560683
vt 0.210798 0.540506
f 1392/5115 1400/5116 1402/5117 1394/5118
vt 0.210798 0.560683
vt 0.105393 0.560683
vt 0.105393 0.540506
vt 0.210798 0.540506
f 1403/5119 1401/5120 1393/5121 1395/5122
vt 0.210798 0.560683
vt 0.210798 0.540506
vt 0.210798 0.540506
vt 0.210798 0.560683
f 1396/5123 1388/5124 1394/5125 1402/5126
vt 0.210798 0.540506
vt 0.210798 0.540506
vt 0.210798 0.560683
vt 0.210798 0.560683
f 1395/5127 1389/5128 1397/5129 1403/5130
o Light_signal_fr
v -1.723756 0.506857 0.603572
v -1.723756 0.506857 -0.603572
v -1.723756 0.506857 0.477488
v -1.723756 0.506857 -0.477488
v -1.723756 0.579275 0.603572
v -1.723756 0.579275 -0.603572
v -1.723756 0.579275 0.477488
v -1.723756 0.579275 -0.477488
usemtl mat0
vt 0.610274 0.630172
vt 0.610274 0.644974
vt 0.568619 0.644974
vt 0.568619 0.630172
f 1404/5131 1408/5132 1410/5133 1406/5134
vt 0.568619 0.644974
vt 0.610274 0.644974
vt 0.610274 0.630172
vt 0.568619 0.630172
f 1411/5135 1409/5136 1405/5137 1407/5138
