mtllib fuel-truck.mtl
o back
v -0.017450399999999533 0.9647569 -0.8630059999999999
v -0.017179499999999237 0.9647569 -0.5003469
v -0.031808899999999696 0.9647569 -0.5003435
v -0.03207160000000009 0.9647569 -0.8629994
v -0.017450399999999533 1.2374586 -0.8630059999999999
v -0.017179499999999237 1.2374586 -0.5003469
v -0.031808899999999696 1.2374586 -0.5003435
v -0.03207160000000009 1.2374586 -0.8629994
v -7.322754699999999 1.1361661 -1.1717579
v -7.3210201999999995 1.1361661 1.1716442999999999
v -7.1063848 0.919795 -1.1719166
v -7.1046508 0.919795 1.1714878
v -7.1063762 0.919795 -1.1584332000000002
v -7.1046596 0.919795 1.1580032999999998
v -7.3227462999999995 1.1361661 -1.1582743000000002
v -7.321028699999999 1.1361661 1.1581598
v -7.1063848 1.3525373 -1.1719166
v -7.1046508 1.3525373 1.1714878
v -6.890023299999999 1.1361661 -1.1720779000000001
v -6.8882785 1.1361661 1.1713228
v -6.890005199999999 1.1361661 -1.1585937000000002
v -6.8882957 1.1361661 1.1578354
v -7.1063762 1.3525373 -1.1584332000000002
v -7.1046596 1.3525373 1.1580032999999998
v -9.0143629 1.0251766 -0.6451507
v -9.0145221 0.8088073 -0.8615135
v -9.0010376 0.8088073 -0.8615227
v -9.0008784 1.0251766 -0.6451591
v -9.0145221 1.2415479 -0.8615135
v -9.0146871 1.0251766 -1.077884
v -9.0012026 1.0251766 -1.0778932
v -9.0010376 1.2415479 -0.8615227
v -9.013656699999999 0.9050563 1.0766949
v -9.013926999999999 0.9050563 0.7140356
v -8.9993053 0.9050563 0.7140289
v -8.9990344 0.9050563 1.0766879999999999
v -9.013656699999999 1.177758 1.0766949
v -9.013926999999999 1.177758 0.7140356
v -8.9993053 1.177758 0.7140289
v -8.9990344 1.177758 1.0766879999999999
v -9.035605 2.9990194999999997 0.2866571
v -9.036027 2.9990194999999997 -0.2842234
v -5.8182108999999995 2.9990194999999997 -0.2866091
v -5.8177883999999995 2.9990194999999997 0.2842713
v -9.035605 3.0432447999999996 0.2866571
v -9.036027 3.0432447999999996 -0.2842234
v -5.8182108999999995 3.0432447999999996 -0.2866091
v -5.8177872 3.0432447999999996 0.2842678
v -7.405896199999999 2.9603303999999997 0.2772755
v -7.406305099999999 2.9603303999999997 -0.27726459999999997
v -7.310304199999999 2.9603303999999997 -0.2773356
v -7.3098965 2.9603303999999997 0.27720880000000003
v -7.405896199999999 3.0038456 0.2772755
v -7.406305099999999 3.0038456 -0.27726459999999997
v -7.310304199999999 3.0038456 -0.2773356
v -7.3098965 3.0038456 0.27720880000000003
v -5.8276086 3.0038456 0.2761111
v -5.828024399999999 3.0038456 -0.27843629999999997
v -5.9240258 3.0038456 -0.2783645
v -5.9236094999999995 3.0038456 0.276182
v -5.8276086 2.9603303999999997 0.2761111
v -5.828024399999999 2.9603303999999997 -0.27843629999999997
v -5.9240258 2.9603303999999997 -0.2783645
v -5.9236094999999995 2.9603303999999997 0.276182
v -8.9353056 2.9603303999999997 0.2784087
v -8.935712899999999 2.9603303999999997 -0.2761355
v -8.8397131 2.9603303999999997 -0.2762022
v -8.8393064 2.9603303999999997 0.2783422
v -8.9353056 3.0038456 0.2784087
v -8.935712899999999 3.0038456 -0.2761355
v -8.8397131 3.0038456 -0.2762022
v -8.8393064 3.0038456 0.2783422
v -3.5442622999999998 0.5946775000000001 -1.2403681000000002
v -3.5424258999999996 0.5946766 1.2346499
v -2.1675644 0.5946775000000001 -1.2413862
v -2.1657328999999996 0.5946766 1.2336345
v -2.1675644 2.5530035 -1.2413862
v -2.1657328999999996 2.5530035 1.2336345
v -3.5442622999999998 2.5530035 -1.2403681000000002
v -3.5424258999999996 2.5530035 1.2346499
v -3.5442441999999996 2.5530035 -1.2131217
v -3.5424494999999996 2.5530035 1.2074109999999998
v -2.1675405999999997 2.5530035 -1.2141474
v -2.1657547999999998 2.5530035 1.2063914999999998
v -2.1675522999999997 0.5946775000000001 -1.214142
v -2.1657547999999998 0.5946766 1.2063914999999998
v -3.5442441999999996 0.5946775000000001 -1.2131217
v -3.5424494999999996 0.5946766 1.2074109999999998
v -3.7732973999999997 1.2692007 1.0366765
v -3.7347702 1.1887042 0.8524873000000001
v -3.6911544999999997 1.1450633000000001 0.29193600000000003
v -3.6915894999999996 1.1450633000000001 -0.29742999999999997
v -3.7360378999999995 1.1887042 -0.8579162
v -3.7748379999999995 1.2692007 -1.0420516000000002
v -3.8179046999999997 1.3793545 -1.1690879
v -3.8735592999999997 1.5527318 -1.2270742000000001
v -3.8735592999999997 2.5549806999999998 -1.2270742000000001
v -3.8179046999999997 2.7283489 -1.1690879
v -3.7748370999999996 2.8385116 -1.0420514
v -3.7360378999999995 2.9190082 -0.8579162
v -3.6915897999999996 2.962649 -0.2974263
v -3.6911536 2.96264 0.2919363
v -3.7347699999999997 2.9190082 0.8524893
v -3.7732981 2.8385116 1.0366783
v -3.8161756999999996 2.7283489 1.1637734
v -3.8717466999999997 2.5549716 1.2218426999999998
v -3.8717466999999997 1.5527228 1.2218426999999998
v -3.8161756999999996 1.3793545 1.1637734
v -8.8693824 1.2691918 1.0404532
v -8.9081784 1.1887042 0.8563185
v -8.9526277 1.1450633000000001 0.2958302
v -8.9530669 1.1450633000000001 -0.2935379
v -8.909446299999999 1.1887042 -0.8540819
v -8.8709193 1.2692007 -1.0382733000000002
v -8.8280449 1.3793636 -1.1653728
v -8.7724715 1.5527408 -1.2234401000000001
v -8.7724715 2.5549895 -1.2234401000000001
v -8.8280459 2.7283489 -1.1653709
v -8.8709221 2.8385116 -1.0382657000000002
v -8.909449599999999 2.9190082 -0.8540736
v -8.9530616 2.962649 -0.29352649999999997
v -8.952622 2.96264 0.2958419
v -8.9081817 2.9190082 0.8563271
v -8.8693824 2.8385116 1.0404532
v -8.8263083 2.7283397999999996 1.1674916999999998
v -8.770655699999999 2.5549716 1.2254772999999999
v -8.770655699999999 1.5527138 1.2254772999999999
v -8.826316899999998 1.3793545 1.1674886
v -2.0945987999999995 0.5189629 -1.2776021000000002
v -2.0927057999999996 0.5189638000000001 1.269736
v -2.0943179999999995 2.9451514999999997 -0.8999095
v -2.0929880999999995 2.9451514999999997 0.8920477
v -3.6172888999999997 0.5189629 -1.2764667
v -3.6154005 0.5189638000000001 1.2708623
v -3.6170033999999998 2.9451514999999997 -0.8987819
v -3.6156797999999997 2.9451514999999997 0.8931741
v -2.0945987999999995 2.628719 -1.2776021000000002
v -2.0927057999999996 2.628719 1.269736
v -3.6172853999999997 2.628719 -1.2764655
v -3.6154005 2.628719 1.2708623
v -2.0945634999999996 2.7522092999999996 -1.2318582
v -2.0944671999999995 2.8757086999999997 -1.0986835000000001
v -2.0927417999999998 2.7522092999999996 1.2239947999999998
v -2.0928389999999997 2.8757086999999997 1.0908236999999998
v -3.6172498999999996 2.7522092999999996 -1.2307309000000002
v -3.6171526999999997 2.8757086999999997 -1.0975559000000001
v -3.6154352999999997 2.7522092999999996 1.2251185
v -3.6155338999999995 2.8757086999999997 1.0919497999999999
v -3.5442907999999997 2.5530035 -1.2765199
v -2.1675899 2.5530035 -1.2775466000000002
v -3.5442907999999997 0.5946775000000001 -1.2765199
v -2.1675927999999995 0.5946775000000001 -1.2775381000000001
v -3.5441594999999997 0.5946775000000001 -1.102554
v -2.1674606999999995 0.5946775000000001 -1.1035718
v -2.1674606999999995 2.5530035 -1.1035718
v -3.5441594999999997 2.5530035 -1.102554
v -2.1658365999999996 2.5530035 1.0954252
v -3.5425299999999997 2.5530035 1.0964412
v -3.5425299999999997 0.5946766 1.0964412
v -2.1658365999999996 0.5946766 1.0954252
v -3.5423985999999994 0.5946766 1.2704091
v -2.1657044999999995 0.5946766 1.2693914
v -3.5423985999999994 2.5530035 1.2704091
v -2.1657044999999995 2.5530035 1.2693914
usemtl mat0
vt 0.761167 0.167441
vt 0.678847 0.167441
vt 0.678847 0.167441
vt 0.761167 0.167441
f 1/1 2/2 3/3 4/4
vt 0.761167 0.229342
vt 0.761167 0.229342
vt 0.678847 0.229342
vt 0.678847 0.229342
f 5/5 8/6 7/7 6/8
vt 0.761167 0.167441
vt 0.761167 0.229342
vt 0.678847 0.229342
vt 0.678847 0.167441
f 1/9 5/10 6/11 2/12
vt 0.678847 0.167441
vt 0.678847 0.229342
vt 0.678847 0.229342
vt 0.678847 0.167441
f 2/13 6/14 7/15 3/16
vt 0.845236 0.233631
vt 0.845236 0.249752
vt 0.823798 0.249752
vt 0.823798 0.233631
f 3/17 7/18 8/19 4/20
vt 0.761167 0.229342
vt 0.761167 0.167441
vt 0.761167 0.167441
vt 0.761167 0.229342
f 5/21 1/22 4/23 8/24
vt 0.674307 0.167474
vt 0.612110 0.167474
vt 0.612110 0.167474
vt 0.674307 0.167474
f 9/25 11/26 13/27 15/28
vt 0.612110 0.167474
vt 0.612110 0.167474
vt 0.674307 0.167474
vt 0.674307 0.167474
f 14/29 12/30 10/31 16/32
vt 0.674307 0.229670
vt 0.674307 0.229670
vt 0.612110 0.229670
vt 0.612110 0.229670
f 17/33 23/34 21/35 19/36
vt 0.612110 0.229670
vt 0.674307 0.229670
vt 0.674307 0.229670
vt 0.612110 0.229670
f 22/37 24/38 18/39 20/40
vt 0.674307 0.167474
vt 0.674307 0.229670
vt 0.612110 0.229670
vt 0.612110 0.167474
f 9/41 17/42 19/43 11/44
vt 0.612110 0.229670
vt 0.674307 0.229670
vt 0.674307 0.167474
vt 0.612110 0.167474
f 20/45 18/46 10/47 12/48
vt 0.612110 0.167474
vt 0.612110 0.229670
vt 0.612110 0.229670
vt 0.612110 0.167474
f 11/49 19/50 21/51 13/52
vt 0.612110 0.229670
vt 0.612110 0.229670
vt 0.612110 0.167474
vt 0.612110 0.167474
f 22/53 20/54 12/55 14/56
vt 0.612110 0.167474
vt 0.612110 0.229670
vt 0.674307 0.229670
vt 0.674307 0.167474
f 13/57 21/58 23/59 15/60
vt 0.674307 0.229670
vt 0.612110 0.229670
vt 0.612110 0.167474
vt 0.674307 0.167474
f 24/61 22/62 14/63 16/64
vt 0.674307 0.229670
vt 0.674307 0.167474
vt 0.674307 0.167474
vt 0.674307 0.229670
f 17/65 9/66 15/67 23/68
vt 0.674307 0.167474
vt 0.674307 0.167474
vt 0.674307 0.229670
vt 0.674307 0.229670
f 16/69 10/70 18/71 24/72
vt 0.674307 0.167474
vt 0.612110 0.167474
vt 0.612110 0.167474
vt 0.674307 0.167474
f 25/73 26/74 27/75 28/76
vt 0.674307 0.229670
vt 0.674307 0.229670
vt 0.612110 0.229670
vt 0.612110 0.229670
f 29/77 32/78 31/79 30/80
vt 0.674307 0.167474
vt 0.674307 0.229670
vt 0.612110 0.229670
vt 0.612110 0.167474
f 25/81 29/82 30/83 26/84
vt 0.612110 0.167474
vt 0.612110 0.229670
vt 0.612110 0.229670
vt 0.612110 0.167474
f 26/85 30/86 31/87 27/88
vt 0.612110 0.167474
vt 0.612110 0.229670
vt 0.674307 0.229670
vt 0.674307 0.167474
f 27/89 31/90 32/91 28/92
vt 0.674307 0.229670
vt 0.674307 0.167474
vt 0.674307 0.167474
vt 0.674307 0.229670
f 29/93 25/94 28/95 32/96
vt 0.761167 0.167441
vt 0.678847 0.167441
vt 0.678847 0.167441
vt 0.761167 0.167441
f 33/97 34/98 35/99 36/100
vt 0.761167 0.229342
vt 0.761167 0.229342
vt 0.678847 0.229342
vt 0.678847 0.229342
f 37/101 40/102 39/103 38/104
vt 0.761167 0.167441
vt 0.761167 0.229342
vt 0.678847 0.229342
vt 0.678847 0.167441
f 33/105 37/106 38/107 34/108
vt 0.678847 0.167441
vt 0.678847 0.229342
vt 0.678847 0.229342
vt 0.678847 0.167441
f 34/109 38/110 39/111 35/112
vt 0.876535 0.249434
vt 0.876535 0.233002
vt 0.854682 0.233002
vt 0.854682 0.249434
f 35/113 39/114 40/115 36/116
vt 0.761167 0.229342
vt 0.761167 0.167441
vt 0.761167 0.167441
vt 0.761167 0.229342
f 37/117 33/118 36/119 40/120
vt 0.996809 0.645528
vt 0.996809 0.601440
vt 0.737211 0.601440
vt 0.737211 0.645528
f 41/121 42/122 43/123 44/124
vt 0.996809 0.645528
vt 0.737211 0.645528
vt 0.737211 0.601440
vt 0.996808 0.601440
f 45/125 48/126 47/127 46/128
vt 0.996809 0.645528
vt 0.996809 0.645528
vt 0.996808 0.601440
vt 0.996809 0.601440
f 41/129 45/130 46/131 42/132
vt 0.996809 0.601440
vt 0.996808 0.601440
vt 0.737211 0.601440
vt 0.737211 0.601440
f 42/133 46/134 47/135 43/136
vt 0.737211 0.601440
vt 0.737211 0.601440
vt 0.737211 0.645528
vt 0.737211 0.645528
f 43/137 47/138 48/139 44/140
vt 0.996809 0.645528
vt 0.996809 0.645528
vt 0.737211 0.645528
vt 0.737211 0.645528
f 45/141 41/142 44/143 48/144
vt 0.846785 0.600545
vt 0.846785 0.604709
vt 0.793726 0.604709
vt 0.793726 0.600545
f 49/145 53/146 54/147 50/148
vt 0.869444 0.600813
vt 0.869444 0.604280
vt 0.861797 0.604280
vt 0.861797 0.600813
f 50/149 54/150 55/151 51/152
vt 0.793726 0.600545
vt 0.793726 0.604709
vt 0.846785 0.604709
vt 0.846785 0.600545
f 51/153 55/154 56/155 52/156
vt 0.869444 0.604280
vt 0.869444 0.600813
vt 0.861797 0.600813
vt 0.861797 0.604280
f 53/157 49/158 52/159 56/160
vt 0.751372 0.604280
vt 0.751372 0.600813
vt 0.743725 0.600813
vt 0.743725 0.604280
f 60/161 64/162 61/163 57/164
vt 0.793726 0.600545
vt 0.793726 0.604709
vt 0.846785 0.604709
vt 0.846785 0.600545
f 62/165 58/166 57/167 61/168
vt 0.751372 0.600813
vt 0.751372 0.604280
vt 0.743725 0.604280
vt 0.743725 0.600813
f 63/169 59/170 58/171 62/172
vt 0.846785 0.600545
vt 0.846785 0.604709
vt 0.793726 0.604709
vt 0.793726 0.600545
f 64/173 60/174 59/175 63/176
vt 0.846785 0.600545
vt 0.846785 0.604709
vt 0.793726 0.604709
vt 0.793726 0.600545
f 65/177 69/178 70/179 66/180
vt 0.991270 0.600813
vt 0.991270 0.604280
vt 0.983623 0.604280
vt 0.983623 0.600813
f 66/181 70/182 71/183 67/184
vt 0.793726 0.600545
vt 0.793726 0.604709
vt 0.846785 0.604709
vt 0.846785 0.600545
f 67/185 71/186 72/187 68/188
vt 0.991270 0.604280
vt 0.991270 0.600813
vt 0.983623 0.600813
vt 0.983623 0.604280
f 69/189 65/190 68/191 72/192
vt 0.993489 0.011881
vt 0.993489 0.217937
vt 0.848632 0.217937
vt 0.848632 0.011881
f 73/193 79/194 77/195 75/196
vt 0.848632 0.217937
vt 0.993489 0.217937
vt 0.993489 0.011881
vt 0.848632 0.011881
f 78/197 80/198 74/199 76/200
vt 0.848632 0.217937
vt 0.848632 0.011881
vt 0.993489 0.011881
vt 0.993489 0.217937
f 77/201 79/202 81/203 83/204
vt 0.993489 0.011881
vt 0.848632 0.011881
vt 0.848632 0.217937
vt 0.993489 0.217937
f 82/205 80/206 78/207 84/208
vt 0.848632 0.217937
vt 0.848632 0.011881
vt 0.993489 0.011881
vt 0.993489 0.217937
f 79/209 73/210 87/211 81/212
vt 0.993489 0.011881
vt 0.848632 0.011881
vt 0.848632 0.217937
vt 0.993489 0.217937
f 88/213 74/214 80/215 82/216
vt 0.848632 0.217937
vt 0.848632 0.011881
vt 0.993489 0.011881
vt 0.993489 0.217937
f 75/217 77/218 83/219 85/220
vt 0.993489 0.011881
vt 0.848632 0.011881
vt 0.848632 0.217937
vt 0.993489 0.217937
f 84/221 78/222 76/223 86/224
vt 0.848632 0.217937
vt 0.848632 0.011881
vt 0.993489 0.011881
vt 0.993489 0.217937
f 73/225 75/226 85/227 87/228
vt 0.993489 0.011881
vt 0.848632 0.011881
vt 0.848632 0.217937
vt 0.993489 0.217937
f 86/229 76/230 74/231 88/232
vt 0.848632 0.217937
vt 0.848632 0.011881
vt 0.993489 0.011881
vt 0.993489 0.217937
f 87/233 85/234 83/235 81/236
vt 0.993489 0.011881
vt 0.848632 0.011881
vt 0.848632 0.217937
vt 0.993489 0.217937
f 84/237 86/238 88/239 82/240
vt 0.018318 0.768522
vt 0.720706 0.768522
vt 0.726035 0.743139
vt 0.012989 0.743139
f 89/241 109/242 110/243 90/244
vt 0.012989 0.743139
vt 0.726035 0.743139
vt 0.732104 0.665883
vt 0.006920 0.665883
f 90/245 110/246 111/247 91/248
vt 0.006920 0.665883
vt 0.732104 0.665883
vt 0.732104 0.584651
vt 0.006920 0.584652
f 91/249 111/250 112/251 92/252
vt 0.006920 0.584652
vt 0.732104 0.584651
vt 0.726035 0.507395
vt 0.012989 0.507396
f 92/253 112/254 113/255 93/256
vt 0.012989 0.507396
vt 0.726035 0.507395
vt 0.720706 0.482013
vt 0.018318 0.482013
f 93/257 113/258 114/259 94/260
vt 0.018575 0.265377
vt 0.720499 0.265377
vt 0.714579 0.280551
vt 0.024494 0.280551
f 94/261 114/262 115/263 95/264
vt 0.024494 0.280551
vt 0.714579 0.280551
vt 0.706919 0.304431
vt 0.032154 0.304430
f 95/265 115/266 116/267 96/268
vt 0.032154 0.304430
vt 0.706919 0.304431
vt 0.706919 0.442479
vt 0.032154 0.442478
f 96/269 116/270 117/271 97/272
vt 0.032154 0.442478
vt 0.706919 0.442479
vt 0.714579 0.466358
vt 0.024494 0.466357
f 97/273 117/274 118/275 98/276
vt 0.024494 0.466357
vt 0.714579 0.466358
vt 0.720499 0.481531
vt 0.018575 0.481531
f 98/277 118/278 119/279 99/280
vt 0.018318 0.482013
vt 0.720706 0.482014
vt 0.726035 0.507397
vt 0.012989 0.507396
f 99/281 119/282 120/283 100/284
vt 0.012989 0.507396
vt 0.726035 0.507397
vt 0.732104 0.584653
vt 0.006920 0.584652
f 100/285 120/286 121/287 101/288
vt 0.006920 0.584652
vt 0.732104 0.584653
vt 0.732104 0.665884
vt 0.006920 0.665884
f 101/289 121/290 122/291 102/292
vt 0.006920 0.665884
vt 0.732104 0.665884
vt 0.726035 0.743140
vt 0.012989 0.743139
f 102/293 122/294 123/295 103/296
vt 0.012989 0.743139
vt 0.726035 0.743140
vt 0.720706 0.768522
vt 0.018318 0.768522
f 103/297 123/298 124/299 104/300
vt 0.017857 0.768276
vt 0.716923 0.768276
vt 0.711028 0.783388
vt 0.023752 0.783388
f 104/301 124/302 125/303 105/304
vt 0.023752 0.783388
vt 0.711028 0.783388
vt 0.703400 0.807172
vt 0.031381 0.807171
f 105/305 125/306 126/307 106/308
vt 0.031381 0.807171
vt 0.703400 0.807172
vt 0.703400 0.944658
vt 0.031381 0.944656
f 106/309 126/310 127/311 107/312
vt 0.031381 0.944656
vt 0.703400 0.944658
vt 0.711028 0.968439
vt 0.023752 0.968439
f 107/313 127/314 128/315 108/316
vt 0.716923 0.983550
vt 0.017857 0.983550
vt 0.023752 0.968439
vt 0.711028 0.968439
f 109/317 89/318 108/319 128/320
vt 0.990964 0.470183
vt 0.990964 0.389235
vt 0.741325 0.389236
vt 0.741325 0.470183
f 91/321 92/322 101/323 102/324
vt 0.990964 0.389235
vt 0.984970 0.312250
vt 0.747319 0.312250
vt 0.741325 0.389236
f 92/325 93/326 100/327 101/328
vt 0.984970 0.312250
vt 0.973914 0.286956
vt 0.758374 0.286956
vt 0.747319 0.312250
f 93/329 94/330 99/331 100/332
vt 0.973914 0.286956
vt 0.958784 0.269504
vt 0.773504 0.269504
vt 0.758374 0.286956
f 94/333 95/334 98/335 99/336
vt 0.958784 0.269504
vt 0.934972 0.261534
vt 0.797316 0.261534
vt 0.773504 0.269504
f 95/337 96/338 97/339 98/340
vt 0.984970 0.547168
vt 0.990964 0.470183
vt 0.741325 0.470183
vt 0.747319 0.547169
f 90/341 91/342 102/343 103/344
vt 0.973914 0.572462
vt 0.984970 0.547168
vt 0.747319 0.547169
vt 0.758374 0.572462
f 89/345 90/346 103/347 104/348
vt 0.958784 0.589914
vt 0.973914 0.572462
vt 0.758374 0.572462
vt 0.773505 0.589915
f 108/349 89/350 104/351 105/352
vt 0.773505 0.589915
vt 0.797317 0.597884
vt 0.934973 0.597884
vt 0.958784 0.589914
f 105/353 106/354 107/355 108/356
vt 0.990964 0.860548
vt 0.741325 0.860550
vt 0.741325 0.779603
vt 0.990964 0.779601
f 111/357 122/358 121/359 112/360
vt 0.984970 0.937534
vt 0.747319 0.937535
vt 0.741325 0.860550
vt 0.990964 0.860548
f 110/361 123/362 122/363 111/364
vt 0.973915 0.962828
vt 0.758375 0.962829
vt 0.747319 0.937535
vt 0.984970 0.937534
f 109/365 124/366 123/367 110/368
vt 0.758375 0.962829
vt 0.973915 0.962828
vt 0.958784 0.980280
vt 0.773505 0.980281
f 124/369 109/370 128/371 125/372
vt 0.773505 0.980281
vt 0.958784 0.980280
vt 0.934974 0.988250
vt 0.797318 0.988250
f 125/373 128/374 127/375 126/376
vt 0.990964 0.779601
vt 0.741325 0.779603
vt 0.747318 0.702617
vt 0.984970 0.702616
f 112/377 121/378 120/379 113/380
vt 0.984970 0.702616
vt 0.747318 0.702617
vt 0.758374 0.677323
vt 0.973914 0.677322
f 113/381 120/382 119/383 114/384
vt 0.973914 0.677322
vt 0.758374 0.677323
vt 0.773504 0.659870
vt 0.958783 0.659870
f 114/385 119/386 118/387 115/388
vt 0.958783 0.659870
vt 0.773504 0.659870
vt 0.797315 0.651900
vt 0.934971 0.651900
f 115/389 118/390 117/391 116/392
vt 0.337910 0.004202
vt 0.337910 0.163832
vt 0.604958 0.163832
vt 0.604957 0.004202
f 133/393 129/394 130/395 134/396
vt 0.799436 0.004027
vt 0.799436 0.163657
vt 0.611578 0.163657
vt 0.611578 0.004027
f 136/397 132/398 131/399 135/400
vt 0.337921 0.004437
vt 0.337921 0.225874
vt 0.605285 0.225874
vt 0.605285 0.004437
f 129/401 137/402 138/403 130/404
vt 0.605285 0.004437
vt 0.605285 0.225874
vt 0.337921 0.225874
vt 0.337921 0.004437
f 134/405 140/406 139/407 133/408
vt 0.337921 0.225874
vt 0.342721 0.238837
vt 0.600484 0.238837
vt 0.605285 0.225874
f 137/409 141/410 143/411 138/412
vt 0.342721 0.238837
vt 0.356699 0.251799
vt 0.586507 0.251799
vt 0.600484 0.238837
f 141/413 142/414 144/415 143/416
vt 0.356699 0.251799
vt 0.377562 0.257421
vt 0.565644 0.257421
vt 0.586507 0.251799
f 142/417 131/418 132/419 144/420
vt 0.163693 0.225662
vt 0.163693 0.238599
vt 0.004185 0.238599
vt 0.004185 0.225662
f 139/421 145/422 141/423 137/424
vt 0.163693 0.238599
vt 0.163693 0.251536
vt 0.004185 0.251536
vt 0.004185 0.238599
f 145/425 146/426 142/427 141/428
vt 0.163693 0.251536
vt 0.163693 0.257144
vt 0.004185 0.257144
vt 0.004185 0.251536
f 146/429 135/430 131/431 142/432
vt 0.329638 0.225662
vt 0.329638 0.238599
vt 0.170129 0.238599
vt 0.170129 0.225662
f 138/433 143/434 147/435 140/436
vt 0.329638 0.238599
vt 0.329638 0.251536
vt 0.170129 0.251536
vt 0.170129 0.238599
f 143/437 144/438 148/439 147/440
vt 0.329638 0.251536
vt 0.329638 0.257144
vt 0.170129 0.257144
vt 0.170129 0.251536
f 144/441 132/442 136/443 148/444
vt 0.605285 0.225874
vt 0.600484 0.238837
vt 0.342721 0.238837
vt 0.337921 0.225874
f 140/445 147/446 145/447 139/448
vt 0.600484 0.238837
vt 0.586507 0.251799
vt 0.356699 0.251799
vt 0.342721 0.238837
f 147/449 148/450 146/451 145/452
vt 0.586507 0.251799
vt 0.565644 0.257421
vt 0.377562 0.257421
vt 0.356699 0.251799
f 148/453 136/454 135/455 146/456
vt 0.004185 0.225662
vt 0.011831 0.217731
vt 0.156047 0.217731
vt 0.163693 0.225662
f 137/457 150/458 149/459 139/460
vt 0.004185 0.004656
vt 0.011831 0.012587
vt 0.011831 0.217731
vt 0.004185 0.225662
f 129/461 152/462 150/463 137/464
vt 0.004185 0.004656
vt 0.163693 0.004656
vt 0.156047 0.012587
vt 0.011831 0.012587
f 129/465 133/466 151/467 152/468
vt 0.163693 0.004656
vt 0.163693 0.225662
vt 0.156047 0.217731
vt 0.156047 0.012587
f 133/469 139/470 149/471 151/472
vt 0.011831 0.012587
vt 0.156047 0.012587
vt 0.156047 0.012587
vt 0.011831 0.012587
f 152/473 151/474 153/475 154/476
vt 0.011831 0.217731
vt 0.011831 0.012587
vt 0.011831 0.012587
vt 0.011831 0.217731
f 150/477 152/478 154/479 155/480
vt 0.156047 0.012587
vt 0.156047 0.217731
vt 0.156047 0.217731
vt 0.156047 0.012587
f 151/481 149/482 156/483 153/484
vt 0.156047 0.217731
vt 0.011831 0.217731
vt 0.011831 0.217731
vt 0.156047 0.217731
f 149/485 150/486 155/487 156/488
vt 0.011831 0.217731
vt 0.011831 0.012587
vt 0.156047 0.012587
vt 0.156047 0.217731
f 155/489 154/490 153/491 156/492
vt 0.177776 0.217731
vt 0.177776 0.012587
vt 0.321991 0.012587
vt 0.321991 0.217731
f 158/493 159/494 160/495 157/496
vt 0.321991 0.217731
vt 0.177776 0.217731
vt 0.177776 0.217731
vt 0.321991 0.217731
f 164/497 163/498 158/499 157/500
vt 0.321991 0.012587
vt 0.321991 0.217731
vt 0.321991 0.217731
vt 0.321991 0.012587
f 162/501 164/502 157/503 160/504
vt 0.177776 0.217731
vt 0.177776 0.012587
vt 0.177776 0.012587
vt 0.177776 0.217731
f 163/505 161/506 159/507 158/508
vt 0.177776 0.012587
vt 0.321991 0.012587
vt 0.321991 0.012587
vt 0.177776 0.012587
f 161/509 162/510 160/511 159/512
vt 0.329638 0.004656
vt 0.321991 0.012587
vt 0.177776 0.012587
vt 0.170129 0.004656
f 130/513 162/514 161/515 134/516
vt 0.329638 0.004656
vt 0.329638 0.225662
vt 0.321991 0.217731
vt 0.321991 0.012587
f 130/517 138/518 164/519 162/520
vt 0.329638 0.225662
vt 0.170129 0.225662
vt 0.177776 0.217731
vt 0.321991 0.217731
f 138/521 140/522 163/523 164/524
vt 0.170129 0.004656
vt 0.177776 0.012587
vt 0.177776 0.217731
vt 0.170129 0.225662
f 134/525 161/526 163/527 140/528
o drehlicht
v -1.3247384999999996 2.7593099 -0.0192423
v -1.3309297999999998 2.7593099 0.0350891
v -1.3706016999999995 2.7593099 0.07273819999999999
v -1.4251956999999997 2.7593099 0.0760815
v -1.4691650999999997 2.7593099 0.0435447
v -1.4819283999999997 2.7593099 -0.0096364
v -1.4575271999999995 2.7593099 -0.0585824
v -1.4073650999999998 2.7593099 -0.0803925
v -1.3549230999999997 2.7593099 -0.0648519
v -1.3247384999999996 2.9493745999999996 -0.0192423
v -1.3309297999999998 2.9493745999999996 0.0350891
v -1.3706016999999995 2.9493745999999996 0.07273819999999999
v -1.4251956999999997 2.9493745999999996 0.0760815
v -1.4691650999999997 2.9493745999999996 0.0435447
v -1.4819283999999997 2.9493745999999996 -0.0096364
v -1.4575271999999995 2.9493745999999996 -0.0585824
v -1.4073650999999998 2.9493745999999996 -0.0803925
v -1.3549230999999997 2.9493745999999996 -0.0648519
v -1.4024796999999998 2.9493745999999996 -0.0005829000000000001
v -1.4573271999999995 2.7812375 0.0430028
v -1.4767374999999996 2.7812375 0.0014578
v -1.4649016999999995 2.7812375 -0.0428534
v -1.4273509999999998 2.7812375 -0.069193
v -1.3816537999999996 2.7812375 -0.0652292
v -1.3492016999999996 2.7812375 -0.0328215
v -1.3451681999999998 2.7812375 0.012863799999999998
v -1.3714494999999998 2.7812375 0.0504571
v -1.4157457999999998 2.7812375 0.062357100000000006
v -1.4573271999999995 2.940622 0.0430028
v -1.4767374999999996 2.940622 0.0014578
v -1.4649016999999995 2.940622 -0.0428534
v -1.4273509999999998 2.940622 -0.069193
v -1.3816537999999996 2.940622 -0.0652292
v -1.3492016999999996 2.940622 -0.0328215
v -1.3451681999999998 2.940622 0.012863799999999998
v -1.3714494999999998 2.940622 0.0504571
v -1.4157457999999998 2.940622 0.062357100000000006
v -1.4099535999999997 2.940622 -0.0044374
usemtl mat0
vt 0.824395 0.060558
vt 0.841640 0.060558
vt 0.836635 0.060558
f 183/529 175/530 174/531
vt 0.824395 0.060558
vt 0.838575 0.060558
vt 0.841640 0.060558
f 183/532 176/533 175/534
vt 0.824395 0.060558
vt 0.828875 0.060558
vt 0.838575 0.060558
f 183/535 177/536 176/537
vt 0.824395 0.060558
vt 0.817079 0.060558
vt 0.828875 0.060558
f 183/538 178/539 177/540
vt 0.824395 0.060558
vt 0.808706 0.060558
vt 0.817079 0.060558
f 183/541 179/542 178/543
vt 0.824395 0.060558
vt 0.807674 0.060558
vt 0.808706 0.060558
f 183/544 180/545 179/546
vt 0.824395 0.060558
vt 0.814466 0.060558
vt 0.807674 0.060558
f 183/547 181/548 180/549
vt 0.824395 0.060558
vt 0.825903 0.060558
vt 0.814466 0.060558
f 183/550 182/551 181/552
vt 0.824395 0.060558
vt 0.836635 0.060558
vt 0.825903 0.060558
f 183/553 174/554 182/555
vt 0.836635 0.017854
vt 0.836635 0.060558
vt 0.841640 0.060558
vt 0.841640 0.017854
f 165/556 174/557 175/558 166/559
vt 0.841640 0.017854
vt 0.841640 0.060558
vt 0.838575 0.060558
vt 0.838575 0.017854
f 166/560 175/561 176/562 167/563
vt 0.838575 0.017854
vt 0.838575 0.060558
vt 0.828875 0.060558
vt 0.828875 0.017854
f 167/564 176/565 177/566 168/567
vt 0.828875 0.017854
vt 0.828875 0.060558
vt 0.817079 0.060558
vt 0.817079 0.017854
f 168/568 177/569 178/570 169/571
vt 0.817079 0.017854
vt 0.817079 0.060558
vt 0.808706 0.060558
vt 0.808706 0.017854
f 169/572 178/573 179/574 170/575
vt 0.808706 0.017854
vt 0.808706 0.060558
vt 0.807674 0.060558
vt 0.807674 0.017854
f 170/576 179/577 180/578 171/579
vt 0.807674 0.017854
vt 0.807674 0.060558
vt 0.814466 0.060558
vt 0.814466 0.017854
f 171/580 180/581 181/582 172/583
vt 0.814466 0.017854
vt 0.814466 0.060558
vt 0.825903 0.060558
vt 0.825903 0.017854
f 172/584 181/585 182/586 173/587
vt 0.836635 0.060558
vt 0.836635 0.017854
vt 0.825903 0.017854
vt 0.825903 0.060558
f 174/588 165/589 173/590 182/591
vt 0.824395 0.060558
vt 0.841640 0.060558
vt 0.836635 0.060558
f 202/592 194/593 193/594
vt 0.824395 0.060558
vt 0.838575 0.060558
vt 0.841640 0.060558
f 202/595 195/596 194/597
vt 0.824395 0.060558
vt 0.828875 0.060558
vt 0.838575 0.060558
f 202/598 196/599 195/600
vt 0.824395 0.060558
vt 0.817079 0.060558
vt 0.828875 0.060558
f 202/601 197/602 196/603
vt 0.824395 0.060558
vt 0.808706 0.060558
vt 0.817079 0.060558
f 202/604 198/605 197/606
vt 0.824395 0.060558
vt 0.807674 0.060558
vt 0.808706 0.060558
f 202/607 199/608 198/609
vt 0.824395 0.060558
vt 0.814466 0.060558
vt 0.807674 0.060558
f 202/610 200/611 199/612
vt 0.824395 0.060558
vt 0.825903 0.060558
vt 0.814466 0.060558
f 202/613 201/614 200/615
vt 0.824395 0.060558
vt 0.836635 0.060558
vt 0.825903 0.060558
f 202/616 193/617 201/618
vt 0.836635 0.017854
vt 0.836635 0.060558
vt 0.841640 0.060558
vt 0.841640 0.017854
f 184/619 193/620 194/621 185/622
vt 0.841640 0.017854
vt 0.841640 0.060558
vt 0.838575 0.060558
vt 0.838575 0.017854
f 185/623 194/624 195/625 186/626
vt 0.838575 0.017854
vt 0.838575 0.060558
vt 0.828875 0.060558
vt 0.828875 0.017854
f 186/627 195/628 196/629 187/630
vt 0.828875 0.017854
vt 0.828875 0.060558
vt 0.817079 0.060558
vt 0.817079 0.017854
f 187/631 196/632 197/633 188/634
vt 0.817079 0.017854
vt 0.817079 0.060558
vt 0.808706 0.060558
vt 0.808706 0.017854
f 188/635 197/636 198/637 189/638
vt 0.808706 0.017854
vt 0.808706 0.060558
vt 0.807674 0.060558
vt 0.807674 0.017854
f 189/639 198/640 199/641 190/642
vt 0.807674 0.017854
vt 0.807674 0.060558
vt 0.814466 0.060558
vt 0.814466 0.017854
f 190/643 199/644 200/645 191/646
vt 0.814466 0.017854
vt 0.814466 0.060558
vt 0.825903 0.060558
vt 0.825903 0.017854
f 191/647 200/648 201/649 192/650
vt 0.836635 0.060558
vt 0.836635 0.017854
vt 0.825903 0.017854
vt 0.825903 0.060558
f 193/651 184/652 192/653 201/654
o front
v -9.133032799999999 0.6519193000000001 -0.938294
v -9.1535192 0.6519193000000001 -0.8896511
v -9.1535197 0.5523877 -0.8896516
v -9.133032799999999 0.5523877 -0.938294
v -9.1442857 0.5523877 -0.8278375
v -9.1442857 0.6519192 -0.8278375
v -9.141016 0.6519192 0.9168697
v -9.141016 0.5523877 0.9168697
v -9.1297627 0.5523877 0.8064132
v -9.15025 0.5523877 0.8550555
v -9.1502495 0.6519193000000001 0.8550559
v -9.1297627 0.6519193000000001 0.8064132
v -8.0790458 0.8719185 -0.6065579
v -8.0781479 0.8719185 0.6075675
v -8.214172399999999 0.6378718 -0.6064582
v -8.2132729 0.6378727000000001 0.6076635
v -8.214172399999999 0.3676181 -0.6064582
v -8.2132729 0.3676181 0.6076635
v -8.0790458 0.1335704 -0.6065579
v -8.0781479 0.1335704 0.6075675
v -7.8450013 -0.0015568 -0.6067324
v -7.844095299999999 -0.0015568 0.6073978
v -7.57474 -0.0015568 -0.6069293
v -7.5738426 -0.0015568 0.607198
v -7.3406947 0.1335704 -0.6071046999999999
v -7.339794899999999 0.1335704 0.6070169
v -7.2055679 0.3676181 -0.6072050999999999
v -7.2046702 0.3676181 0.6069213
v -7.2055679 0.6378718 -0.6072050999999999
v -7.2046702 0.6378727000000001 0.6069213
v -7.3406947 0.8719185 -0.6071046999999999
v -7.339794899999999 0.8719185 0.6070169
v -7.5747395 1.0070498 -0.606931
v -7.5738426 1.0070498 0.607198
v -7.8450013 1.0070498 -0.6067324
v -7.844095299999999 1.0070498 0.6073978
v -8.0792694 0.8719203 -0.9069993
v -8.0779231 0.8719203 0.9080047
v -8.214396 0.6378718 -0.9068984
v -8.2130514 0.6378727000000001 0.9081088
v -8.2143965 0.367619 -0.9068969
v -8.2130514 0.3676181 0.9081088
v -8.0792699 0.1335704 -0.9069976
v -8.0779231 0.1335713 0.9080047
v -7.8452253999999995 -0.0015572 -0.9071709
v -7.843878999999999 -0.0015568 0.907832
v -7.5749636 -0.0015572 -0.9073697
v -7.573618 -0.0015568 0.907635
v -7.3409181 0.1335704 -0.9075449
v -7.3395732 0.1335704 0.9074623
v -7.2057915 0.3676172 -0.9076455
v -7.2044459 0.3676163 0.9073581000000001
v -7.205792199999999 0.6378708000000001 -0.9076436999999999
v -7.2044459 0.6378718 0.9073581000000001
v -7.3409181 0.8719185 -0.9075449
v -7.3395732 0.8719185 0.9074623
v -7.5749626999999995 1.0070408 -0.9073711
v -7.573618 1.0070498 0.907635
v -7.8452163 1.0070498 -0.9071695
v -7.8438704 1.0070498 0.9078348
v -7.7098666 0.5027440000000001 -0.6068285
v -7.7089675 0.5027440000000001 0.6072937
v -7.7100902 0.5027440000000001 -0.9072688
v -7.7087424 0.5027440000000001 0.9077307
v -8.1379054 0.9357739 -0.5989212
v -8.1370182 0.9357739 0.6000156
v -8.2945786 0.6644104000000001 -0.5988055
v -8.293693099999999 0.6644104000000001 0.6001353
v -8.2945786 0.53415 -0.5988055
v -8.293693099999999 0.53415 0.6001353
v -7.1251507 0.5341491 -0.5996699
v -7.1242645 0.5341491 0.5992699
v -7.1251507 0.6644104000000001 -0.5996699
v -7.1242645 0.6644104000000001 0.5992699
v -7.2818246 0.9357739 -0.5995533
v -7.280936799999999 0.9357739 0.5993814
v -7.5531953 1.0924445 -0.5993553
v -7.552301 1.0924534000000001 0.5995887
v -7.8665348 1.0924445 -0.5991183
v -7.8656478 1.0924534000000001 0.59982
v -8.1052332 0.9025938 -1.2904003000000002
v -8.1033194 0.9025938 1.2914508999999998
v -8.2497611 0.6522653 -1.2902923000000002
v -8.2478462 0.6522662 1.2915556
v -8.2497611 0.5462942000000001 -1.2902923000000002
v -8.2478462 0.5462942000000001 1.2915556
v -7.1709881 0.5462923000000001 -1.2910903
v -7.169081 0.5462933 1.2907537999999998
v -7.1709881 0.6522645 -1.2910903
v -7.169072399999999 0.6522653 1.2907568999999999
v -7.315516 0.9025938 -1.2909825000000001
v -7.3136076999999995 0.9025938 1.2908582
v -7.5658467 1.0471229 -1.2907988000000001
v -7.563931 1.0471229 1.2910476
v -7.854902299999999 1.0471229 -1.290585
v -7.8529873 1.0471229 1.2912648
v -8.295069699999999 0.6644113 -1.2718406000000002
v -8.293191499999999 0.6644113 1.2731675999999998
v -8.1384054 0.9357739 -1.2719584000000002
v -8.136519499999999 0.9357739 1.2730564999999998
v -8.295069699999999 0.53415 -1.2718406000000002
v -8.293191499999999 0.53415 1.2731675999999998
v -7.1256504 0.5341491 -1.2727077
v -7.123762899999999 0.5341491 1.2723023
v -7.1256504 0.6644094 -1.2727077
v -7.123762899999999 0.6644085000000001 1.2723023
v -7.2823239 0.9357739 -1.2725924000000002
v -7.280438 0.9357739 1.272422
v -7.5536862 1.0924445 -1.2723904000000001
v -7.5517993 1.0924534000000001 1.2726209
v -7.8670335 1.0924445 -1.2721581000000002
v -7.8651463999999995 1.0924534000000001 1.2728521
v -8.0792988 0.8719185 -0.9478082999999999
v -8.077896599999999 0.8719185 0.9488216
v -8.2144256 0.6378718 -0.9477075
v -8.2130216 0.6378727000000001 0.9489171
v -8.2144256 0.3676181 -0.9477075
v -8.2130216 0.3676181 0.9489171
v -8.0792988 0.1335704 -0.9478082999999999
v -8.077896599999999 0.1335704 0.9488216
v -7.8452535 -0.0015572 -0.9479838
v -7.8438409 -0.0015568 0.9486432
v -7.5749922 -0.0015572 -0.9481805
v -7.5735879 -0.0015568 0.9484434
v -7.3409472 0.1335704 -0.948356
v -7.3395436 0.1335704 0.9482706
v -7.2058213 0.3676181 -0.9484549
v -7.2044187 0.3676181 0.9481748
v -7.2058213 0.6378718 -0.9484549
v -7.2044187 0.6378727000000001 0.9481748
v -7.3409472 0.8719185 -0.948356
v -7.3395436 0.8719185 0.9482706
v -7.5749917 1.0070498 -0.9481823
v -7.5735879 1.0070498 0.9484434
v -7.8452535 1.0070498 -0.9479838
v -7.8438409 1.0070498 0.9486432
v -8.0795207 0.8719203 -1.2497800000000001
v -8.0776642 0.8719203 1.250791
v -8.2146483 0.6378718 -1.2496775
v -8.212792199999999 0.6378727000000001 1.2508947
v -8.2146483 0.367619 -1.2496775
v -8.212792199999999 0.3676181 1.2508947
v -8.0795215 0.1335704 -1.2497784
v -8.0776725 0.1335713 1.2507879
v -7.8454762 -0.0015572 -1.2499541
v -7.8436199 -0.0015568 1.2506183
v -7.5752235 -0.0015572 -1.2501536000000002
v -7.5733673999999995 -0.0015568 1.2504183999999998
v -7.341170399999999 0.1335704 -1.2503248
v -7.33932 0.1335704 1.2502372
v -7.206043299999999 0.3676172 -1.2504263000000002
v -7.2041951 0.3676163 1.2501413
v -7.206043299999999 0.6378708000000001 -1.2504263000000002
v -7.2041951 0.6378718 1.2501413
v -7.3411694 0.8719185 -1.2503264
v -7.3393231 0.8719185 1.2502455
v -7.5752235 1.0070408 -1.2501536000000002
v -7.5733673999999995 1.0070498 1.2504183999999998
v -7.8454762 1.0070498 -1.2499541
v -7.8436199 1.0070498 1.2506183
v -7.710127399999999 0.5027440000000001 -0.9480828
v -7.708715999999999 0.5027440000000001 0.9485477
v -7.7101982 0.5027440000000001 -1.0518381
v -7.7086448999999995 0.5027440000000001 1.052303
v -7.8947087 0.6873327 -0.9479446
v -7.893306299999999 0.6873317 0.9486846
v -7.9622765 0.5703084 -0.9478959
v -7.9608646 0.5703084 0.9487339
v -7.921146 0.7135477 -1.2498947
v -7.9192976999999996 0.7135468 1.2506735
v -7.9983058 0.5799047 -1.2498391000000002
v -7.9964566999999995 0.5799047 1.2507263999999998
v -7.9622765 0.4351806 -0.9478959
v -7.9608646 0.4351806 0.9487339
v -7.9983058 0.42558609999999997 -1.2498391000000002
v -7.9964566999999995 0.42558609999999997 1.2507263999999998
v -7.8947087 0.3181572 -0.9479446
v -7.893306299999999 0.3181581 0.9486846
v -7.9211536 0.2919422 -1.2498993
v -7.9192976999999996 0.291943 1.2506735
v -7.777686599999999 0.2505938 -0.9480309
v -7.7762826 0.2505938 0.9485942
v -7.787509999999999 0.2147833 -1.2499971
v -7.7856540999999995 0.2147824 1.2505754
v -7.64256 0.2505938 -0.9481318
v -7.641157699999999 0.2505938 0.9484983
v -7.6331895 0.2147833 -1.2501107
v -7.6313332 0.2147824 1.2504613
v -7.525537099999999 0.3181572 -0.9482197
v -7.524134 0.3181581 0.9484077
v -7.4995451 0.29194119999999996 -1.2502097
v -7.4976895 0.2919422 1.2503628
v -7.457969199999999 0.4351806 -0.9482694
v -7.4565673 0.4351806 0.9483612
v -7.4223848 0.42558609999999997 -1.2502674
v -7.4205274999999995 0.42558609999999997 1.2503016999999998
v -7.457969199999999 0.5703075000000001 -0.9482694
v -7.4565673 0.5703075000000001 0.9483612
v -7.4223848 0.5799038000000001 -1.2502674
v -7.4205274999999995 0.5799038000000001 1.2503016999999998
v -7.525537099999999 0.6873327 -0.9482197
v -7.5241256 0.6873317 0.9484107
v -7.4995451 0.7135477 -1.2502097
v -7.4976895 0.7135468 1.2503628
v -7.64256 0.754896 -0.9481318
v -7.641157699999999 0.7548951 0.9484983
v -7.6331895 0.7907057000000001 -1.2501107
v -7.6313332 0.7907066 1.2504613
v -7.777686599999999 0.754896 -0.9480309
v -7.7762826 0.7548951 0.9485942
v -7.7875019 0.7907066 -1.2499941
v -7.7856540999999995 0.7907075 1.2505754
v -7.878186299999999 0.6707318 -1.0517130000000001
v -7.8766237 0.6707318 1.0524292
v -7.939672 0.5642332 -1.0516673
v -7.9381175 0.5642332 1.0524722
v -7.939672 0.44125759999999997 -1.0516673
v -7.9381175 0.44125759999999997 1.0524722
v -7.878186299999999 0.334758 -1.0517130000000001
v -7.876632 0.334758 1.0524261
v -7.771684199999999 0.2732707 -1.0517911000000002
v -7.770130399999999 0.2732707 1.0523486999999998
v -7.6487131999999995 0.2732707 -1.0518831000000002
v -7.647150999999999 0.2732707 1.0522597999999999
v -7.5422116 0.334758 -1.0519604
v -7.540654699999999 0.3347571 1.0521707999999999
v -7.480726499999999 0.44125759999999997 -1.0520056000000002
v -7.4791606 0.44125759999999997 1.052128
v -7.480726499999999 0.5642322000000001 -1.0520056000000002
v -7.4791606 0.5642322000000001 1.052128
v -7.5422116 0.6707309 -1.0519604
v -7.540654699999999 0.6707309 1.0521707999999999
v -7.6487136 0.73222 -1.0518815000000001
v -7.6471479 0.73222 1.0522513
v -7.771684199999999 0.73222 -1.0517911000000002
v -7.770130399999999 0.73222 1.0523486999999998
v -4.6766361 0.5449937 1.2335318999999998
v -4.5823718 0.49056839999999996 1.2334663
v -4.4735211999999995 0.49056839999999996 1.2333811
v -4.3792557 0.5449937 1.2333158999999998
v -4.3248343 0.6392593000000001 1.2332767
v -4.3248343 0.7481072000000001 1.2332767
v -4.3792557 0.8423746000000001 1.2333158999999998
v -4.4735211999999995 0.8967991000000001 1.2333811
v -4.5823718 0.8967991000000001 1.2334663
v -4.6766361 0.8423746000000001 1.2335318999999998
v -4.7310588 0.7481082 1.2335707999999999
v -4.7310588 0.6392603 1.2335707999999999
v -4.6771245 0.5449937 0.5759756
v -4.5828586 0.49056839999999996 0.5759066
v -4.4740098999999995 0.49056839999999996 0.5758268
v -4.3797438 0.5449937 0.575755
v -4.32532 0.6392593000000001 0.5757166
v -4.32532 0.7481082 0.5757166
v -4.3797438 0.8423738000000001 0.575755
v -4.4740098999999995 0.8967972000000001 0.5758268
v -4.5828586 0.8967991000000001 0.5759066
v -4.6771245 0.8423746000000001 0.5759756
v -4.7315475 0.7481082 0.5760171000000001
v -4.7315475 0.6392603 0.5760171000000001
v -4.527944 0.6936837 1.2334199
v -4.528432899999999 0.6936837 0.5758652
v -1.7495520999999998 0.8719185 -0.9137819
v -1.7482066999999994 0.8719185 0.9054114
v -1.8846766999999995 0.6378718 -0.9136863
v -1.8833336999999997 0.6378727000000001 0.9055118
v -1.8846766999999995 0.3676181 -0.9136863
v -1.8833336999999997 0.3676181 0.9055118
v -1.7495520999999998 0.1335704 -0.9137819
v -1.7482066999999994 0.1335704 0.9054114
v -1.5155076999999997 -0.0015572 -0.9139545
v -1.5141529999999999 -0.0015568 0.9052388
v -1.2452514999999997 -0.0015572 -0.914163
v -1.2439000999999998 -0.0015568 0.9050375
v -1.0111989999999995 0.1335704 -0.9143324
v -1.0098552999999995 0.1335704 0.9048638
v -0.8760826999999995 0.3676181 -0.9144313
v -0.8747293999999997 0.3676181 0.9047646
v -0.8760740999999999 0.6378718 -0.9144283
v -0.8747286999999995 0.6378727000000001 0.9047631
v -1.0111989999999995 0.8719185 -0.9143324
v -1.0098552999999995 0.8719185 0.9048638
v -1.2452514999999997 1.0070498 -0.914163
v -1.2439000999999998 1.0070498 0.9050375
v -1.5155076999999997 1.0070498 -0.9139545
v -1.5141529999999999 1.0070498 0.9052388
v -1.7497725999999996 0.8719203 -1.2157565000000001
v -1.7479834999999997 0.8719203 1.2073793
v -1.8849007999999996 0.6378718 -1.2156525
v -1.8831100999999997 0.6378727000000001 1.2074799999999999
v -1.8849007999999996 0.367619 -1.2156525
v -1.8831100999999997 0.3676181 1.2074799999999999
v -1.7497725999999996 0.1335704 -1.2157565000000001
v -1.7479834999999997 0.1335713 1.2073793
v -1.5157282999999997 -0.0015572 -1.2159296000000002
v -1.5139388999999999 -0.0015568 1.2072055
v -1.2454755999999998 -0.0015572 -1.2161293000000002
v -1.2436766999999995 -0.0015568 1.2070055
v -1.0114314999999996 0.1335704 -1.2163024
v -1.0096330999999998 0.1335704 1.2068352999999998
v -0.8763065999999995 0.3676172 -1.216398
v -0.8745055999999995 0.3676163 1.2067331
v -0.8763034999999997 0.6378708000000001 -1.2164064
v -0.8745064999999999 0.6378718 1.2067344999999998
v -1.0114314999999996 0.8719185 -1.2163024
v -1.0096325999999998 0.8719185 1.2068337999999998
v -1.2454755999999998 1.0070408 -1.2161293000000002
v -1.2436766999999995 1.0070498 1.2070055
v -1.5157282999999997 1.0070498 -1.2159296000000002
v -1.5139303999999996 1.0070498 1.2072086
v -1.3803799999999997 0.5027440000000001 -0.9140588
v -1.3790264999999997 0.5027440000000001 0.9051382
v -1.3805825999999999 0.5027440000000001 -1.1858043
v -1.3788237999999997 0.5027440000000001 1.1768836999999999
v -1.5649616999999996 0.6873327 -0.9139188
v -1.5636160999999995 0.6873317 0.9052731
v -1.6325282999999997 0.5703084 -0.9138725
v -1.6311840999999996 0.5703084 0.9053234
v -1.5914063999999994 0.7135477 -1.2158742
v -1.5896079999999997 0.7135468 1.2072634
v -1.6685681999999997 0.5799047 -1.215813
v -1.6667687999999998 0.5799047 1.2073209999999999
v -1.6325282999999997 0.4351806 -0.9138725
v -1.6311840999999996 0.4351806 0.9053234
v -1.6685681999999997 0.42558609999999997 -1.215813
v -1.6667687999999998 0.42558609999999997 1.2073209999999999
v -1.5649616999999996 0.3181572 -0.9139188
v -1.5636160999999995 0.3181581 0.9052731
v -1.5914063999999994 0.2919422 -1.2158742
v -1.5896079999999997 0.291943 1.2072634
v -1.4479379999999997 0.2505938 -0.9140094
v -1.4465947999999997 0.2505938 0.9051886
v -1.4577627999999998 0.2147833 -1.2159722000000002
v -1.4559640999999997 0.2147824 1.2071641999999998
v -1.3128130999999996 0.2505938 -0.914105
v -1.3114681999999998 0.2505938 0.9050879000000001
v -1.3034417999999999 0.2147833 -1.2160867000000002
v -1.3016438999999997 0.2147824 1.2070523999999998
v -1.1957893999999998 0.3181572 -0.9141956
v -1.1944451999999997 0.3181581 0.9049998
v -1.1697978999999998 0.29194119999999996 -1.2161847000000001
v -1.1679997999999996 0.2919422 1.206953
v -1.1282310999999998 0.4351806 -0.914245
v -1.1268777999999995 0.4351806 0.9049508
v -1.0926389999999997 0.42558609999999997 -1.2162377000000002
v -1.0908474999999997 0.42558609999999997 1.2068921
v -1.1282310999999998 0.5703075000000001 -0.914245
v -1.1268777999999995 0.5703075000000001 0.9049508
v -1.0926389999999997 0.5799038000000001 -1.2162377000000002
v -1.0908474999999997 0.5799038000000001 1.2068921
v -1.1957893999999998 0.6873327 -0.9141956
v -1.1944451999999997 0.6873317 0.9049998
v -1.1697978999999998 0.7135477 -1.2161847000000001
v -1.1679997999999996 0.7135468 1.206953
v -1.3128130999999996 0.754896 -0.914105
v -1.3114681999999998 0.7548951 0.9050879000000001
v -1.3034417999999999 0.7907057000000001 -1.2160867000000002
v -1.3016438999999997 0.7907066 1.2070523999999998
v -1.4479379999999997 0.754896 -0.9140094
v -1.4465942999999997 0.7548951 0.905187
v -1.4577627999999998 0.7907066 -1.2159722000000002
v -1.4559640999999997 0.7907075 1.2071641999999998
v -1.5485696999999998 0.6707318 -1.1856807
v -1.5468115999999998 0.6707318 1.1770086
v -1.6100554999999996 0.5642332 -1.1856347
v -1.6083054999999997 0.5642332 1.1770505
v -1.6100554999999996 0.44125759999999997 -1.1856347
v -1.6083054999999997 0.44125759999999997 1.1770505
v -1.5485696999999998 0.334758 -1.1856807
v -1.5468115999999998 0.334758 1.1770086
v -1.4420680999999997 0.2732707 -1.1857582000000002
v -1.4403180999999998 0.2732707 1.1769272
v -1.3190970999999996 0.2732707 -1.1858501000000001
v -1.3173389999999996 0.2732707 1.1768393
v -1.2125952999999998 0.334758 -1.1859276
v -1.2108449999999995 0.3347571 1.1767562999999999
v -1.1511099999999996 0.44125759999999997 -1.1859737000000001
v -1.1493503999999999 0.44125759999999997 1.1767123
v -1.1511099999999996 0.5642322000000001 -1.1859737000000001
v -1.1493503999999999 0.5642322000000001 1.1767123
v -1.2125952999999998 0.6707309 -1.1859276
v -1.2108449999999995 0.6707309 1.1767562999999999
v -1.3190884999999994 0.73222 -1.1858471000000002
v -1.3173375999999997 0.73222 1.1768361999999999
v -1.4420680999999997 0.73222 -1.1857582000000002
v -1.4403180999999998 0.73222 1.1769272
v -4.868279899999999 0.6276886 0.029276000000000003
v -4.8674553 0.6148138000000001 -0.0018734000000000001
v -4.868326799999999 0.6276886 -0.0330256
v -4.8703831 0.6587719000000001 -0.0459256
v -4.8724210999999995 0.6898553000000001 -0.0330227
v -4.873247699999999 0.7027301 -0.0018705000000000002
v -4.872376699999999 0.6898553000000001 0.029277900000000003
v -4.8703173 0.6587719000000001 0.042182700000000004
v -6.439168 0.4730474 0.030442200000000003
v -6.438343099999999 0.46017169999999996 -0.0007126000000000001
v -6.439213799999999 0.4730474 -0.0318597
v -6.441269699999999 0.5041298000000001 -0.0447604
v -6.4433065 0.5352131 -0.0318583
v -6.4441305 0.548088 -0.0007059000000000002
v -6.4432607 0.5352131 0.030444
v -6.4412053 0.5041298000000001 0.0433465
v -6.441240799999999 0.5041298000000001 -0.0007111000000000001
v -1.1606249999999996 0.8227425 -0.0046249
v -1.1605877999999996 0.8227425 0.0394276
v -1.1626443999999996 0.8538259 0.0265286
v -1.1635222999999995 0.8667007 -0.0046249
v -1.1626915999999996 0.8538259 -0.035769999999999996
v -1.1606540999999995 0.8227425 -0.0486742
v -1.1585974999999995 0.79166 -0.035775
v -1.1577281999999998 0.7787844 -0.0046245
v -1.1585507999999995 0.79166 0.026523500000000002
v -4.8243415999999995 0.4586035 1.1326249
v -4.8244492999999995 0.3752373 0.9882309
v -4.8245708 0.3752373 0.821497
v -4.8246791 0.4586035 0.6771047
v -4.8247409 0.6029986 0.5937382
v -4.8247409 0.7697291 0.5937382
v -4.8246791 0.9141242 0.6771047
v -4.8245708 0.9974876 0.821497
v -4.8244492999999995 0.9974876 0.9882309
v -4.8243415999999995 0.9141242 1.1326249
v -4.8242807999999995 0.7697291 1.2159919
v -4.8242807999999995 0.6029986 1.2159919
v -5.8315708 0.4586035 1.1333685999999998
v -5.8316759 0.3752373 0.9889755
v -5.8318072999999995 0.3752373 0.8222475
v -5.8319123 0.45860259999999997 0.6778545
v -5.8319765 0.6029977000000001 0.5944863
v -5.8319765 0.7697291 0.5944863
v -5.8319092999999995 0.9141242 0.6778460000000001
v -5.8318072999999995 0.9974876 0.8222475
v -5.8316759 0.9974876 0.9889755
v -5.8315708 0.9141242 1.1333685999999998
v -5.831506699999999 0.76973 1.2167367
v -5.831506699999999 0.6029986 1.2167367
v -4.82451 0.6863639 0.904864
v -5.831740099999999 0.6863639 0.9056075
v -1.9823443999999997 0.8771705000000001 -0.8062603
v -1.9811580999999996 0.8771705000000001 0.798228
v -2.0587017999999997 0.6058043000000001 -0.8062033
v -2.0575156999999997 0.6058043000000001 0.7982855
v -2.0587017999999997 0.475543 -0.8062033
v -2.0575156999999997 0.47554399999999997 0.7982855
v -1.7735772999999995 1.2441899 -0.8064141
v -1.7723812999999997 1.2441899 0.7980748
v -1.7742767999999995 1.1098162 -0.80641
v -1.7730798999999995 1.1098162 0.7980765
v -1.9494690999999995 0.8439896 -1.2259434
v -1.9476606999999997 0.8439905000000001 1.2178615
v -2.0136895999999997 0.5936593 -1.2258962000000002
v -2.0118808999999995 0.5936593 1.2179076999999998
v -2.0136895999999997 0.487689 -1.2258962000000002
v -2.0118808999999995 0.48768809999999996 1.2179076999999998
v -1.7427403999999997 1.2090867 -1.2260915000000001
v -1.7409305999999996 1.2090867 1.2177099999999998
v -1.7624311999999995 1.0644858 -1.2260805000000001
v -1.7606224999999998 1.0644858 1.2177243
v -2.0589991 0.6058052 -1.2074416000000001
v -2.0572183999999996 0.6058052 1.1995246
v -1.9826419999999998 0.8771705000000001 -1.2074986
v -1.9808611999999997 0.8771705000000001 1.1994680999999998
v -2.0589991 0.475543 -1.2074416000000001
v -2.0572183999999996 0.47554399999999997 1.1995246
v -1.7738745999999996 1.2441899 -1.2076526
v -1.7720851999999998 1.2441899 1.1993166
v -1.7745625999999999 1.1098162 -1.2076538
v -1.7727830999999998 1.1098162 1.1993156999999999
v -6.9192617 0.9357739 -0.5998229
v -6.9183743 0.9357739 0.5991137
v -7.0759364 0.6644104000000001 -0.5997047
v -7.075049399999999 0.6644104000000001 0.5992336
v -7.0759364 0.53415 -0.5997047
v -7.075049399999999 0.53415 0.5992336
v -5.9065161999999996 0.5341491 -0.6005728
v -5.9056294 0.5341491 0.5983651
v -5.9065161999999996 0.6644104000000001 -0.6005728
v -5.9056294 0.6644104000000001 0.5983651
v -6.0631892999999994 0.9357739 -0.6004583
v -6.0623014 0.9357739 0.5984764
v -6.334551899999999 1.0924445 -0.6002562
v -6.3336659 1.0924534000000001 0.5986837
v -6.6478991999999995 1.0924445 -0.6000241
v -6.6470128 1.0924534000000001 0.5989149
v -6.886599799999999 0.9025938 -1.2913011
v -6.884684099999999 0.9025938 1.2905460999999998
v -7.031127 0.6522653 -1.2911946
v -7.0292110999999995 0.6522662 1.2906506
v -7.031127 0.5462942000000001 -1.2911946
v -7.0292110999999995 0.5462942000000001 1.2906506
v -5.952353199999999 0.5462923000000001 -1.2919945000000002
v -5.9504373 0.5462933 1.2898519
v -5.952353199999999 0.6522645 -1.2919945000000002
v -5.9504373 0.6522653 1.2898519
v -6.096881 0.9025938 -1.2918866
v -6.0949639 0.9025938 1.2899562
v -6.3472121 1.0471229 -1.2917018
v -6.3452962 1.0471229 1.2901425
v -6.6362675 1.0471229 -1.2914889
v -6.6343521999999995 1.0471229 1.29036
v -7.076435099999999 0.6644113 -1.2727442000000002
v -7.0745476 0.6644113 1.2722654
v -6.919762199999999 0.9357739 -1.2728591
v -6.917875799999999 0.9357739 1.272154
v -7.076435099999999 0.53415 -1.2727442000000002
v -7.0745476 0.53415 1.2722654
v -5.9070151 0.5341491 -1.2736129
v -5.9051276999999995 0.5341491 1.2713972
v -5.9070151 0.6644094 -1.2736129
v -5.9051276999999995 0.6644085000000001 1.2713972
v -6.0636895 0.9357739 -1.2734948000000001
v -6.061802699999999 0.9357739 1.2715170999999998
v -6.335051099999999 1.0924445 -1.2732951000000001
v -6.3331643 1.0924534000000001 1.2717155999999998
v -6.6483989 1.0924445 -1.2730620000000001
v -6.6465114 1.0924534000000001 1.271947
v -6.5580701999999995 0.5708421 1.0915078999999999
v -6.5829916 0.5276704 1.0915222
v -6.5829916 0.4778194 1.0915222
v -6.5580701999999995 0.43464769999999997 1.0915078999999999
v -6.514899099999999 0.40972129999999995 1.0914754
v -6.465049499999999 0.40972129999999995 1.0914302999999999
v -6.4218703 0.43464769999999997 1.0914011
v -6.3969489 0.4778194 1.0913868
v -6.3969489 0.5276704 1.0913868
v -6.4218703 0.5708421 1.0914011
v -6.465049499999999 0.5957667 1.0914302999999999
v -6.514899099999999 0.5957667 1.0914754
v -6.5596929 0.5708421 -1.0927482000000002
v -6.584616499999999 0.5276704 -1.0927282
v -6.584616499999999 0.4778194 -1.0927282
v -6.5596929 0.43464769999999997 -1.0927482000000002
v -6.516513399999999 0.40972129999999995 -1.0927775000000002
v -6.466666999999999 0.40972129999999995 -1.0928143000000001
v -6.423495299999999 0.43464769999999997 -1.0928481
v -6.398572 0.4778186 -1.0928666
v -6.398572 0.5276704 -1.0928666
v -6.423495299999999 0.5708412 -1.0928481
v -6.466666999999999 0.5957667 -1.0928143000000001
v -6.516513399999999 0.5957667 -1.0927775000000002
v -6.4899745 0.5027440000000001 1.0914529
v -6.4915901 0.5027440000000001 -1.0927959
v -6.8604026 0.8719185 -0.6074597
v -6.859504299999999 0.8719185 0.6066657
v -6.9955383 0.6378718 -0.6073604
v -6.994632299999999 0.6378727000000001 0.6067699
v -6.9955383 0.3676181 -0.6073604
v -6.994632299999999 0.3676181 0.6067699
v -6.8604026 0.1335704 -0.6074597
v -6.859504299999999 0.1335704 0.6066657
v -6.6263585 -0.0015568 -0.607632
v -6.625460199999999 -0.0015568 0.6064930000000001
v -6.3561054 -0.0015568 -0.6078333
v -6.3552075 -0.0015568 0.6062933
v -6.1220599 0.1335704 -0.6080091
v -6.12116 0.1335704 0.6061118
v -5.986933 0.3676181 -0.6081096
v -5.9860349 0.3676181 0.6060161000000001
v -5.986933 0.6378718 -0.6081096
v -5.9860349 0.6378727000000001 0.6060161000000001
v -6.1220599 0.8719185 -0.6080091
v -6.12116 0.8719185 0.6061118
v -6.3561054 1.0070498 -0.6078333
v -6.3552075 1.0070498 0.6062933
v -6.6263585 1.0070498 -0.607632
v -6.625460199999999 1.0070498 0.6064930000000001
v -6.860626 0.8719203 -0.9079002
v -6.8592797 0.8719203 0.9071027
v -6.995752899999999 0.6378718 -0.9077995
v -6.9944074999999994 0.6378727000000001 0.9072067
v -6.995761699999999 0.367619 -0.9078008
v -6.9944074999999994 0.3676181 0.9072067
v -6.8606358 0.1335704 -0.9079
v -6.859287999999999 0.1335713 0.9070995000000001
v -6.6265819 -0.0015572 -0.9080724
v -6.625235399999999 -0.0015568 0.9069298
v -6.3563285 -0.0015572 -0.9082736
v -6.354982399999999 -0.0015568 0.9067299
v -6.1222835 0.1335704 -0.908449
v -6.1209383 0.1335704 0.9065573
v -5.9871567 0.3676172 -0.9085498
v -5.9858103 0.3676163 0.9064532
v -5.987157699999999 0.6378708000000001 -0.9085470999999999
v -5.9858103 0.6378718 0.9064532
v -6.1222835 0.8719185 -0.908449
v -6.1209383 0.8719185 0.9065573
v -6.3563285 1.0070408 -0.9082736
v -6.354982399999999 1.0070498 0.9067299
v -6.6265814999999995 1.0070498 -0.908074
v -6.625235399999999 1.0070498 0.9069298
v -6.491232 0.5027440000000001 -0.6077326
v -6.490332199999999 0.5027440000000001 0.6063886
v -6.4914553999999995 0.5027440000000001 -0.9081731
v -6.4901104 0.5027440000000001 0.9068343
v -6.8606639 0.8719185 -0.9487128
v -6.859253 0.8719185 0.9479194
v -6.9957905 0.6378718 -0.948612
v -6.9943779 0.6378727000000001 0.9480152000000001
v -6.9957905 0.3676181 -0.948612
v -6.9943779 0.3676181 0.9480152000000001
v -6.8606639 0.1335704 -0.9487128
v -6.859253 0.1335704 0.9479194
v -6.6266098 -0.0015572 -0.9488851
v -6.6252058 -0.0015568 0.9477383
v -6.3563571 -0.0015572 -0.9490862
v -6.3549529 -0.0015568 0.9475385000000001
v -6.122312099999999 0.1335704 -0.9492609
v -6.1209085 0.1335704 0.9473656
v -5.9871859999999995 0.3676181 -0.9493599
v -5.9857837 0.3676181 0.9472700000000001
v -5.9871859999999995 0.6378718 -0.9493599
v -5.9857837 0.6378727000000001 0.9472700000000001
v -6.122312099999999 0.8719185 -0.9492609
v -6.1209085 0.8719185 0.9473656
v -6.356357599999999 1.0070498 -0.9490846
v -6.3549529 1.0070498 0.9475385000000001
v -6.6266098 1.0070498 -0.9488851
v -6.6252058 1.0070498 0.9477383
v -6.8608861 0.8719203 -1.2506831
v -6.8590291 0.8719203 1.2498859999999998
v -6.996012499999999 0.6378718 -1.2505839
v -6.9941571 0.6378727000000001 1.2499901
v -6.996012499999999 0.367619 -1.2505839
v -6.9941571 0.3676181 1.2499901
v -6.8608861 0.1335704 -1.2506831
v -6.8590291 0.1335713 1.2498859999999998
v -6.6268416 -0.0015572 -1.2508568000000002
v -6.6249848 -0.0015568 1.2497131
v -6.3565798 -0.0015572 -1.2510553000000002
v -6.3547321 -0.0015568 1.2495132999999998
v -6.1225346 0.1335704 -1.2512308
v -6.1206876 0.1335704 1.2493404
v -5.9874086 0.3676172 -1.2513297
v -5.985551399999999 0.3676163 1.2492396
v -5.9874086 0.6378708000000001 -1.2513297
v -5.985551399999999 0.6378718 1.2492396
v -6.1225346 0.8719185 -1.2512308
v -6.1206761 0.8719185 1.2493349999999999
v -6.3565798 1.0070408 -1.2510553000000002
v -6.3547321 1.0070498 1.2495132999999998
v -6.6268332 1.0070498 -1.2508538
v -6.6249848 1.0070498 1.2497131
v -6.4914837 0.5027440000000001 -0.9489855
v -6.4900806 0.5027440000000001 0.9476426
v -6.4915638 0.5027440000000001 -1.0527411000000002
v -6.4900015 0.5027440000000001 1.0514005999999998
v -6.6760744999999995 0.6873327 -0.9488478
v -6.6746712 0.6873317 0.9477796
v -6.7436328 0.5703084 -0.9487974
v -6.7422295 0.5703084 0.9478288
v -6.7025109 0.7135477 -1.2507993000000002
v -6.7006540999999995 0.7135468 1.2497714
v -6.779671 0.5799047 -1.2507430000000002
v -6.777813 0.5799047 1.2498243999999998
v -6.7436328 0.4351806 -0.9487974
v -6.7422295 0.4351806 0.9478288
v -6.779671 0.42558609999999997 -1.2507430000000002
v -6.777813 0.42558609999999997 1.2498243999999998
v -6.6760744999999995 0.3181572 -0.9488478
v -6.6746712 0.3181581 0.9477796
v -6.7025109 0.2919422 -1.2507993000000002
v -6.7006627 0.291943 1.2497683
v -6.5590511 0.2505938 -0.9489366
v -6.5576389 0.2505938 0.9476917
v -6.5688667999999995 0.2147833 -1.2508982000000002
v -6.5670188 0.2147824 1.2496702
v -6.423925 0.2505938 -0.9490356
v -6.4225142 0.2505938 0.9475963000000001
v -6.414546099999999 0.2147833 -1.2510117
v -6.4126978 0.2147824 1.249556
v -6.3069022 0.3181572 -0.9491237
v -6.305490499999999 0.3181581 0.9475058
v -6.280910799999999 0.29194119999999996 -1.2511127000000002
v -6.279054199999999 0.2919422 1.249458
v -6.239334899999999 0.4351806 -0.9491727
v -6.2379321 0.4351806 0.9474562
v -6.2037504 0.42558609999999997 -1.2511700000000001
v -6.2018922 0.42558609999999997 1.2493965999999999
v -6.239334899999999 0.5703075000000001 -0.9491727
v -6.2379321 0.5703075000000001 0.9474562
v -6.2037504 0.5799038000000001 -1.2511700000000001
v -6.2018922 0.5799038000000001 1.2493965999999999
v -6.3068938999999995 0.6873327 -0.9491206
v -6.305490499999999 0.6873317 0.9475058
v -6.2809101 0.7135477 -1.2511147
v -6.279054199999999 0.7135468 1.249458
v -6.423925 0.754896 -0.9490356
v -6.4225142 0.7548951 0.9475963000000001
v -6.4145456 0.7907057000000001 -1.2510133
v -6.4126978 0.7907066 1.249556
v -6.5590511 0.754896 -0.9489366
v -6.5576389 0.7548951 0.9476917
v -6.5688667999999995 0.7907066 -1.2508982000000002
v -6.5670188 0.7907075 1.2496702
v -6.6595514 0.6707318 -1.0526169
v -6.6579885999999995 0.6707318 1.0515241
v -6.721036699999999 0.5642332 -1.0525719
v -6.719474399999999 0.5642332 1.0515701
v -6.721036699999999 0.44125759999999997 -1.0525719
v -6.719474399999999 0.44125759999999997 1.0515701
v -6.6595514 0.334758 -1.0526169
v -6.6579885999999995 0.334758 1.0515241
v -6.5530501 0.2732707 -1.0526935000000002
v -6.5514954 0.2732707 1.0514435
v -6.430077799999999 0.2732707 -1.0527878000000002
v -6.428516 0.2732707 1.0513549999999998
v -6.3235767 0.334758 -1.0528647000000002
v -6.322011 0.3347571 1.0512689999999998
v -6.2620907 0.44125759999999997 -1.0529113
v -6.2605287999999994 0.44125759999999997 1.0512316
v -6.2620907 0.5642322000000001 -1.0529113
v -6.2605287999999994 0.5642322000000001 1.0512316
v -6.3235767 0.6707309 -1.0528647000000002
v -6.322011 0.6707309 1.0512689999999998
v -6.430077799999999 0.73222 -1.0527878000000002
v -6.428516 0.73222 1.0513549999999998
v -6.553049399999999 0.73222 -1.0526952
v -6.551487 0.73222 1.0514465999999998
v -9.0042692 0.9986559 -0.8412208
v -9.003017 0.9986559 0.8436027
v -9.0836401 0.5731132 -0.8411594
v -9.082388 0.5731132 0.843665
v -9.055779999999999 0.5731132 -0.8411822999999999
v -9.0545264 0.5731132 0.8436383
v -8.9764014 0.9986559 -0.8412391
v -8.9751587 0.9986559 0.8435845
v -9.004303 0.9986559 -0.8858905
v -9.0029846 0.9986559 0.8882746
v -9.083671599999999 0.5731132 -0.8858321
v -9.082361299999999 0.5731132 0.8883259
v -9.0558129 0.5731132 -0.8858517
v -9.0544939 0.5731132 0.8883104000000001
v -8.9764343 0.9986559 -0.8859101
v -8.9751234 0.9986559 0.8882482
v -9.0042692 0.7858832 -0.8412208
v -9.003017 0.7858832 0.8436027
v -8.9764014 0.7858832 -0.8412391
v -8.9751587 0.7858832 0.8435845
v -9.004303 0.7858832 -0.8858905
v -9.0029846 0.7858832 0.8882746
v -8.9764343 0.7858832 -0.8859101
v -8.9751234 0.7858832 0.8882482
v -9.2236634 0.5170073000000001 0.2418682
v -9.257478299999999 0.5186231 0.2418847
v -9.2590876 0.48481409999999997 0.2418932
v -9.2252779 0.4831973 0.2418651
v -9.224023899999999 0.5170073000000001 -0.23916199999999999
v -9.2578326 0.5186241 -0.23913389999999998
v -9.25945 0.4848131 -0.2391284
v -9.2256413 0.4831973 -0.2391565
v -9.223268999999998 0.470389 -0.2335527
v -9.222917599999999 0.4703881 0.2362592
v -9.2630167 0.47228889999999996 -0.2335206
v -9.2626744 0.4722898 0.2362885
v -9.2630506 0.47228889999999996 -0.2733169
v -9.26264 0.4722898 0.2760849
v -9.2232943 0.470389 -0.2733462
v -9.2228928 0.4703881 0.2760522
v -9.102336 3.0006103 -0.23363879999999998
v -9.101982199999998 3.0006103 0.236164
v -9.1023617 3.0006103 -0.2734321
v -9.1019516 3.0006103 0.275969
v -9.2106195 0.7973839 -0.2391615
v -9.244433399999998 0.7989989000000001 -0.2391448
v -9.2428189 0.8328107 -0.239141
v -9.2090016 0.8311939 -0.2391663
v -9.2102647 0.7973839 0.2418577
v -9.244071 0.7989989000000001 0.2418775
v -9.242456 0.8328107 0.2418808
v -9.2086468 0.8311939 0.24185220000000002
v -9.1936336 1.1453779 0.2418451
v -9.227439 1.1469955 0.2418646
v -9.2290569 1.1131864 0.2418699
v -9.1952477 1.1115687 0.24184170000000002
v -9.1939879 1.1453779 -0.2391739
v -9.2277937 1.1469955 -0.2391544
v -9.229411599999999 1.1131864 -0.2391489
v -9.1956025 1.1115687 -0.239177
v -9.1805854 1.4257545 -0.2391932
v -9.214394599999999 1.427372 -0.2391646
v -9.2127796 1.4611811000000001 -0.2391613
v -9.1789709 1.4595635 -0.2391897
v -9.1802254 1.4257545 0.2418372
v -9.2140403 1.427372 0.24185410000000002
v -9.2124253 1.4611811000000001 0.24185700000000002
v -9.1786161 1.4595635 0.24182910000000002
v -9.1635938 1.7737491 0.24182430000000002
v -9.1974082 1.7753669 0.24184150000000001
v -9.1990266 1.7415578 0.2418468
v -9.165208400000001 1.7399401 0.24182120000000001
v -9.163957199999999 1.7737582 -0.23919749999999998
v -9.1977635 1.7753669 -0.2391777
v -9.199380399999999 1.7415578 -0.2391723
v -9.1655722 1.7399401 -0.23920039999999998
v -9.1505471 2.0541259 -0.2392135
v -9.1843639 2.0557434 -0.23918799999999998
v -9.1827498 2.0895525999999998 -0.23918509999999998
v -9.1489401 2.0879439 -0.23921299999999998
v -9.150195199999999 2.0541259 0.2418139
v -9.1840096 2.0557434 0.2418308
v -9.182386399999999 2.0895525999999998 0.241837
v -9.1485773 2.0879439 0.2418086
v -9.133563599999999 2.4021296 0.24180100000000002
v -9.167369399999998 2.4037471999999998 0.2418208
v -9.168986799999999 2.3699291999999996 0.2418263
v -9.135178100000001 2.3683115999999997 0.2417979
v -9.133915 2.4021296 -0.2392259
v -9.1677323 2.4037471999999998 -0.2392009
v -9.1693421 2.3699291999999996 -0.23919279999999998
v -9.135532399999999 2.3683115999999997 -0.23922069999999998
v -9.1205187 2.6825061999999997 -0.2392283
v -9.1543332 2.6841147999999997 -0.2392114
v -9.152709999999999 2.7179328999999997 -0.23920539999999998
v -9.118901300000001 2.7163153999999996 -0.2392338
v -9.120163999999999 2.6825061999999997 0.2417907
v -9.1539708 2.6841147999999997 0.24181
v -9.1523562 2.7179328999999997 0.2418134
v -9.1185465 2.7163153999999996 0.2417852
v -9.1403184 3.0400004 -0.2734092
v -9.1399165 3.0400004 0.2759897
v -9.140296 3.0400004 -0.2336076
v -9.1399422 3.0400004 0.2361955
v -8.8781796 3.0401350999999996 -0.2338071
v -8.8778286 3.0401350999999996 0.2360041
v -8.8782053 3.0401350999999996 -0.27360059999999997
v -8.8778034 3.0401350999999996 0.2757978
v -8.878185299999998 3.0026053999999998 -0.2736032
v -8.877774800000001 3.0026053999999998 0.2757983
v -8.8781515 3.0026053999999998 -0.2338067
v -8.8778091 3.0026053999999998 0.2360022
v -8.9072318 1.0345052000000001 -0.27081299999999997
v -8.906828 1.0345052000000001 0.2730503
v -8.907198900000001 1.0345321 -0.2369638
v -8.9068489 1.0345321 0.23919580000000001
v -8.907199899999998 1.000687 -0.2369354
v -8.906848499999999 1.000687 0.2391674
v -8.9072237 1.0006601 -0.2707816
v -8.906827 1.0006601 0.27302170000000003
v -9.217557 1.0345052000000001 -0.2705837
v -9.217152599999999 1.0345052000000001 0.2732796
v -9.2175351 1.0345321 -0.23672939999999998
v -9.2171765 1.0345321 0.2394337
v -9.217528399999999 1.000687 -0.236698
v -9.217175999999998 1.000687 0.2394051
v -9.2175575 1.0006601 -0.2705555
v -9.2171522 1.0006601 0.27325130000000003
v -4.345052399999999 1.2681314000000001 1.1363275
v -4.3467378 1.2681314000000001 -1.1408529
v -4.1430104 1.2681314000000001 -1.1410011000000002
v -4.1413261 1.2681314000000001 1.1361786999999999
v -4.3450257 1.4718668000000001 1.1714171
v -4.3467655 1.4718668000000001 -1.1759428
v -4.1430381 1.4718668000000001 -1.1760911
v -4.1412983 1.4718668000000001 1.1712688999999998
v -4.3455141 1.0093865 0.5138857
v -4.3462792 1.0093865 -0.5184083
v -4.1425506 1.0093865 -0.51856
v -4.141785199999999 1.0093865 0.513736
v -4.3455141 1.2131129 0.5138857
v -4.346279999999999 1.2131129 -0.5184086
v -4.1425506 1.2131129 -0.51856
v -4.141785499999999 1.2131129 0.513734
v -7.0044716 1.2131129 0.5158553
v -7.005236 1.2131129 -0.5164365
v -7.208962 1.2131129 -0.5162888999999999
v -7.208198299999999 1.2131129 0.5160039
v -7.0044716 1.0093865 0.5158553
v -7.005236 1.0093865 -0.5164365
v -7.2089634 1.0093865 -0.5162855
v -7.208198299999999 1.0093865 0.5160039
v -7.0039845 1.4718668000000001 1.173393
v -7.0057247 1.4718668000000001 -1.1739700000000002
v -7.209450799999999 1.4718668000000001 -1.1738217000000002
v -7.2077113 1.4718668000000001 1.1735413
v -7.004004 1.2681314000000001 1.1382961999999999
v -7.005694 1.2681314000000001 -1.1388779
v -7.2094217 1.2681314000000001 -1.1387257000000002
v -7.2077336999999995 1.2681314000000001 1.1384533
v -8.3760419 1.2681314000000001 1.1393141
v -8.3777304 1.2681314000000001 -1.1378632000000002
v -8.174003599999999 1.2681314000000001 -1.1380116
v -8.1723156 1.2681314000000001 1.1391657
v -8.3760109 1.4718668000000001 1.1744058
v -8.377752300000001 1.4718668000000001 -1.172954
v -8.174033699999999 1.4718668000000001 -1.1731053
v -8.1722927 1.4718668000000001 1.174254
v -8.376501099999999 1.0093865 0.5168763
v -8.3772726 1.0093865 -0.5154202
v -8.1735454 1.0093865 -0.5155724
v -8.1727746 1.0093865 0.5167278
v -8.376501099999999 1.2131129 0.5168763
v -8.3772726 1.2131129 -0.5154202
v -8.1735454 1.2131129 -0.5155724
v -8.1727829 1.2131129 0.5167247
v -8.951889099999999 1.0105008 -0.5012863000000001
v -8.9511419 1.0105008 0.5035897
v -8.9518414 1.0105008 -0.4392262
v -8.95119 1.0105008 0.4415297
v -8.8064418 1.0105008 -0.43933869999999997
v -8.805792799999999 1.0105008 0.4414255
v -8.8064895 1.0105008 -0.5013986
v -8.8057456 1.0105008 0.5034853
v -9.061834399999999 0.49168459999999997 -0.5012064
v -9.061098099999999 0.4916837 0.5036749
v -9.0617948 0.49168459999999997 -0.4391497
v -9.061142499999999 0.4916837 0.4416065
v -8.8064418 0.49168459999999997 -0.43933869999999997
v -8.805792799999999 0.4916837 0.4414255
v -8.8064895 0.49168459999999997 -0.5013986
v -8.8057456 0.4916837 0.5034853
v -9.0617948 0.7510937000000001 -0.4391497
v -9.061142499999999 0.7510945 0.4416065
v -9.061834399999999 0.7510937000000001 -0.5012064
v -9.061098099999999 0.7510945 0.5036749
v -8.8064418 0.7510937000000001 -0.43933869999999997
v -8.805792799999999 0.7510945 0.4414255
v -8.8064895 0.7510937000000001 -0.5013986
v -8.8057456 0.7510945 0.5034853
v -4.5633504 0.9995187999999999 -0.5106685
v -4.5633504 0.9374544 -0.5106685
v -4.4179502 0.9374544 -0.510777
v -4.4179502 0.9995187999999999 -0.510777
v -4.563734999999999 0.9995187999999999 -1.0294877
v -4.563734999999999 0.9374544 -1.0294877
v -4.4183341 0.9374544 -1.0296007
v -4.4183341 0.9995187999999999 -1.0296007
v -4.562536199999999 0.7582275 -1.0201135000000001
v -4.562623299999999 0.7582275 -1.1385798
v -4.4232391 0.7582275 -1.1386776
v -4.423149899999999 0.7582275 -1.0202173
v -4.562536199999999 0.9749931000000001 -1.0201135000000001
v -4.562623299999999 0.9749931000000001 -1.1385798
v -4.4232343 0.9749931000000001 -1.1386854000000002
v -4.423149899999999 0.9749931000000001 -1.0202173
v -1.8861765999999998 1.8686880000000001 -0.9761969
v -1.8863632999999997 1.8686880000000001 -1.2192339
v -1.7156360999999998 1.8686880000000001 -1.2402000000000002
v -1.6987745999999997 1.8686880000000001 -0.9763359
v -1.8670089999999995 2.5473239 -0.9762162
v -1.8671598999999999 2.5473239 -1.1798574000000002
v -1.6964321999999998 2.5473239 -1.2008237000000002
v -1.6795983999999997 2.5473239 -0.976352
v -1.8862724999999996 1.8686880000000001 -1.1068187
v -1.7019410999999995 1.8686880000000001 -1.1069539000000002
v -1.8671078999999997 2.5473239 -1.1068294
v -1.6827649999999998 2.5473239 -1.1069701
v -1.7019410999999995 1.2369014 -1.1069539000000002
v -1.8737747999999996 1.2369014 -1.1068218
v -1.6987745999999997 1.2369014 -0.9763359
v -1.8736758999999998 1.2369014 -0.9762086
v -4.9606265 0.5711558 0.0956871
v -4.9607708 0.5711549 -0.09929900000000001
v -4.765784999999999 0.5711549 -0.09944270000000001
v -4.7656398 0.5711558 0.09554389999999999
v -4.9745117 0.7730965000000001 0.10959329999999999
v -4.9746777 0.7730965000000001 -0.11318450000000001
v -4.7518984 0.7730965000000001 -0.11334970000000001
v -4.7517336 0.7730965000000001 0.10942919999999999
v -6.889215699999999 0.3913968 -0.4013875
v -6.888617999999999 0.3913968 0.4006339
v -6.8892831999999995 0.3913968 -0.496569
v -6.888549599999999 0.3913968 0.49581210000000003
v -6.1015821 0.3913968 -0.4971539
v -6.100851 0.3913968 0.4952339
v -6.1015146 0.3913968 -0.4019726
v -6.1009167 0.3913968 0.4000473
v -7.0425904 0.7538823 -0.4012728
v -7.041992199999999 0.7538823 0.4007481
v -7.0426573999999995 0.7538823 -0.496454
v -7.041924 0.7538823 0.49592590000000003
v -5.9482083999999995 0.7538823 -0.4972659
v -5.9474737 0.7538823 0.4951115
v -5.948139899999999 0.7538823 -0.4020872
v -5.9475421 0.7538823 0.3999338
v -0.5073559999999997 1.9435048000000001 -1.2514528
v -0.5055045999999996 1.9435048000000001 1.241234
v -0.5297722999999999 1.9695402 -1.4658949000000001
v -0.5275993999999997 1.9695402 1.4557148999999998
v -0.49554019999999976 1.9750402 -1.4688002
v -0.49337509999999973 1.9750402 1.4585723
v -0.4731233999999995 1.9490139 -1.2543581000000001
v -0.47127969999999975 1.9490139 1.2440893999999998
v -0.5851068999999995 2.4302140999999997 -1.2448456
v -0.5832691999999997 2.4302140999999997 1.2347403
v -0.5961770999999998 2.3852521999999996 -1.4602541
v -0.5940229999999995 2.385261 1.4501662
v -0.5619530999999998 2.3907610999999998 -1.4631625000000001
v -0.5597906999999998 2.3907610999999998 1.453026
v -0.5508828999999995 2.435723 -1.247754
v -0.5490364999999997 2.435723 1.2375994
v -0.5888686999999995 2.3395260999999996 -1.4608700000000001
v -0.5867118999999996 2.3395260999999996 1.4507785999999998
v -0.5765557999999995 2.3766784 -1.2455652000000002
v -0.5747134999999997 2.3766784 1.2354546
v -0.5546531999999997 2.3450352 -1.4637814
v -0.5524873999999995 2.3450352 1.4536356
v -0.5423288999999998 2.3821784999999998 -1.2484817000000001
v -0.5404806999999998 2.3821873 1.2383151
v -0.5344965999999998 1.9991343000000001 -1.4654973
v -0.5323324999999999 1.9991343000000001 1.4553194999999999
v -0.5128917999999998 1.9781586 -1.2509774
v -0.5110440999999994 1.9781586 1.2407704
v -0.5002727999999999 2.0046434 -1.4684055
v -0.4981076999999998 2.0046434 1.4581758999999999
v -0.4786684999999995 1.9836676 -1.2538854000000001
v -0.47681099999999965 1.9836676 1.2436299999999998
v -0.4967894999999998 2.4129408999999997 -1.0992166
v -0.4951643999999997 2.4129408999999997 1.0889826999999999
v -0.5303738999999998 2.407432 -1.0920126
v -0.5287673999999996 2.407432 1.0818352999999998
v -0.5051782999999999 2.4664766 -1.0974154
v -0.5035686999999998 2.4664766 1.0871928
v -0.5387716999999999 2.4609764999999997 -1.0902142000000001
v -0.5371637999999996 2.4609764999999997 1.0800485999999998
v -0.2764711999999996 1.8897984 -1.1402377000000001
v -0.2747867999999998 1.8897984 1.1296831999999999
v -0.31006129999999965 1.8842984 -1.1330452000000002
v -0.3083891999999997 1.8842984 1.1225341999999998
v -0.2710385999999998 1.8551536 -1.1414009
v -0.2693538999999996 1.8551536 1.1308367
v -0.30462869999999986 1.8496446 -1.1342086
v -0.30295729999999965 1.8496446 1.1236906
v -0.3694918999999999 1.9373308 -1.1997170000000001
v -0.36772159999999987 1.9373308 1.189296
v -0.33553679999999986 1.9428398 -1.2044919
v -0.33376459999999986 1.9428398 1.1940199999999999
v -0.33004649999999947 1.9081859 -1.2052612
v -0.3282682999999995 1.9081859 1.1947872
v -0.36399319999999946 1.9026769000000001 -1.2004832
v -0.3622255999999995 1.9026769000000001 1.1900624999999998
v -3.9209745 0.44002189999999997 -0.5961731
v -3.9200957999999995 0.4400228 0.5910201
v -3.8611677999999996 0.4054947 -0.5962167
v -3.8602888999999996 0.4054947 0.5909736
v -3.7921129 0.4054947 -0.5962696
v -3.7912342 0.4054947 0.5909237
v -3.7323100999999994 0.44002189999999997 -0.5963127
v -3.7314293999999997 0.4400228 0.5908803
v -3.6977816 0.49982769999999993 -0.5963396
v -3.6969019999999997 0.49982769999999993 0.5908538
v -3.6977816 0.5688821000000001 -0.5963396
v -3.6969019999999997 0.568883 0.5908538
v -3.7323100999999994 0.6286879000000001 -0.5963127
v -3.7314293999999997 0.6286879000000001 0.5908803
v -3.7921129 0.6632151000000001 -0.5962696
v -3.7912342 0.663216 0.5909237
v -3.8611677999999996 0.6632151000000001 -0.5962167
v -3.8602888999999996 0.663216 0.5909736
v -3.9209745 0.6286879000000001 -0.5961731
v -3.9200957999999995 0.6286879000000001 0.5910201
v -3.9555021999999997 0.568883 -0.5961478
v -3.9546211 0.568883 0.5910434
v -3.9555021999999997 0.49982769999999993 -0.5961478
v -3.9546211 0.49982769999999993 0.5910434
v -3.9214374 0.44002189999999997 -1.2225557
v -3.9196276999999995 0.4400228 1.2174014999999998
v -3.8616345999999995 0.4054947 -1.2226005000000002
v -3.8598243999999995 0.4054947 1.2173565999999998
v -3.792578 0.4054947 -1.2226508
v -3.7907684999999995 0.4054947 1.217306
v -3.7327749999999997 0.44002189999999997 -1.2226956
v -3.7309642 0.4400228 1.2172615999999998
v -3.6982467999999997 0.4998269 -1.2227209
v -3.6964344999999996 0.4998259 1.217237
v -3.6982467999999997 0.5688821000000001 -1.2227209
v -3.6964344999999996 0.568883 1.217237
v -3.7327749999999997 0.6286879000000001 -1.2226956
v -3.7309642 0.6286879000000001 1.2172615999999998
v -3.792578 0.6632151000000001 -1.2226508
v -3.7907675999999997 0.663216 1.2173063
v -3.8616328999999996 0.6632151000000001 -1.2226000000000001
v -3.8598243999999995 0.663216 1.2173565999999998
v -3.9214374 0.6286879000000001 -1.2225557
v -3.9196276999999995 0.6286879000000001 1.2174014999999998
v -3.955967 0.568883 -1.2225309000000002
v -3.9541563999999996 0.568883 1.2174264
v -3.955967 0.49982769999999993 -1.2225309000000002
v -3.9541563999999996 0.49982769999999993 1.2174264
v -3.8266416999999997 0.5343558 -0.5962446
v -3.8257623999999995 0.5343558 0.5909498
v -3.8271067999999997 0.5343558 -1.2226260000000002
v -3.8252971999999996 0.5343558 1.2173311
v -4.0990419 0.5343558 -1.222425
v -4.097232099999999 0.5343558 1.2175319
v -4.098577199999999 0.5343558 -0.596043
v -4.0976970999999995 0.5343558 0.5911497
v -4.2279019 0.49982769999999993 -1.2223300000000001
v -4.2260915 0.49982769999999993 1.2176272
v -4.2279019 0.568883 -1.2223300000000001
v -4.2260915 0.568883 1.2176272
v -4.1933739999999995 0.6286879000000001 -1.2223554
v -4.1915635 0.6286879000000001 1.2176019999999999
v -4.1335698 0.6632151000000001 -1.2223999
v -4.131761 0.663216 1.2175566999999998
v -4.0645149 0.6632151000000001 -1.2224505
v -4.0627042 0.663216 1.2175065999999999
v -4.004708 0.6286879000000001 -1.2224944000000002
v -4.0028999999999995 0.6286879000000001 1.2174620999999999
v -3.9701816999999995 0.5688821000000001 -1.2225202000000002
v -3.9683729999999997 0.568883 1.2174364999999998
v -3.9701816999999995 0.4998269 -1.2225202000000002
v -3.9683729999999997 0.4998259 1.2174364999999998
v -4.0047087999999995 0.44002189999999997 -1.2224946
v -4.0028999999999995 0.4400228 1.2174620999999999
v -4.0645149 0.4054947 -1.2224505
v -4.0627042 0.4054947 1.2175065999999999
v -4.1335698 0.4054947 -1.2223999
v -4.131761 0.4054947 1.2175566999999998
v -4.1933739999999995 0.44002189999999997 -1.2223554
v -4.1915635 0.4400228 1.2176019999999999
v -4.227437699999999 0.49982769999999993 -0.5959463
v -4.226557 0.49982769999999993 0.5912467
v -4.227437699999999 0.568883 -0.5959463
v -4.226557 0.568883 0.5912467
v -4.1929099999999995 0.6286879000000001 -0.5959735
v -4.1920296 0.6286879000000001 0.5912203
v -4.1331055 0.6632151000000001 -0.596016
v -4.132227299999999 0.663216 0.591176
v -4.06405 0.6632151000000001 -0.5960666
v -4.0631702999999995 0.663216 0.591125
v -4.0042431 0.6286879000000001 -0.5961121
v -4.0033639999999995 0.6286879000000001 0.5910803
v -3.9697180999999997 0.5688821000000001 -0.5961364
v -3.9688372999999997 0.568883 0.5910555
v -3.9697180999999997 0.49982769999999993 -0.5961364
v -3.9688372999999997 0.49982769999999993 0.5910555
v -4.0042431 0.44002189999999997 -0.5961121
v -4.0033639999999995 0.4400228 0.5910803
v -4.06405 0.4054947 -0.5960666
v -4.0631702999999995 0.4054947 0.591125
v -4.1331055 0.4054947 -0.596016
v -4.132227299999999 0.4054947 0.591176
v -4.1929099999999995 0.44002189999999997 -0.5959735
v -4.1920296 0.4400228 0.5912203
v -4.240170399999999 0.6541795 -0.6088345
v -4.2392723 0.6541787 0.6041532000000001
v -4.240617899999999 0.6541795 -1.2132370000000001
v -4.2388236 0.6541787 1.2085578
v -3.6861631999999998 0.6541795 -1.2136481000000001
v -3.6843663999999996 0.6541787 1.2081476
v -3.6857149 0.6541795 -0.6092455
v -3.6848151 0.6541787 0.603741
v -4.240170399999999 1.0052883000000001 -0.6088345
v -4.2392723 1.0052883000000001 0.6041532000000001
v -4.240617899999999 1.0052883000000001 -1.2132370000000001
v -4.2388236 1.0052883000000001 1.2085578
v -3.6861631999999998 1.0052883000000001 -1.2136481000000001
v -3.6843663999999996 1.0052883000000001 1.2081476
v -3.6857149 1.0052883000000001 -0.6092455
v -3.6848151 1.0052883000000001 0.603741
v -8.851071399999999 0.6055652 1.2119079
v -8.85287 0.6055652 -1.2097533
v -8.851524399999999 0.6055652 0.6075142
v -8.8524208 0.6055652 -0.6053524
v -8.4426809 0.6055652 0.6072057
v -8.443578800000001 0.6055652 -0.6056556
v -8.442231199999998 0.6055652 1.2116079
v -8.4440289 0.6055652 -1.2100571
v -8.851071399999999 1.1805079 1.2119079
v -8.85287 1.1805079 -1.2097533
v -8.851524399999999 1.2362454 0.6075142
v -8.8524208 1.2362454 -0.6053524
v -8.4426809 1.2362454 0.6072057
v -8.443578800000001 1.2362454 -0.6056556
v -8.442231199999998 1.1805079 1.2116079
v -8.4440289 1.1805079 -1.2100571
v -8.851297899999999 0.6055652 0.9097113
v -8.852644999999999 0.6055652 -0.9075542
v -8.4424572 0.6055652 0.9094114
v -8.4438038 0.6055652 -0.9078577
v -8.851297899999999 1.2362454 0.9097113
v -8.8526454 1.2362454 -0.9075523
v -8.4424572 1.2362454 0.9094114
v -8.4438038 1.2362454 -0.9078577
v -9.134670799999999 0.43768799999999997 1.2749548
v -9.136555699999999 0.43768799999999997 -1.272378
v -9.0390826 0.43768799999999997 -1.2724489
v -9.0371867 0.43768799999999997 1.2748818
v -9.134670799999999 0.7303813 1.2749548
v -9.136555699999999 0.7303822 -1.272378
v -9.039072999999998 0.7303822 -1.2724493000000001
v -9.0371867 0.7303813 1.2748818
v -8.9270707 0.7409177 0.5299038
v -8.927853599999999 0.7409177 -0.5276382
v -0.6378066999999996 0.7408241 -0.5337845999999999
v -0.6370243999999996 0.7408241 0.5237603
v -8.9270707 1.0433663 0.5299038
v -8.927853599999999 1.0433663 -0.5276382
v -0.6378066999999996 1.0433663 -0.5337845999999999
v -0.6370243999999996 1.0433663 0.5237603
v -1.7648770999999996 0.7408241 -0.5329503
v -1.7640869999999995 0.7408241 0.5245993
v -1.7648770999999996 1.0433663 -0.5329503
v -1.7640869999999995 1.0433663 0.5245993
v -1.7640869999999995 1.2810547 0.5245993
v -1.7648770999999996 1.2810547 -0.5329503
v -0.6370243999999996 1.2810547 0.5237603
v -0.6378066999999996 1.2810547 -0.5337845999999999
v -8.7352209 0.7409177 -0.5277806
v -8.734438 0.7409177 0.5297619
v -8.7352209 1.0433663 -0.5277806
v -8.734438 1.0433663 0.5297619
v -0.10463719999999999 0.3221016 -1.0164090000000001
v -0.1031455999999995 0.3221016 1.0055938999999998
v -0.08141089999999984 0.3221016 -0.005426
v -1.7580273999999996 2.765088 -0.0041784000000000005
v -1.7588355999999998 2.7420093 -1.1027263
v -1.7572097999999996 2.7420093 1.0943697
v -0.5751836999999997 2.6946836999999997 -1.1036087
v -0.5735592999999999 2.6946836999999997 1.0934906
v -0.5743675999999995 2.7177711999999996 -0.0050563
v -1.3781859999999995 2.7649082 -1.1030137000000002
v -1.3765530999999998 2.7649082 1.0940877999999998
v -1.3773698999999997 2.7879867 -0.0044613
v -0.3065483999999996 0.3112489 -1.1911922000000001
v -0.30478789999999956 0.3112489 1.1806793
v -0.6881899999999996 2.7160545999999997 -1.1035221000000002
v -0.6865644999999998 2.7160545999999997 1.0935746999999998
v -0.6873738999999999 2.7391422999999997 -0.0049698
v -1.8155221999999998 1.6486861 -1.1697402000000001
v -1.8137957999999998 1.6486861 1.1614661
v -1.8267233999999997 1.6486861 -0.004129300000000001
v -0.05254509999999968 1.6254726 -1.0164432
v -0.05105209999999971 1.6254726 1.0055558
v -0.029318799999999534 1.6254726 -0.0054602999999999995
v -1.3782606999999998 1.6486861 -1.2110249000000002
v -1.3764779999999996 1.6486861 1.2020974
v -0.30654579999999987 1.6022592 -1.1951498
v -0.30478979999999956 1.6022592 1.1846330999999999
v -1.8155512999999996 1.2357512 -1.2074697
v -1.8137633999999996 1.2357601 1.1991874999999999
v -1.8267233999999997 1.2357512 -0.004129300000000001
v -0.07395559999999968 1.0502863 -1.0164350000000002
v -0.07245640000000009 1.0502863 1.0055736999999998
v -0.05073219999999967 1.0502863 -0.0054436
v -1.3782834999999998 1.2357512 -1.2320775000000002
v -1.3764634999999998 1.2357601 1.2231484
v -0.3065776999999996 1.1089355 -1.2328709000000002
v -0.30475859999999955 1.1089355 1.2223578
v -0.7849857999999998 0.3112489 -1.1908377
v -0.7832250999999997 0.3112489 1.1810341999999998
v -0.8423373999999995 2.7358982 -1.1034118000000002
v -0.8407039999999997 2.7358982 1.0936894
v -0.8415212999999997 2.7589856999999998 -0.0048596
v -0.8424115999999997 1.6277913 -1.2114230000000001
v -0.8406290999999997 1.6277913 1.2016991
v -0.8424265999999996 1.1935392 -1.2324728
v -0.8406071999999996 1.1935392 1.2227554999999999
v -1.7736413999999998 2.6000055 -1.1404961
v -1.7719540999999999 2.6000055 1.1321556
v -1.7763416999999997 2.6000055 -0.0041659
v -0.43429809999999947 2.5862643 -1.0804155000000002
v -0.43270689999999945 2.5862643 1.0700926
v -0.41102839999999974 2.5862643 -0.005175300000000001
v -1.3782203999999996 2.6061075999999996 -1.1552111
v -1.3765180999999997 2.6061075999999996 1.1462826
v -0.5791125999999998 2.5923127 -1.1557962000000002
v -0.5774063999999997 2.5923127 1.1456871999999998
v -0.8423712999999995 2.5953592 -1.1556097
v -0.8406689999999997 2.5953592 1.1458844
v -1.7161502999999998 2.7649082 -1.1027630000000002
v -1.7145256999999998 2.7649082 1.0943353999999998
v -1.7153348999999998 2.7879867 -0.0042097
v -1.7849318999999997 1.6486861 -1.2107213000000001
v -1.7831382999999996 1.6486861 1.2023974
v -1.7849464999999998 1.2357512 -1.2317708
v -1.7831249999999996 1.2357601 1.2234511
v -1.7345108999999996 2.6000055 -1.1549416000000001
v -1.7328064999999997 2.6000055 1.1465462999999998
v -1.8041872999999997 1.8627386000000001 -1.1697545
v -1.8024625999999997 1.8627386000000001 1.1614569
v -1.8153901999999995 1.8627386000000001 -0.0041386
v -0.13844489999999965 1.8416460000000001 -1.0337625000000001
v -0.13692379999999993 1.8416460000000001 1.0229952999999998
v -0.11520010000000003 1.8416460000000001 -0.0054002
v -1.3782601999999997 1.8641045 -1.1985188
v -1.3764886999999995 1.8641045 1.1895939999999998
v -0.3098378999999998 1.8250201000000001 -1.1951408000000001
v -0.3080797999999998 1.8250201000000001 1.1846363999999998
v -0.8424024999999995 1.8454925 -1.1947546
v -0.8406381999999994 1.8454925 1.1850313
v -1.7735793999999996 1.8627386000000001 -1.1982233000000002
v -1.7718081999999997 1.8627386000000001 1.1898902999999998
v -0.08195829999999926 0.3221016 -0.7431563999999999
v -0.0808648999999999 0.3221016 0.7323093
v -1.7587902999999998 2.765088 -1.0373688
v -1.7572624999999995 2.765088 1.0290055999999999
v -0.5751325999999999 2.7177711999999996 -1.0382398000000002
v -0.5736017999999996 2.7177711999999996 1.0281262
v -1.3781356999999996 2.7879867 -1.0376444
v -1.3766040999999998 2.7879867 1.0287202999999998
v -0.3062198999999999 0.3112489 -0.742988
v -0.30512579999999945 0.3112489 0.7324743
v -0.6881391999999997 2.7391422999999997 -1.0381531000000002
v -0.6866073999999998 2.7391422999999997 1.0282101
v -1.8274176999999998 1.6486861 -0.93677
v -1.8260292999999996 1.6486861 0.9285128
v -0.03001309999999968 1.6254726 -0.9381007
v -0.028633199999999803 1.6254726 0.9271776
v -1.8273856999999998 1.2357512 -0.9013917
v -1.8260602999999995 1.2357601 0.8931317
v -0.05139449999999979 1.0502863 -0.902706
v -0.05006789999999928 1.0502863 0.8918143000000001
v -0.7846569999999997 0.3112489 -0.7426329
v -0.7835628999999997 0.3112489 0.7328289
v -0.8422865999999996 2.7589856999999998 -1.0380427
v -0.8407554999999998 2.7589856999999998 1.0283223
v -1.7770819999999996 2.6000055 -0.9998191
v -1.7756009999999995 2.6000055 0.9914866
v -0.4117593999999998 2.5862643 -1.0008281
v -0.41028689999999957 2.5862643 0.9904748
v -1.7160999999999995 2.7879867 -1.0373940000000001
v -1.7145695999999995 2.7879867 1.0289746
v -1.8160903999999998 1.8627386000000001 -0.9525345
v -1.8146815999999997 1.8627386000000001 0.9442611
v -0.11591059999999942 1.8416460000000001 -0.9537943
v -0.11450099999999974 1.8416460000000001 0.9430000000000001
v -1.8155512999999996 1.1786567000000001 -1.2074697
v -1.8137633999999996 1.1786567000000001 1.1991874999999999
v -1.8267233999999997 1.1786567000000001 -0.004129300000000001
v -0.07395559999999968 0.5814945 -1.0164350000000002
v -0.07245640000000009 0.5814945 1.0055736999999998
v -0.05073219999999967 0.5814945 -0.0054436
v -1.3782834999999998 1.1786567000000001 -1.2320775000000002
v -1.3764634999999998 1.1786567000000001 1.2231484
v -0.3065776999999996 0.692909 -1.2328709000000002
v -0.30475859999999955 0.6929099000000001 1.2223578
v -0.7850148999999997 0.6976245000000001 -1.2325159
v -0.7831954999999997 0.6976245000000001 1.2227118
v -1.7849464999999998 1.1786567000000001 -1.2317708
v -1.7831249999999996 1.1786567000000001 1.2234511
v -1.8273186999999997 1.1786567000000001 -0.8064725
v -1.8261277999999996 1.1786567000000001 0.7982134
v -0.051327699999999865 0.5814945 -0.8077866
v -0.05013569999999934 0.5814945 0.7968962
v -0.05905819999999995 0.47783919999999996 -1.0164371
v -0.05756479999999975 0.4778401 1.0055611
v -0.035832000000000086 0.4778401 -0.0054541
v -0.3065776999999996 0.4152627 -1.2328709000000002
v -0.30475859999999955 0.4152627 1.2223578
v -0.7850148999999997 0.4178321 -1.2325159
v -0.7831954999999997 0.4178321 1.2227118
v -0.03640460000000001 0.47783919999999996 -0.7783977
v -0.03525829999999974 0.4778401 0.7674862
v -0.9694147999999996 1.0395828 -1.2323767
v -0.9675941999999997 1.0395828 1.2228468
v -1.1393155999999998 1.1522798 -1.23225
v -1.1374940999999996 1.1522798 1.2229723
v -0.8372836999999995 0.8621281000000001 -1.2324696000000002
v -0.8354706999999997 0.8621272 1.2227499
v -1.8155450999999996 1.2408917 -1.2038532000000002
v -1.8137726999999995 1.2408917 1.1955783999999998
v -1.8267233999999997 1.2408917 -0.004129300000000001
v -0.05254509999999968 1.1394464 -1.0164432
v -0.05105209999999971 1.1394464 1.0055558
v -0.029318799999999534 1.1394464 -0.0054602999999999995
v -1.3782741999999994 1.2408917 -1.2284697
v -1.3764645999999998 1.2408917 1.2195435
v -0.30654579999999987 1.1929551 -1.1951498
v -0.30478979999999956 1.1929551 1.1846330999999999
v -0.8424222999999995 1.2608428 -1.2249275000000002
v -0.8406124999999998 1.2608428 1.2152127
v -1.7849373999999996 1.2408917 -1.2281628
v -1.7831249999999996 1.2408917 1.2198436
v -1.8273935999999997 1.2408917 -0.9068731
v -1.8260543999999999 1.2408917 0.8986176
v -0.029989299999999552 1.1394464 -0.9082039
v -0.028649399999999936 1.1394464 0.8972871
v -0.1153360000000001 1.1582113 -0.9081409
v -0.11399559999999997 1.1582113 0.8973479
v -0.11466599999999971 1.1582113 -0.0053971
v -0.13789179999999934 1.1582113 -1.0163801000000001
v -0.1363992999999999 1.1582113 1.0056201999999999
v -0.1153278999999996 1.0690601 -0.9026598
v -0.11400269999999946 1.0690601 0.8918641
v -0.11466599999999971 1.0690601 -0.0053971
v -0.13789179999999934 1.0690601 -1.0163801000000001
v -0.1363992999999999 1.0690601 1.0056201999999999
v -0.30652189999999946 1.1929551 -1.1491904000000002
v -0.3048243999999998 1.1929551 1.1386790999999998
v -0.30652189999999946 1.1089355 -1.1491904000000002
v -0.3048243999999998 1.1089355 1.1386790999999998
v -1.3773698999999997 1.1786567000000001 -0.0044613
v -1.7840309999999997 1.1786567000000001 -0.0041603000000000005
v -0.7841100999999995 0.6976245000000001 -0.0049028000000000006
v -0.7841100999999995 0.4178321 -0.0049028000000000006
v -0.9685096999999998 1.0395828 -0.0047636
v -1.1384103999999997 1.1522798 -0.0046372
v -0.8363752999999998 0.8621272 -0.0048649
v -0.3056726999999997 0.3112489 -0.005257700000000001
v -0.7841100999999995 0.3112489 -0.0049028000000000006
v -0.8424239999999998 1.1971429 -1.2286091000000001
v -0.8406183999999999 1.1971429 1.218889
v -5.8555817999999995 0.373146 -0.6075296
v -5.856023599999999 0.373146 -1.2119265000000001
v -4.7471138999999996 0.373146 -1.2127544000000001
v -4.746666599999999 0.373146 -0.6083513
v -5.8555811 1.0052883000000001 -0.6075311999999999
v -5.856022899999999 1.0052883000000001 -1.2119282
v -4.7471138999999996 1.0052883000000001 -1.2127544000000001
v -4.746666599999999 1.0052883000000001 -0.6083513
usemtl mat1
vt 0.568295 0.670420
vt 0.568295 0.636419
vt 0.583589 0.636419
vt 0.583589 0.670420
f 203/655 206/656 205/657 204/658
vt 0.583589 0.670420
vt 0.583589 0.636419
vt 0.599021 0.636419
vt 0.599021 0.670420
f 204/659 205/660 207/661 208/662
vt 0.583589 0.670420
vt 0.583589 0.636419
vt 0.599021 0.636419
vt 0.599021 0.670420
f 213/663 212/664 210/665 209/666
vt 0.568295 0.670420
vt 0.568295 0.636419
vt 0.583589 0.636419
vt 0.583589 0.670420
f 214/667 211/668 212/669 213/670
vt 0.353814 0.598843
vt 0.420564 0.665592
vt 0.444996 0.623275
f 263/671 215/672 217/673
vt 0.444996 0.623275
vt 0.420564 0.665592
vt 0.353814 0.598843
f 218/674 216/675 264/676
vt 0.353814 0.598843
vt 0.444996 0.623275
vt 0.420564 0.665592
f 265/677 241/678 239/679
vt 0.420564 0.665592
vt 0.444996 0.623275
vt 0.353814 0.598843
f 240/680 242/681 266/682
vt 0.353814 0.598843
vt 0.444996 0.623275
vt 0.444996 0.574411
f 263/683 217/684 219/685
vt 0.444996 0.574411
vt 0.444996 0.623275
vt 0.353814 0.598843
f 220/686 218/687 264/688
vt 0.353814 0.598843
vt 0.444996 0.574411
vt 0.444996 0.623275
f 265/689 243/690 241/691
vt 0.444996 0.623275
vt 0.444996 0.574411
vt 0.353814 0.598843
f 242/692 244/693 266/694
vt 0.353814 0.598843
vt 0.444996 0.574411
vt 0.420564 0.532093
f 263/695 219/696 221/697
vt 0.420564 0.532093
vt 0.444996 0.574411
vt 0.353814 0.598843
f 222/698 220/699 264/700
vt 0.353814 0.598843
vt 0.420564 0.532093
vt 0.444996 0.574411
f 265/701 245/702 243/703
vt 0.444996 0.574411
vt 0.420564 0.532093
vt 0.353814 0.598843
f 244/704 246/705 266/706
vt 0.353814 0.598843
vt 0.420564 0.532093
vt 0.378246 0.507661
f 263/707 221/708 223/709
vt 0.378246 0.507661
vt 0.420564 0.532093
vt 0.353814 0.598843
f 224/710 222/711 264/712
vt 0.353814 0.598843
vt 0.378246 0.507661
vt 0.420564 0.532093
f 265/713 247/714 245/715
vt 0.420564 0.532093
vt 0.378246 0.507661
vt 0.353814 0.598843
f 246/716 248/717 266/718
vt 0.353814 0.598843
vt 0.378246 0.507661
vt 0.329382 0.507661
f 263/719 223/720 225/721
vt 0.329382 0.507661
vt 0.378246 0.507661
vt 0.353814 0.598843
f 226/722 224/723 264/724
vt 0.353814 0.598843
vt 0.329382 0.507661
vt 0.378246 0.507661
f 265/725 249/726 247/727
vt 0.378246 0.507661
vt 0.329382 0.507661
vt 0.353814 0.598843
f 248/728 250/729 266/730
vt 0.353814 0.598843
vt 0.329382 0.507661
vt 0.287065 0.532093
f 263/731 225/732 227/733
vt 0.287065 0.532093
vt 0.329382 0.507661
vt 0.353814 0.598843
f 228/734 226/735 264/736
vt 0.353814 0.598843
vt 0.287065 0.532093
vt 0.329382 0.507661
f 265/737 251/738 249/739
vt 0.329382 0.507661
vt 0.287065 0.532093
vt 0.353814 0.598843
f 250/740 252/741 266/742
vt 0.353814 0.598843
vt 0.287065 0.532093
vt 0.262633 0.574411
f 263/743 227/744 229/745
vt 0.262633 0.574411
vt 0.287065 0.532093
vt 0.353814 0.598843
f 230/746 228/747 264/748
vt 0.353814 0.598843
vt 0.262633 0.574410
vt 0.287065 0.532093
f 265/749 253/750 251/751
vt 0.287065 0.532093
vt 0.262633 0.574410
vt 0.353814 0.598843
f 252/752 254/753 266/754
vt 0.353814 0.598843
vt 0.262633 0.574411
vt 0.262633 0.623275
f 263/755 229/756 231/757
vt 0.262633 0.623275
vt 0.262633 0.574411
vt 0.353814 0.598843
f 232/758 230/759 264/760
vt 0.353814 0.598843
vt 0.262633 0.623275
vt 0.262633 0.574410
f 265/761 255/762 253/763
vt 0.262633 0.574410
vt 0.262633 0.623275
vt 0.353814 0.598843
f 254/764 256/765 266/766
vt 0.353814 0.598843
vt 0.262633 0.623275
vt 0.287065 0.665592
f 263/767 231/768 233/769
vt 0.287065 0.665592
vt 0.262633 0.623275
vt 0.353814 0.598843
f 234/770 232/771 264/772
vt 0.353814 0.598843
vt 0.287065 0.665592
vt 0.262633 0.623275
f 265/773 257/774 255/775
vt 0.262633 0.623275
vt 0.287065 0.665592
vt 0.353814 0.598843
f 256/776 258/777 266/778
vt 0.353814 0.598843
vt 0.287065 0.665592
vt 0.329382 0.690024
f 263/779 233/780 235/781
vt 0.329382 0.690024
vt 0.287065 0.665592
vt 0.353814 0.598843
f 236/782 234/783 264/784
vt 0.353814 0.598843
vt 0.329382 0.690024
vt 0.287065 0.665592
f 265/785 259/786 257/787
vt 0.287065 0.665592
vt 0.329382 0.690024
vt 0.353814 0.598843
f 258/788 260/789 266/790
vt 0.353814 0.598843
vt 0.329382 0.690024
vt 0.378246 0.690024
f 263/791 235/792 237/793
vt 0.378246 0.690024
vt 0.329382 0.690024
vt 0.353814 0.598843
f 238/794 236/795 264/796
vt 0.353814 0.598843
vt 0.378246 0.690024
vt 0.329382 0.690024
f 265/797 261/798 259/799
vt 0.329382 0.690024
vt 0.378246 0.690024
vt 0.353814 0.598843
f 260/800 262/801 266/802
vt 0.378246 0.690024
vt 0.420564 0.665592
vt 0.353814 0.598843
f 237/803 215/804 263/805
vt 0.353814 0.598843
vt 0.420564 0.665592
vt 0.378246 0.690024
f 264/806 216/807 238/808
vt 0.353814 0.598843
vt 0.420564 0.665592
vt 0.378246 0.690024
f 265/809 239/810 261/811
vt 0.378246 0.690024
vt 0.420564 0.665592
vt 0.353814 0.598843
f 262/812 240/813 266/814
vt 0.074632 0.051943
vt 0.129187 0.051943
vt 0.129187 0.120418
vt 0.074632 0.120418
f 215/815 239/816 241/817 217/818
vt 0.129187 0.120418
vt 0.129187 0.051943
vt 0.074632 0.051943
vt 0.074632 0.120418
f 242/819 240/820 216/821 218/822
vt 0.074632 0.051943
vt 0.129187 0.051943
vt 0.129187 0.120418
vt 0.074632 0.120418
f 217/823 241/824 243/825 219/826
vt 0.129187 0.120418
vt 0.129187 0.051943
vt 0.074632 0.051943
vt 0.074632 0.120418
f 244/827 242/828 218/829 220/830
vt 0.074632 0.051943
vt 0.129187 0.051943
vt 0.129187 0.120418
vt 0.074632 0.120418
f 219/831 243/832 245/833 221/834
vt 0.129187 0.120418
vt 0.129187 0.051943
vt 0.074632 0.051943
vt 0.074632 0.120418
f 246/835 244/836 220/837 222/838
vt 0.074632 0.051943
vt 0.129187 0.051943
vt 0.129187 0.120418
vt 0.074632 0.120418
f 221/839 245/840 247/841 223/842
vt 0.129187 0.120418
vt 0.129187 0.051943
vt 0.074632 0.051943
vt 0.074632 0.120418
f 248/843 246/844 222/845 224/846
vt 0.074632 0.051943
vt 0.129187 0.051943
vt 0.129187 0.120418
vt 0.074632 0.120418
f 223/847 247/848 249/849 225/850
vt 0.129187 0.120418
vt 0.129187 0.051943
vt 0.074632 0.051943
vt 0.074632 0.120418
f 250/851 248/852 224/853 226/854
vt 0.074632 0.051943
vt 0.129187 0.051943
vt 0.129187 0.120418
vt 0.074632 0.120418
f 225/855 249/856 251/857 227/858
vt 0.129187 0.120418
vt 0.129187 0.051943
vt 0.074632 0.051943
vt 0.074632 0.120418
f 252/859 250/860 226/861 228/862
vt 0.074632 0.051943
vt 0.129187 0.051943
vt 0.129187 0.120418
vt 0.074632 0.120418
f 227/863 251/864 253/865 229/866
vt 0.129187 0.120418
vt 0.129187 0.051943
vt 0.074632 0.051943
vt 0.074632 0.120418
f 254/867 252/868 228/869 230/870
vt 0.074632 0.051943
vt 0.129187 0.051943
vt 0.129187 0.120418
vt 0.074632 0.120418
f 229/871 253/872 255/873 231/874
vt 0.129187 0.120418
vt 0.129187 0.051943
vt 0.074632 0.051943
vt 0.074632 0.120418
f 256/875 254/876 230/877 232/878
vt 0.074632 0.051943
vt 0.129187 0.051943
vt 0.129187 0.120418
vt 0.074632 0.120418
f 231/879 255/880 257/881 233/882
vt 0.129187 0.120418
vt 0.129187 0.051943
vt 0.074632 0.051943
vt 0.074632 0.120418
f 258/883 256/884 232/885 234/886
vt 0.074632 0.051943
vt 0.129187 0.051943
vt 0.129187 0.120418
vt 0.074632 0.120418
f 233/887 257/888 259/889 235/890
vt 0.129187 0.120418
vt 0.129187 0.051943
vt 0.074632 0.051943
vt 0.074632 0.120418
f 260/891 258/892 234/893 236/894
vt 0.074632 0.051943
vt 0.129187 0.051943
vt 0.129187 0.120418
vt 0.074632 0.120418
f 235/895 259/896 261/897 237/898
vt 0.129187 0.120418
vt 0.129187 0.051943
vt 0.074632 0.051943
vt 0.074632 0.120418
f 262/899 260/900 236/901 238/902
vt 0.554718 0.589672
vt 0.356310 0.589672
vt 0.356310 0.391263
vt 0.554718 0.391263
f 239/903 215/904 237/905 261/906
vt 0.356310 0.391263
vt 0.356310 0.589672
vt 0.554718 0.589672
vt 0.554718 0.391263
f 238/907 216/908 240/909 262/910
vt 0.184115 0.837312
vt 0.081593 0.837312
vt 0.081593 0.813446
vt 0.184115 0.813446
f 267/911 301/912 299/913 269/914
vt 0.081593 0.813446
vt 0.081593 0.837312
vt 0.184115 0.837312
vt 0.184115 0.813446
f 300/915 302/916 268/917 270/918
vt 0.081593 0.837312
vt 0.078788 0.842366
vt 0.078788 0.820350
vt 0.081593 0.813446
f 301/919 283/920 285/921 299/922
vt 0.078788 0.820350
vt 0.078788 0.842366
vt 0.081593 0.837312
vt 0.081593 0.813446
f 286/923 284/924 302/925 300/926
vt 0.184115 0.813446
vt 0.081593 0.813446
vt 0.081593 0.813446
vt 0.184115 0.813446
f 269/927 299/928 303/929 271/930
vt 0.081593 0.813446
vt 0.081593 0.813446
vt 0.184115 0.813446
vt 0.184115 0.813446
f 304/931 300/932 270/933 272/934
vt 0.081593 0.813446
vt 0.078788 0.820350
vt 0.078788 0.820350
vt 0.081593 0.813446
f 299/935 285/936 287/937 303/938
vt 0.078788 0.820350
vt 0.078788 0.820350
vt 0.081593 0.813446
vt 0.081593 0.813446
f 288/939 286/940 300/941 304/942
vt 0.184115 0.991580
vt 0.081593 0.991580
vt 0.081593 0.991580
vt 0.184115 0.991580
f 273/943 305/944 307/945 275/946
vt 0.081593 0.991580
vt 0.081593 0.991580
vt 0.184115 0.991580
vt 0.184115 0.991580
f 308/947 306/948 274/949 276/950
vt 0.081593 0.991580
vt 0.078788 0.984676
vt 0.078788 0.984676
vt 0.081593 0.991580
f 305/951 289/952 291/953 307/954
vt 0.078788 0.984676
vt 0.078788 0.984676
vt 0.081593 0.991580
vt 0.081593 0.991580
f 292/955 290/956 306/957 308/958
vt 0.184115 0.991580
vt 0.081593 0.991580
vt 0.081593 0.967715
vt 0.184115 0.967715
f 275/959 307/960 309/961 277/962
vt 0.081593 0.967715
vt 0.081593 0.991580
vt 0.184115 0.991580
vt 0.184115 0.967715
f 310/963 308/964 276/965 278/966
vt 0.081593 0.991580
vt 0.078788 0.984676
vt 0.078788 0.962661
vt 0.081593 0.967715
f 307/967 291/968 293/969 309/970
vt 0.078788 0.962661
vt 0.078788 0.984676
vt 0.081593 0.991580
vt 0.081593 0.967715
f 294/971 292/972 308/973 310/974
vt 0.184115 0.967715
vt 0.081593 0.967715
vt 0.081593 0.926379
vt 0.184115 0.926379
f 277/975 309/976 311/977 279/978
vt 0.081593 0.926379
vt 0.081593 0.967715
vt 0.184115 0.967715
vt 0.184115 0.926379
f 312/979 310/980 278/981 280/982
vt 0.081593 0.967715
vt 0.078788 0.962661
vt 0.078788 0.924529
vt 0.081593 0.926379
f 309/983 293/984 295/985 311/986
vt 0.078788 0.924529
vt 0.078788 0.962661
vt 0.081593 0.967715
vt 0.081593 0.926379
f 296/987 294/988 310/989 312/990
vt 0.184115 0.926379
vt 0.081593 0.926379
vt 0.081593 0.878648
vt 0.184115 0.878648
f 279/991 311/992 313/993 281/994
vt 0.081593 0.878648
vt 0.081593 0.926379
vt 0.184115 0.926379
vt 0.184115 0.878648
f 314/995 312/996 280/997 282/998
vt 0.081593 0.926379
vt 0.078788 0.924529
vt 0.078788 0.880498
vt 0.081593 0.878648
f 311/999 295/1000 297/1001 313/1002
vt 0.078788 0.880498
vt 0.078788 0.924529
vt 0.081593 0.926379
vt 0.081593 0.878648
f 298/1003 296/1004 312/1005 314/1006
vt 0.078788 0.842366
vt 0.081593 0.837312
vt 0.081593 0.878648
vt 0.078788 0.880498
f 283/1007 301/1008 313/1009 297/1010
vt 0.081593 0.878648
vt 0.081593 0.837312
vt 0.078788 0.842366
vt 0.078788 0.880498
f 314/1011 302/1012 284/1013 298/1014
vt 0.081593 0.837312
vt 0.184115 0.837312
vt 0.184115 0.878648
vt 0.081593 0.878648
f 301/1015 267/1016 281/1017 313/1018
vt 0.184115 0.878648
vt 0.184115 0.837312
vt 0.081593 0.837312
vt 0.081593 0.878648
f 282/1019 268/1020 302/1021 314/1022
vt 0.074736 0.052240
vt 0.130153 0.052240
vt 0.130153 0.111991
vt 0.074736 0.111991
f 315/1023 339/1024 341/1025 317/1026
vt 0.130153 0.111991
vt 0.130153 0.052240
vt 0.074736 0.052240
vt 0.074736 0.111991
f 342/1027 340/1028 316/1029 318/1030
vt 0.074736 0.052240
vt 0.130153 0.052240
vt 0.130153 0.111991
vt 0.074736 0.111991
f 317/1031 341/1032 343/1033 319/1034
vt 0.130153 0.111991
vt 0.130153 0.052240
vt 0.074736 0.052240
vt 0.074736 0.111991
f 344/1035 342/1036 318/1037 320/1038
vt 0.074736 0.052240
vt 0.130153 0.052240
vt 0.130153 0.111991
vt 0.074736 0.111991
f 319/1039 343/1040 345/1041 321/1042
vt 0.130153 0.111991
vt 0.130153 0.052240
vt 0.074736 0.052240
vt 0.074736 0.111991
f 346/1043 344/1044 320/1045 322/1046
vt 0.074736 0.052240
vt 0.130153 0.052240
vt 0.130153 0.111991
vt 0.074736 0.111991
f 321/1047 345/1048 347/1049 323/1050
vt 0.130153 0.111991
vt 0.130153 0.052240
vt 0.074736 0.052240
vt 0.074736 0.111991
f 348/1051 346/1052 322/1053 324/1054
vt 0.074736 0.052240
vt 0.130153 0.052240
vt 0.130153 0.111991
vt 0.074736 0.111991
f 323/1055 347/1056 349/1057 325/1058
vt 0.130153 0.111991
vt 0.130153 0.052240
vt 0.074736 0.052240
vt 0.074736 0.111991
f 350/1059 348/1060 324/1061 326/1062
vt 0.074736 0.052240
vt 0.130153 0.052240
vt 0.130153 0.111991
vt 0.074736 0.111991
f 325/1063 349/1064 351/1065 327/1066
vt 0.130153 0.111991
vt 0.130153 0.052240
vt 0.074736 0.052240
vt 0.074736 0.111991
f 352/1067 350/1068 326/1069 328/1070
vt 0.074736 0.052240
vt 0.130153 0.052240
vt 0.130153 0.111991
vt 0.074736 0.111991
f 327/1071 351/1072 353/1073 329/1074
vt 0.130153 0.111991
vt 0.130153 0.052240
vt 0.074736 0.052240
vt 0.074736 0.111991
f 354/1075 352/1076 328/1077 330/1078
vt 0.074736 0.052240
vt 0.130153 0.052240
vt 0.130153 0.111991
vt 0.074736 0.111991
f 329/1079 353/1080 355/1081 331/1082
vt 0.130153 0.111991
vt 0.130153 0.052240
vt 0.074736 0.052240
vt 0.074736 0.111991
f 356/1083 354/1084 330/1085 332/1086
vt 0.074736 0.052240
vt 0.130153 0.052240
vt 0.130153 0.111991
vt 0.074736 0.111991
f 331/1087 355/1088 357/1089 333/1090
vt 0.130153 0.111991
vt 0.130153 0.052240
vt 0.074736 0.052240
vt 0.074736 0.111991
f 358/1091 356/1092 332/1093 334/1094
vt 0.074736 0.052240
vt 0.130153 0.052240
vt 0.130153 0.111991
vt 0.074736 0.111991
f 333/1095 357/1096 359/1097 335/1098
vt 0.130153 0.111991
vt 0.130153 0.052240
vt 0.074736 0.052240
vt 0.074736 0.111991
f 360/1099 358/1100 334/1101 336/1102
vt 0.074736 0.052240
vt 0.130153 0.052240
vt 0.130153 0.111991
vt 0.074736 0.111991
f 335/1103 359/1104 361/1105 337/1106
vt 0.130153 0.111991
vt 0.130153 0.052240
vt 0.074736 0.052240
vt 0.074736 0.111991
f 362/1107 360/1108 336/1109 338/1110
vt 0.130153 0.111991
vt 0.074736 0.111991
vt 0.074736 0.052240
vt 0.130153 0.052240
f 339/1111 315/1112 337/1113 361/1114
vt 0.074736 0.052240
vt 0.074736 0.111991
vt 0.130153 0.111991
vt 0.130153 0.052240
f 338/1115 316/1116 340/1117 362/1118
vt 0.399179 0.610921
vt 0.353713 0.598738
vt 0.386996 0.632022
f 369/1119 363/1120 367/1121
vt 0.386996 0.632022
vt 0.353713 0.598738
vt 0.399179 0.610921
f 368/1122 364/1123 370/1124
vt 0.386996 0.632022
vt 0.420279 0.665305
vt 0.444644 0.623103
vt 0.399179 0.610921
f 367/1125 315/1126 317/1127 369/1128
vt 0.444644 0.623103
vt 0.420279 0.665305
vt 0.386996 0.632022
vt 0.399179 0.610921
f 318/1129 316/1130 368/1131 370/1132
vt 0.420279 0.665305
vt 0.391723 0.636749
vt 0.405636 0.612651
vt 0.444644 0.623103
f 339/1133 371/1134 373/1135 341/1136
vt 0.405636 0.612651
vt 0.391723 0.636749
vt 0.420279 0.665305
vt 0.444644 0.623103
f 374/1137 372/1138 340/1139 342/1140
vt 0.399179 0.586556
vt 0.353713 0.598738
vt 0.399179 0.610921
f 375/1141 363/1142 369/1143
vt 0.399179 0.610921
vt 0.353713 0.598738
vt 0.399179 0.586556
f 370/1144 364/1145 376/1146
vt 0.444644 0.574374
vt 0.399179 0.586556
vt 0.399179 0.610921
vt 0.444644 0.623103
f 319/1147 375/1148 369/1149 317/1150
vt 0.399179 0.610921
vt 0.399179 0.586556
vt 0.444644 0.574374
vt 0.444644 0.623103
f 370/1151 376/1152 320/1153 318/1154
vt 0.444644 0.623103
vt 0.405636 0.612651
vt 0.405636 0.584826
vt 0.444644 0.574374
f 341/1155 373/1156 377/1157 343/1158
vt 0.405636 0.584826
vt 0.405636 0.612651
vt 0.444644 0.623103
vt 0.444644 0.574374
f 378/1159 374/1160 342/1161 344/1162
vt 0.386996 0.565455
vt 0.353713 0.598738
vt 0.399179 0.586556
f 379/1163 363/1164 375/1165
vt 0.399179 0.586556
vt 0.353713 0.598738
vt 0.386996 0.565455
f 376/1166 364/1167 380/1168
vt 0.420279 0.532172
vt 0.386996 0.565455
vt 0.399179 0.586556
vt 0.444644 0.574374
f 321/1169 379/1170 375/1171 319/1172
vt 0.399179 0.586556
vt 0.386996 0.565455
vt 0.420279 0.532172
vt 0.444644 0.574374
f 376/1173 380/1174 322/1175 320/1176
vt 0.444644 0.574374
vt 0.405636 0.584826
vt 0.391723 0.560728
vt 0.420279 0.532172
f 343/1177 377/1178 381/1179 345/1180
vt 0.391723 0.560728
vt 0.405636 0.584826
vt 0.444644 0.574374
vt 0.420279 0.532172
f 382/1181 378/1182 344/1183 346/1184
vt 0.365896 0.553273
vt 0.353713 0.598738
vt 0.386996 0.565455
f 383/1185 363/1186 379/1187
vt 0.386996 0.565455
vt 0.353713 0.598738
vt 0.365896 0.553273
f 380/1188 364/1189 384/1190
vt 0.378078 0.507807
vt 0.365896 0.553273
vt 0.386996 0.565455
vt 0.420279 0.532172
f 323/1191 383/1192 379/1193 321/1194
vt 0.386996 0.565455
vt 0.365896 0.553273
vt 0.378078 0.507807
vt 0.420279 0.532172
f 380/1195 384/1196 324/1197 322/1198
vt 0.420279 0.532172
vt 0.391723 0.560728
vt 0.367626 0.546816
vt 0.378078 0.507807
f 345/1199 381/1200 385/1201 347/1202
vt 0.367626 0.546816
vt 0.391723 0.560728
vt 0.420279 0.532172
vt 0.378078 0.507807
f 386/1203 382/1204 346/1205 348/1206
vt 0.341531 0.553273
vt 0.353713 0.598738
vt 0.365896 0.553273
f 387/1207 363/1208 383/1209
vt 0.365896 0.553273
vt 0.353713 0.598738
vt 0.341531 0.553273
f 384/1210 364/1211 388/1212
vt 0.329348 0.507807
vt 0.341531 0.553273
vt 0.365896 0.553273
vt 0.378078 0.507807
f 325/1213 387/1214 383/1215 323/1216
vt 0.365896 0.553273
vt 0.341531 0.553273
vt 0.329348 0.507807
vt 0.378078 0.507807
f 384/1217 388/1218 326/1219 324/1220
vt 0.378078 0.507807
vt 0.367626 0.546816
vt 0.339801 0.546816
vt 0.329348 0.507807
f 347/1221 385/1222 389/1223 349/1224
vt 0.339801 0.546816
vt 0.367626 0.546816
vt 0.378078 0.507807
vt 0.329348 0.507807
f 390/1225 386/1226 348/1227 350/1228
vt 0.320430 0.565455
vt 0.353713 0.598738
vt 0.341531 0.553273
f 391/1229 363/1230 387/1231
vt 0.341531 0.553273
vt 0.353713 0.598738
vt 0.320430 0.565455
f 388/1232 364/1233 392/1234
vt 0.287147 0.532172
vt 0.320430 0.565455
vt 0.341531 0.553273
vt 0.329348 0.507807
f 327/1235 391/1236 387/1237 325/1238
vt 0.341531 0.553273
vt 0.320430 0.565455
vt 0.287147 0.532172
vt 0.329348 0.507807
f 388/1239 392/1240 328/1241 326/1242
vt 0.329348 0.507807
vt 0.339801 0.546816
vt 0.315703 0.560728
vt 0.287147 0.532172
f 349/1243 389/1244 393/1245 351/1246
vt 0.315703 0.560728
vt 0.339801 0.546816
vt 0.329348 0.507807
vt 0.287147 0.532172
f 394/1247 390/1248 350/1249 352/1250
vt 0.308248 0.586556
vt 0.353713 0.598738
vt 0.320430 0.565455
f 395/1251 363/1252 391/1253
vt 0.320430 0.565455
vt 0.353713 0.598738
vt 0.308248 0.586556
f 392/1254 364/1255 396/1256
vt 0.262782 0.574373
vt 0.308248 0.586556
vt 0.320430 0.565455
vt 0.287147 0.532172
f 329/1257 395/1258 391/1259 327/1260
vt 0.320430 0.565455
vt 0.308248 0.586556
vt 0.262782 0.574373
vt 0.287147 0.532172
f 392/1261 396/1262 330/1263 328/1264
vt 0.287147 0.532172
vt 0.315703 0.560728
vt 0.301790 0.584826
vt 0.262782 0.574373
f 351/1265 393/1266 397/1267 353/1268
vt 0.301790 0.584826
vt 0.315703 0.560728
vt 0.287147 0.532172
vt 0.262782 0.574373
f 398/1269 394/1270 352/1271 354/1272
vt 0.308248 0.610921
vt 0.353713 0.598738
vt 0.308248 0.586556
f 399/1273 363/1274 395/1275
vt 0.308248 0.586556
vt 0.353713 0.598738
vt 0.308248 0.610921
f 396/1276 364/1277 400/1278
vt 0.262782 0.623103
vt 0.308248 0.610921
vt 0.308248 0.586556
vt 0.262782 0.574373
f 331/1279 399/1280 395/1281 329/1282
vt 0.308248 0.586556
vt 0.308248 0.610921
vt 0.262782 0.623103
vt 0.262782 0.574373
f 396/1283 400/1284 332/1285 330/1286
vt 0.262782 0.574373
vt 0.301790 0.584826
vt 0.301790 0.612651
vt 0.262782 0.623103
f 353/1287 397/1288 401/1289 355/1290
vt 0.301790 0.612651
vt 0.301790 0.584826
vt 0.262782 0.574373
vt 0.262782 0.623103
f 402/1291 398/1292 354/1293 356/1294
vt 0.320430 0.632022
vt 0.353713 0.598738
vt 0.308248 0.610921
f 403/1295 363/1296 399/1297
vt 0.308248 0.610921
vt 0.353713 0.598738
vt 0.320430 0.632022
f 400/1298 364/1299 404/1300
vt 0.287147 0.665305
vt 0.320430 0.632022
vt 0.308248 0.610921
vt 0.262782 0.623103
f 333/1301 403/1302 399/1303 331/1304
vt 0.308248 0.610921
vt 0.320430 0.632022
vt 0.287147 0.665305
vt 0.262782 0.623103
f 400/1305 404/1306 334/1307 332/1308
vt 0.262782 0.623103
vt 0.301790 0.612651
vt 0.315703 0.636748
vt 0.287147 0.665305
f 355/1309 401/1310 405/1311 357/1312
vt 0.315703 0.636748
vt 0.301790 0.612651
vt 0.262782 0.623103
vt 0.287147 0.665305
f 406/1313 402/1314 356/1315 358/1316
vt 0.341531 0.644204
vt 0.353713 0.598738
vt 0.320430 0.632022
f 407/1317 363/1318 403/1319
vt 0.320430 0.632022
vt 0.353713 0.598738
vt 0.341531 0.644204
f 404/1320 364/1321 408/1322
vt 0.329348 0.689670
vt 0.341531 0.644204
vt 0.320430 0.632022
vt 0.287147 0.665305
f 335/1323 407/1324 403/1325 333/1326
vt 0.320430 0.632022
vt 0.341531 0.644204
vt 0.329348 0.689670
vt 0.287147 0.665305
f 404/1327 408/1328 336/1329 334/1330
vt 0.287147 0.665305
vt 0.315703 0.636748
vt 0.339800 0.650661
vt 0.329348 0.689670
f 357/1331 405/1332 409/1333 359/1334
vt 0.339800 0.650661
vt 0.315703 0.636748
vt 0.287147 0.665305
vt 0.329348 0.689670
f 410/1335 406/1336 358/1337 360/1338
vt 0.365896 0.644204
vt 0.353713 0.598738
vt 0.341531 0.644204
f 411/1339 363/1340 407/1341
vt 0.341531 0.644204
vt 0.353713 0.598738
vt 0.365896 0.644204
f 408/1342 364/1343 412/1344
vt 0.378078 0.689670
vt 0.365896 0.644204
vt 0.341531 0.644204
vt 0.329348 0.689670
f 337/1345 411/1346 407/1347 335/1348
vt 0.341531 0.644204
vt 0.365896 0.644204
vt 0.378078 0.689670
vt 0.329348 0.689670
f 408/1349 412/1350 338/1351 336/1352
vt 0.329348 0.689670
vt 0.339800 0.650661
vt 0.367626 0.650661
vt 0.378078 0.689670
f 359/1353 409/1354 413/1355 361/1356
vt 0.367626 0.650661
vt 0.339800 0.650661
vt 0.329348 0.689670
vt 0.378078 0.689670
f 414/1357 410/1358 360/1359 362/1360
vt 0.386996 0.632022
vt 0.353713 0.598738
vt 0.365896 0.644204
f 367/1361 363/1362 411/1363
vt 0.365896 0.644204
vt 0.353713 0.598738
vt 0.386996 0.632022
f 412/1364 364/1365 368/1366
vt 0.420279 0.665305
vt 0.386996 0.632022
vt 0.365896 0.644204
vt 0.378078 0.689670
f 315/1367 367/1368 411/1369 337/1370
vt 0.365896 0.644204
vt 0.386996 0.632022
vt 0.420279 0.665305
vt 0.378078 0.689670
f 412/1371 368/1372 316/1373 338/1374
vt 0.378078 0.689670
vt 0.367626 0.650661
vt 0.391723 0.636749
vt 0.420279 0.665305
f 361/1375 413/1376 371/1377 339/1378
vt 0.391723 0.636749
vt 0.367626 0.650661
vt 0.378078 0.689670
vt 0.420279 0.665305
f 372/1379 414/1380 362/1381 340/1382
vt 0.384003 0.629028
vt 0.353713 0.598738
vt 0.395090 0.609825
f 415/1383 365/1384 417/1385
vt 0.395090 0.609825
vt 0.353713 0.598738
vt 0.384003 0.629028
f 418/1386 366/1387 416/1388
vt 0.391723 0.636749
vt 0.384003 0.629028
vt 0.395090 0.609825
vt 0.405636 0.612651
f 371/1389 415/1390 417/1391 373/1392
vt 0.395090 0.609825
vt 0.384003 0.629028
vt 0.391723 0.636749
vt 0.405636 0.612651
f 418/1393 416/1394 372/1395 374/1396
vt 0.395090 0.609825
vt 0.353713 0.598738
vt 0.395090 0.587652
f 417/1397 365/1398 419/1399
vt 0.395090 0.587652
vt 0.353713 0.598738
vt 0.395090 0.609825
f 420/1400 366/1401 418/1402
vt 0.405636 0.612651
vt 0.395090 0.609825
vt 0.395090 0.587652
vt 0.405636 0.584826
f 373/1403 417/1404 419/1405 377/1406
vt 0.395090 0.587652
vt 0.395090 0.609825
vt 0.405636 0.612651
vt 0.405636 0.584826
f 420/1407 418/1408 374/1409 378/1410
vt 0.395090 0.587652
vt 0.353713 0.598738
vt 0.384003 0.568449
f 419/1411 365/1412 421/1413
vt 0.384003 0.568449
vt 0.353713 0.598738
vt 0.395090 0.587652
f 422/1414 366/1415 420/1416
vt 0.405636 0.584826
vt 0.395090 0.587652
vt 0.384003 0.568449
vt 0.391723 0.560728
f 377/1417 419/1418 421/1419 381/1420
vt 0.384003 0.568449
vt 0.395090 0.587652
vt 0.405636 0.584826
vt 0.391723 0.560728
f 422/1421 420/1422 378/1423 382/1424
vt 0.384003 0.568449
vt 0.353713 0.598738
vt 0.364800 0.557362
f 421/1425 365/1426 423/1427
vt 0.364800 0.557362
vt 0.353713 0.598738
vt 0.384003 0.568449
f 424/1428 366/1429 422/1430
vt 0.391723 0.560728
vt 0.384003 0.568449
vt 0.364800 0.557362
vt 0.367626 0.546816
f 381/1431 421/1432 423/1433 385/1434
vt 0.364800 0.557362
vt 0.384003 0.568449
vt 0.391723 0.560728
vt 0.367626 0.546816
f 424/1435 422/1436 382/1437 386/1438
vt 0.364800 0.557362
vt 0.353713 0.598738
vt 0.342626 0.557362
f 423/1439 365/1440 425/1441
vt 0.342626 0.557362
vt 0.353713 0.598738
vt 0.364800 0.557362
f 426/1442 366/1443 424/1444
vt 0.367626 0.546816
vt 0.364800 0.557362
vt 0.342626 0.557362
vt 0.339801 0.546816
f 385/1445 423/1446 425/1447 389/1448
vt 0.342626 0.557362
vt 0.364800 0.557362
vt 0.367626 0.546816
vt 0.339801 0.546816
f 426/1449 424/1450 386/1451 390/1452
vt 0.342626 0.557362
vt 0.353713 0.598738
vt 0.323423 0.568449
f 425/1453 365/1454 427/1455
vt 0.323423 0.568449
vt 0.353713 0.598738
vt 0.342626 0.557362
f 428/1456 366/1457 426/1458
vt 0.339801 0.546816
vt 0.342626 0.557362
vt 0.323423 0.568449
vt 0.315703 0.560728
f 389/1459 425/1460 427/1461 393/1462
vt 0.323423 0.568449
vt 0.342626 0.557362
vt 0.339801 0.546816
vt 0.315703 0.560728
f 428/1463 426/1464 390/1465 394/1466
vt 0.323423 0.568449
vt 0.353713 0.598738
vt 0.312336 0.587651
f 427/1467 365/1468 429/1469
vt 0.312336 0.587651
vt 0.353713 0.598738
vt 0.323423 0.568449
f 430/1470 366/1471 428/1472
vt 0.315703 0.560728
vt 0.323423 0.568449
vt 0.312336 0.587651
vt 0.301790 0.584826
f 393/1473 427/1474 429/1475 397/1476
vt 0.312336 0.587651
vt 0.323423 0.568449
vt 0.315703 0.560728
vt 0.301790 0.584826
f 430/1477 428/1478 394/1479 398/1480
vt 0.312336 0.587651
vt 0.353713 0.598738
vt 0.312336 0.609825
f 429/1481 365/1482 431/1483
vt 0.312336 0.609825
vt 0.353713 0.598738
vt 0.312336 0.587651
f 432/1484 366/1485 430/1486
vt 0.301790 0.584826
vt 0.312336 0.587651
vt 0.312336 0.609825
vt 0.301790 0.612651
f 397/1487 429/1488 431/1489 401/1490
vt 0.312336 0.609825
vt 0.312336 0.587651
vt 0.301790 0.584826
vt 0.301790 0.612651
f 432/1491 430/1492 398/1493 402/1494
vt 0.312336 0.609825
vt 0.353713 0.598738
vt 0.323423 0.629028
f 431/1495 365/1496 433/1497
vt 0.323423 0.629028
vt 0.353713 0.598738
vt 0.312336 0.609825
f 434/1498 366/1499 432/1500
vt 0.301790 0.612651
vt 0.312336 0.609825
vt 0.323423 0.629028
vt 0.315703 0.636748
f 401/1501 431/1502 433/1503 405/1504
vt 0.323423 0.629028
vt 0.312336 0.609825
vt 0.301790 0.612651
vt 0.315703 0.636748
f 434/1505 432/1506 402/1507 406/1508
vt 0.323423 0.629028
vt 0.353713 0.598738
vt 0.342626 0.640115
f 433/1509 365/1510 435/1511
vt 0.342626 0.640115
vt 0.353713 0.598738
vt 0.323423 0.629028
f 436/1512 366/1513 434/1514
vt 0.315703 0.636748
vt 0.323423 0.629028
vt 0.342626 0.640115
vt 0.339800 0.650661
f 405/1515 433/1516 435/1517 409/1518
vt 0.342626 0.640115
vt 0.323423 0.629028
vt 0.315703 0.636748
vt 0.339800 0.650661
f 436/1519 434/1520 406/1521 410/1522
vt 0.342626 0.640115
vt 0.353713 0.598738
vt 0.364800 0.640115
f 435/1523 365/1524 437/1525
vt 0.364800 0.640115
vt 0.353713 0.598738
vt 0.342626 0.640115
f 438/1526 366/1527 436/1528
vt 0.339800 0.650661
vt 0.342626 0.640115
vt 0.364800 0.640115
vt 0.367626 0.650661
f 409/1529 435/1530 437/1531 413/1532
vt 0.364800 0.640115
vt 0.342626 0.640115
vt 0.339800 0.650661
vt 0.367626 0.650661
f 438/1533 436/1534 410/1535 414/1536
vt 0.364800 0.640115
vt 0.353713 0.598738
vt 0.384003 0.629028
f 437/1537 365/1538 415/1539
vt 0.384003 0.629028
vt 0.353713 0.598738
vt 0.364800 0.640115
f 416/1540 366/1541 438/1542
vt 0.367626 0.650661
vt 0.364800 0.640115
vt 0.384003 0.629028
vt 0.391723 0.636749
f 413/1543 437/1544 415/1545 371/1546
vt 0.384003 0.629028
vt 0.364800 0.640115
vt 0.367626 0.650661
vt 0.391723 0.636749
f 416/1547 438/1548 414/1549 372/1550
vt 0.115260 0.552060
vt 0.085072 0.521872
vt 0.104211 0.510822
f 463/1551 439/1552 440/1553
vt 0.115260 0.552060
vt 0.104210 0.510822
vt 0.085072 0.521872
f 464/1554 452/1555 451/1556
vt 0.115260 0.552060
vt 0.104211 0.510822
vt 0.126310 0.510822
f 463/1557 440/1558 441/1559
vt 0.115260 0.552060
vt 0.126310 0.510822
vt 0.104210 0.510822
f 464/1560 453/1561 452/1562
vt 0.115260 0.552060
vt 0.126310 0.510822
vt 0.145448 0.521872
f 463/1563 441/1564 442/1565
vt 0.115260 0.552060
vt 0.145448 0.521872
vt 0.126310 0.510822
f 464/1566 454/1567 453/1568
vt 0.115260 0.552060
vt 0.145448 0.521872
vt 0.156498 0.541010
f 463/1569 442/1570 443/1571
vt 0.115260 0.552060
vt 0.156498 0.541010
vt 0.145448 0.521872
f 464/1572 455/1573 454/1574
vt 0.115260 0.552060
vt 0.156498 0.541010
vt 0.156498 0.563109
f 463/1575 443/1576 444/1577
vt 0.115260 0.552060
vt 0.156498 0.563109
vt 0.156498 0.541010
f 464/1578 456/1579 455/1580
vt 0.115260 0.552060
vt 0.156498 0.563109
vt 0.145448 0.582248
f 463/1581 444/1582 445/1583
vt 0.115260 0.552060
vt 0.145448 0.582248
vt 0.156498 0.563109
f 464/1584 457/1585 456/1586
vt 0.115260 0.552060
vt 0.145448 0.582248
vt 0.126310 0.593297
f 463/1587 445/1588 446/1589
vt 0.115260 0.552060
vt 0.126310 0.593298
vt 0.145448 0.582248
f 464/1590 458/1591 457/1592
vt 0.115260 0.552060
vt 0.126310 0.593297
vt 0.104211 0.593297
f 463/1593 446/1594 447/1595
vt 0.115260 0.552060
vt 0.104211 0.593298
vt 0.126310 0.593298
f 464/1596 459/1597 458/1598
vt 0.115260 0.552060
vt 0.104211 0.593297
vt 0.085072 0.582248
f 463/1599 447/1600 448/1601
vt 0.115260 0.552060
vt 0.085072 0.582248
vt 0.104211 0.593298
f 464/1602 460/1603 459/1604
vt 0.115260 0.552060
vt 0.085072 0.582248
vt 0.074022 0.563109
f 463/1605 448/1606 449/1607
vt 0.115260 0.552060
vt 0.074022 0.563110
vt 0.085072 0.582248
f 464/1608 461/1609 460/1610
vt 0.115260 0.552060
vt 0.074022 0.563109
vt 0.074022 0.541010
f 463/1611 449/1612 450/1613
vt 0.115260 0.552060
vt 0.074022 0.541010
vt 0.074022 0.563110
f 464/1614 462/1615 461/1616
vt 0.074022 0.541010
vt 0.085072 0.521872
vt 0.115260 0.552060
f 450/1617 439/1618 463/1619
vt 0.115260 0.552060
vt 0.085072 0.521872
vt 0.074022 0.541010
f 464/1620 451/1621 462/1622
vt 0.117630 0.655518
vt 0.117630 0.748245
vt 0.109955 0.748245
vt 0.109955 0.655518
f 439/1623 451/1624 452/1625 440/1626
vt 0.109955 0.655518
vt 0.109955 0.748245
vt 0.109955 0.748245
vt 0.109955 0.655518
f 440/1627 452/1628 453/1629 441/1630
vt 0.109955 0.655518
vt 0.109955 0.748245
vt 0.117630 0.748245
vt 0.117630 0.655518
f 441/1631 453/1632 454/1633 442/1634
vt 0.117630 0.655518
vt 0.117630 0.748245
vt 0.130923 0.748245
vt 0.130923 0.655518
f 442/1635 454/1636 455/1637 443/1638
vt 0.130923 0.655518
vt 0.130923 0.748245
vt 0.146273 0.748245
vt 0.146273 0.655518
f 443/1639 455/1640 456/1641 444/1642
vt 0.146273 0.655518
vt 0.146273 0.748245
vt 0.159566 0.748245
vt 0.159566 0.655518
f 444/1643 456/1644 457/1645 445/1646
vt 0.159566 0.655518
vt 0.159566 0.748245
vt 0.167241 0.748245
vt 0.167241 0.655518
f 445/1647 457/1648 458/1649 446/1650
vt 0.167241 0.655518
vt 0.167241 0.748245
vt 0.167241 0.748245
vt 0.167241 0.655518
f 446/1651 458/1652 459/1653 447/1654
vt 0.167241 0.655518
vt 0.167241 0.748245
vt 0.159566 0.748245
vt 0.159566 0.655518
f 447/1655 459/1656 460/1657 448/1658
vt 0.159566 0.655518
vt 0.159566 0.748245
vt 0.146273 0.748245
vt 0.146273 0.655518
f 448/1659 460/1660 461/1661 449/1662
vt 0.146273 0.655518
vt 0.146273 0.748245
vt 0.130923 0.748245
vt 0.130923 0.655518
f 449/1663 461/1664 462/1665 450/1666
vt 0.117630 0.748245
vt 0.117630 0.655518
vt 0.130923 0.655518
vt 0.130923 0.748245
f 451/1667 439/1668 450/1669 462/1670
vt 0.074297 0.063575
vt 0.129297 0.063575
vt 0.129297 0.127784
vt 0.074297 0.127784
f 465/1671 489/1672 491/1673 467/1674
vt 0.129297 0.127784
vt 0.129297 0.063575
vt 0.074297 0.063575
vt 0.074297 0.127784
f 492/1675 490/1676 466/1677 468/1678
vt 0.074297 0.063575
vt 0.129297 0.063575
vt 0.129297 0.127784
vt 0.074297 0.127784
f 467/1679 491/1680 493/1681 469/1682
vt 0.129297 0.127784
vt 0.129297 0.063575
vt 0.074297 0.063575
vt 0.074297 0.127784
f 494/1683 492/1684 468/1685 470/1686
vt 0.074297 0.063575
vt 0.129297 0.063575
vt 0.129297 0.127784
vt 0.074297 0.127784
f 469/1687 493/1688 495/1689 471/1690
vt 0.129297 0.127784
vt 0.129297 0.063575
vt 0.074297 0.063575
vt 0.074297 0.127784
f 496/1691 494/1692 470/1693 472/1694
vt 0.074297 0.063575
vt 0.129297 0.063575
vt 0.129297 0.127784
vt 0.074297 0.127784
f 471/1695 495/1696 497/1697 473/1698
vt 0.129297 0.127784
vt 0.129297 0.063575
vt 0.074297 0.063575
vt 0.074297 0.127784
f 498/1699 496/1700 472/1701 474/1702
vt 0.074297 0.063575
vt 0.129297 0.063575
vt 0.129297 0.127784
vt 0.074297 0.127784
f 473/1703 497/1704 499/1705 475/1706
vt 0.129297 0.127784
vt 0.129297 0.063575
vt 0.074297 0.063575
vt 0.074297 0.127784
f 500/1707 498/1708 474/1709 476/1710
vt 0.074297 0.063575
vt 0.129297 0.063575
vt 0.129297 0.127784
vt 0.074297 0.127784
f 475/1711 499/1712 501/1713 477/1714
vt 0.129297 0.127784
vt 0.129297 0.063575
vt 0.074297 0.063575
vt 0.074297 0.127784
f 502/1715 500/1716 476/1717 478/1718
vt 0.074297 0.063575
vt 0.129297 0.063575
vt 0.129297 0.127784
vt 0.074297 0.127784
f 477/1719 501/1720 503/1721 479/1722
vt 0.129297 0.127784
vt 0.129297 0.063575
vt 0.074297 0.063575
vt 0.074297 0.127784
f 504/1723 502/1724 478/1725 480/1726
vt 0.074297 0.063575
vt 0.129297 0.063575
vt 0.129297 0.127784
vt 0.074297 0.127784
f 479/1727 503/1728 505/1729 481/1730
vt 0.129297 0.127784
vt 0.129297 0.063575
vt 0.074297 0.063575
vt 0.074297 0.127784
f 506/1731 504/1732 480/1733 482/1734
vt 0.074297 0.063575
vt 0.129297 0.063575
vt 0.129297 0.127784
vt 0.074297 0.127784
f 481/1735 505/1736 507/1737 483/1738
vt 0.129297 0.127784
vt 0.129297 0.063575
vt 0.074297 0.063575
vt 0.074297 0.127784
f 508/1739 506/1740 482/1741 484/1742
vt 0.074297 0.063575
vt 0.129297 0.063575
vt 0.129297 0.127784
vt 0.074297 0.127784
f 483/1743 507/1744 509/1745 485/1746
vt 0.129297 0.127784
vt 0.129297 0.063575
vt 0.074297 0.063575
vt 0.074297 0.127784
f 510/1747 508/1748 484/1749 486/1750
vt 0.074297 0.063575
vt 0.129297 0.063575
vt 0.129297 0.127784
vt 0.074297 0.127784
f 485/1751 509/1752 511/1753 487/1754
vt 0.129297 0.127784
vt 0.129297 0.063575
vt 0.074297 0.063575
vt 0.074297 0.127784
f 512/1755 510/1756 486/1757 488/1758
vt 0.129297 0.127784
vt 0.074297 0.127784
vt 0.074297 0.063575
vt 0.129297 0.063575
f 489/1759 465/1760 487/1761 511/1762
vt 0.074297 0.063575
vt 0.074297 0.127784
vt 0.129297 0.127784
vt 0.129297 0.063575
f 488/1763 466/1764 490/1765 512/1766
vt 0.904811 0.609506
vt 0.857728 0.596890
vt 0.892195 0.631357
f 519/1767 513/1768 517/1769
vt 0.892195 0.631357
vt 0.857728 0.596890
vt 0.904811 0.609506
f 518/1770 514/1771 520/1772
vt 0.892195 0.631357
vt 0.926510 0.665672
vt 0.951687 0.622066
vt 0.904811 0.609506
f 517/1773 465/1774 467/1775 519/1776
vt 0.951687 0.622066
vt 0.926510 0.665672
vt 0.892195 0.631357
vt 0.904811 0.609506
f 468/1777 466/1778 518/1779 520/1780
vt 0.926510 0.665672
vt 0.897090 0.636252
vt 0.911497 0.611297
vt 0.951687 0.622066
f 489/1781 521/1782 523/1783 491/1784
vt 0.911497 0.611297
vt 0.897090 0.636252
vt 0.926510 0.665672
vt 0.951687 0.622066
f 524/1785 522/1786 490/1787 492/1788
vt 0.904811 0.584274
vt 0.857728 0.596890
vt 0.904811 0.609506
f 525/1789 513/1790 519/1791
vt 0.904811 0.609506
vt 0.857728 0.596890
vt 0.904811 0.584274
f 520/1792 514/1793 526/1794
vt 0.951687 0.571714
vt 0.904811 0.584274
vt 0.904811 0.609506
vt 0.951687 0.622066
f 469/1795 525/1796 519/1797 467/1798
vt 0.904811 0.609506
vt 0.904811 0.584274
vt 0.951687 0.571714
vt 0.951687 0.622066
f 520/1799 526/1800 470/1801 468/1802
vt 0.951687 0.622066
vt 0.911497 0.611297
vt 0.911497 0.582482
vt 0.951687 0.571714
f 491/1803 523/1804 527/1805 493/1806
vt 0.911497 0.582482
vt 0.911497 0.611297
vt 0.951687 0.622066
vt 0.951687 0.571714
f 528/1807 524/1808 492/1809 494/1810
vt 0.892195 0.562423
vt 0.857728 0.596890
vt 0.904811 0.584274
f 529/1811 513/1812 525/1813
vt 0.904811 0.584274
vt 0.857728 0.596890
vt 0.892195 0.562423
f 526/1814 514/1815 530/1816
vt 0.926510 0.528107
vt 0.892195 0.562423
vt 0.904811 0.584274
vt 0.951687 0.571714
f 471/1817 529/1818 525/1819 469/1820
vt 0.904811 0.584274
vt 0.892195 0.562423
vt 0.926510 0.528107
vt 0.951687 0.571714
f 526/1821 530/1822 472/1823 470/1824
vt 0.951687 0.571714
vt 0.911497 0.582482
vt 0.897090 0.557528
vt 0.926510 0.528107
f 493/1825 527/1826 531/1827 495/1828
vt 0.897090 0.557528
vt 0.911497 0.582482
vt 0.951687 0.571714
vt 0.926510 0.528107
f 532/1829 528/1830 494/1831 496/1832
vt 0.870344 0.549807
vt 0.857728 0.596890
vt 0.892195 0.562423
f 533/1833 513/1834 529/1835
vt 0.892195 0.562423
vt 0.857728 0.596890
vt 0.870344 0.549807
f 530/1836 514/1837 534/1838
vt 0.882904 0.502931
vt 0.870344 0.549807
vt 0.892195 0.562423
vt 0.926510 0.528107
f 473/1839 533/1840 529/1841 471/1842
vt 0.892195 0.562423
vt 0.870344 0.549807
vt 0.882904 0.502931
vt 0.926510 0.528107
f 530/1843 534/1844 474/1845 472/1846
vt 0.926510 0.528107
vt 0.897090 0.557528
vt 0.872136 0.543120
vt 0.882904 0.502931
f 495/1847 531/1848 535/1849 497/1850
vt 0.872136 0.543120
vt 0.897090 0.557528
vt 0.926510 0.528107
vt 0.882904 0.502931
f 536/1851 532/1852 496/1853 498/1854
vt 0.845112 0.549807
vt 0.857728 0.596890
vt 0.870344 0.549807
f 537/1855 513/1856 533/1857
vt 0.870344 0.549807
vt 0.857728 0.596890
vt 0.845112 0.549807
f 534/1858 514/1859 538/1860
vt 0.832552 0.502931
vt 0.845112 0.549807
vt 0.870344 0.549807
vt 0.882904 0.502931
f 475/1861 537/1862 533/1863 473/1864
vt 0.870344 0.549807
vt 0.845112 0.549807
vt 0.832552 0.502931
vt 0.882904 0.502931
f 534/1865 538/1866 476/1867 474/1868
vt 0.882904 0.502931
vt 0.872136 0.543120
vt 0.843320 0.543120
vt 0.832552 0.502931
f 497/1869 535/1870 539/1871 499/1872
vt 0.843320 0.543120
vt 0.872136 0.543120
vt 0.882904 0.502931
vt 0.832552 0.502931
f 540/1873 536/1874 498/1875 500/1876
vt 0.823261 0.562423
vt 0.857728 0.596890
vt 0.845112 0.549807
f 541/1877 513/1878 537/1879
vt 0.845112 0.549807
vt 0.857728 0.596890
vt 0.823261 0.562423
f 538/1880 514/1881 542/1882
vt 0.788945 0.528107
vt 0.823261 0.562423
vt 0.845112 0.549807
vt 0.832552 0.502931
f 477/1883 541/1884 537/1885 475/1886
vt 0.845112 0.549807
vt 0.823261 0.562423
vt 0.788945 0.528107
vt 0.832552 0.502931
f 538/1887 542/1888 478/1889 476/1890
vt 0.832552 0.502931
vt 0.843320 0.543120
vt 0.818366 0.557528
vt 0.788945 0.528107
f 499/1891 539/1892 543/1893 501/1894
vt 0.818366 0.557528
vt 0.843320 0.543120
vt 0.832552 0.502931
vt 0.788945 0.528107
f 544/1895 540/1896 500/1897 502/1898
vt 0.810645 0.584274
vt 0.857728 0.596890
vt 0.823261 0.562423
f 545/1899 513/1900 541/1901
vt 0.823261 0.562423
vt 0.857728 0.596890
vt 0.810645 0.584274
f 542/1902 514/1903 546/1904
vt 0.763769 0.571714
vt 0.810645 0.584274
vt 0.823261 0.562423
vt 0.788945 0.528107
f 479/1905 545/1906 541/1907 477/1908
vt 0.823261 0.562423
vt 0.810645 0.584274
vt 0.763769 0.571714
vt 0.788945 0.528107
f 542/1909 546/1910 480/1911 478/1912
vt 0.788945 0.528107
vt 0.818366 0.557528
vt 0.803958 0.582482
vt 0.763769 0.571713
f 501/1913 543/1914 547/1915 503/1916
vt 0.803958 0.582482
vt 0.818366 0.557528
vt 0.788945 0.528107
vt 0.763769 0.571713
f 548/1917 544/1918 502/1919 504/1920
vt 0.810645 0.609506
vt 0.857728 0.596890
vt 0.810645 0.584274
f 549/1921 513/1922 545/1923
vt 0.810645 0.584274
vt 0.857728 0.596890
vt 0.810645 0.609506
f 546/1924 514/1925 550/1926
vt 0.763769 0.622066
vt 0.810645 0.609506
vt 0.810645 0.584274
vt 0.763769 0.571714
f 481/1927 549/1928 545/1929 479/1930
vt 0.810645 0.584274
vt 0.810645 0.609506
vt 0.763769 0.622066
vt 0.763769 0.571714
f 546/1931 550/1932 482/1933 480/1934
vt 0.763769 0.571713
vt 0.803958 0.582482
vt 0.803958 0.611297
vt 0.763769 0.622066
f 503/1935 547/1936 551/1937 505/1938
vt 0.803958 0.611297
vt 0.803958 0.582482
vt 0.763769 0.571713
vt 0.763769 0.622066
f 552/1939 548/1940 504/1941 506/1942
vt 0.823261 0.631357
vt 0.857728 0.596890
vt 0.810645 0.609506
f 553/1943 513/1944 549/1945
vt 0.810645 0.609506
vt 0.857728 0.596890
vt 0.823261 0.631357
f 550/1946 514/1947 554/1948
vt 0.788945 0.665672
vt 0.823261 0.631357
vt 0.810645 0.609506
vt 0.763769 0.622066
f 483/1949 553/1950 549/1951 481/1952
vt 0.810645 0.609506
vt 0.823261 0.631357
vt 0.788945 0.665672
vt 0.763769 0.622066
f 550/1953 554/1954 484/1955 482/1956
vt 0.763769 0.622066
vt 0.803958 0.611297
vt 0.818366 0.636252
vt 0.788945 0.665672
f 505/1957 551/1958 555/1959 507/1960
vt 0.818366 0.636252
vt 0.803958 0.611297
vt 0.763769 0.622066
vt 0.788945 0.665672
f 556/1961 552/1962 506/1963 508/1964
vt 0.845112 0.643972
vt 0.857728 0.596890
vt 0.823261 0.631357
f 557/1965 513/1966 553/1967
vt 0.823261 0.631357
vt 0.857728 0.596890
vt 0.845112 0.643972
f 554/1968 514/1969 558/1970
vt 0.832552 0.690848
vt 0.845112 0.643972
vt 0.823261 0.631357
vt 0.788945 0.665672
f 485/1971 557/1972 553/1973 483/1974
vt 0.823261 0.631357
vt 0.845112 0.643972
vt 0.832552 0.690848
vt 0.788945 0.665672
f 554/1975 558/1976 486/1977 484/1978
vt 0.788945 0.665672
vt 0.818366 0.636252
vt 0.843320 0.650659
vt 0.832551 0.690848
f 507/1979 555/1980 559/1981 509/1982
vt 0.843320 0.650659
vt 0.818366 0.636252
vt 0.788945 0.665672
vt 0.832551 0.690848
f 560/1983 556/1984 508/1985 510/1986
vt 0.870344 0.643972
vt 0.857728 0.596890
vt 0.845112 0.643972
f 561/1987 513/1988 557/1989
vt 0.845112 0.643972
vt 0.857728 0.596890
vt 0.870344 0.643972
f 558/1990 514/1991 562/1992
vt 0.882904 0.690848
vt 0.870344 0.643972
vt 0.845112 0.643972
vt 0.832552 0.690848
f 487/1993 561/1994 557/1995 485/1996
vt 0.845112 0.643972
vt 0.870344 0.643972
vt 0.882904 0.690848
vt 0.832552 0.690848
f 558/1997 562/1998 488/1999 486/2000
vt 0.832551 0.690848
vt 0.843320 0.650659
vt 0.872135 0.650659
vt 0.882904 0.690848
f 509/2001 559/2002 563/2003 511/2004
vt 0.872135 0.650659
vt 0.843320 0.650659
vt 0.832551 0.690848
vt 0.882904 0.690848
f 564/2005 560/2006 510/2007 512/2008
vt 0.892195 0.631357
vt 0.857728 0.596890
vt 0.870344 0.643972
f 517/2009 513/2010 561/2011
vt 0.870344 0.643972
vt 0.857728 0.596890
vt 0.892195 0.631357
f 562/2012 514/2013 518/2014
vt 0.926510 0.665672
vt 0.892195 0.631357
vt 0.870344 0.643972
vt 0.882904 0.690848
f 465/2015 517/2016 561/2017 487/2018
vt 0.870344 0.643972
vt 0.892195 0.631357
vt 0.926510 0.665672
vt 0.882904 0.690848
f 562/2019 518/2020 466/2021 488/2022
vt 0.882904 0.690848
vt 0.872135 0.650659
vt 0.897090 0.636252
vt 0.926510 0.665672
f 511/2023 563/2024 521/2025 489/2026
vt 0.897090 0.636252
vt 0.872135 0.650659
vt 0.882904 0.690848
vt 0.926510 0.665672
f 522/2027 564/2028 512/2029 490/2030
vt 0.889095 0.628257
vt 0.857728 0.596890
vt 0.900576 0.608371
f 565/2031 515/2032 567/2033
vt 0.900576 0.608371
vt 0.857728 0.596890
vt 0.889095 0.628257
f 568/2034 516/2035 566/2036
vt 0.897090 0.636252
vt 0.889095 0.628257
vt 0.900576 0.608371
vt 0.911497 0.611297
f 521/2037 565/2038 567/2039 523/2040
vt 0.900576 0.608371
vt 0.889095 0.628257
vt 0.897090 0.636252
vt 0.911497 0.611297
f 568/2041 566/2042 522/2043 524/2044
vt 0.900576 0.608371
vt 0.857728 0.596890
vt 0.900576 0.585409
f 567/2045 515/2046 569/2047
vt 0.900576 0.585409
vt 0.857728 0.596890
vt 0.900576 0.608371
f 570/2048 516/2049 568/2050
vt 0.911497 0.611297
vt 0.900576 0.608371
vt 0.900576 0.585409
vt 0.911497 0.582482
f 523/2051 567/2052 569/2053 527/2054
vt 0.900576 0.585409
vt 0.900576 0.608371
vt 0.911497 0.611297
vt 0.911497 0.582482
f 570/2055 568/2056 524/2057 528/2058
vt 0.900576 0.585409
vt 0.857728 0.596890
vt 0.889095 0.565523
f 569/2059 515/2060 571/2061
vt 0.889095 0.565523
vt 0.857728 0.596890
vt 0.900576 0.585409
f 572/2062 516/2063 570/2064
vt 0.911497 0.582482
vt 0.900576 0.585409
vt 0.889095 0.565523
vt 0.897090 0.557528
f 527/2065 569/2066 571/2067 531/2068
vt 0.889095 0.565523
vt 0.900576 0.585409
vt 0.911497 0.582482
vt 0.897090 0.557528
f 572/2069 570/2070 528/2071 532/2072
vt 0.889095 0.565523
vt 0.857728 0.596890
vt 0.869209 0.554041
f 571/2073 515/2074 573/2075
vt 0.869209 0.554041
vt 0.857728 0.596890
vt 0.889095 0.565523
f 574/2076 516/2077 572/2078
vt 0.897090 0.557528
vt 0.889095 0.565523
vt 0.869209 0.554041
vt 0.872136 0.543120
f 531/2079 571/2080 573/2081 535/2082
vt 0.869209 0.554041
vt 0.889095 0.565523
vt 0.897090 0.557528
vt 0.872136 0.543120
f 574/2083 572/2084 532/2085 536/2086
vt 0.869209 0.554041
vt 0.857728 0.596890
vt 0.846247 0.554041
f 573/2087 515/2088 575/2089
vt 0.846247 0.554041
vt 0.857728 0.596890
vt 0.869209 0.554041
f 576/2090 516/2091 574/2092
vt 0.872136 0.543120
vt 0.869209 0.554041
vt 0.846247 0.554041
vt 0.843320 0.543120
f 535/2093 573/2094 575/2095 539/2096
vt 0.846247 0.554041
vt 0.869209 0.554041
vt 0.872136 0.543120
vt 0.843320 0.543120
f 576/2097 574/2098 536/2099 540/2100
vt 0.846247 0.554041
vt 0.857728 0.596890
vt 0.826361 0.565522
f 575/2101 515/2102 577/2103
vt 0.826361 0.565522
vt 0.857728 0.596890
vt 0.846247 0.554041
f 578/2104 516/2105 576/2106
vt 0.843320 0.543120
vt 0.846247 0.554041
vt 0.826361 0.565522
vt 0.818366 0.557528
f 539/2107 575/2108 577/2109 543/2110
vt 0.826361 0.565522
vt 0.846247 0.554041
vt 0.843320 0.543120
vt 0.818366 0.557528
f 578/2111 576/2112 540/2113 544/2114
vt 0.826361 0.565522
vt 0.857728 0.596890
vt 0.814879 0.585408
f 577/2115 515/2116 579/2117
vt 0.814879 0.585408
vt 0.857728 0.596890
vt 0.826361 0.565522
f 580/2118 516/2119 578/2120
vt 0.818366 0.557528
vt 0.826361 0.565522
vt 0.814879 0.585408
vt 0.803958 0.582482
f 543/2121 577/2122 579/2123 547/2124
vt 0.814879 0.585408
vt 0.826361 0.565522
vt 0.818366 0.557528
vt 0.803958 0.582482
f 580/2125 578/2126 544/2127 548/2128
vt 0.814879 0.585408
vt 0.857728 0.596890
vt 0.814879 0.608371
f 579/2129 515/2130 581/2131
vt 0.814879 0.608371
vt 0.857728 0.596890
vt 0.814879 0.585408
f 582/2132 516/2133 580/2134
vt 0.803958 0.582482
vt 0.814879 0.585408
vt 0.814879 0.608371
vt 0.803958 0.611297
f 547/2135 579/2136 581/2137 551/2138
vt 0.814879 0.608371
vt 0.814879 0.585408
vt 0.803958 0.582482
vt 0.803958 0.611297
f 582/2139 580/2140 548/2141 552/2142
vt 0.814879 0.608371
vt 0.857728 0.596890
vt 0.826361 0.628257
f 581/2143 515/2144 583/2145
vt 0.826361 0.628257
vt 0.857728 0.596890
vt 0.814879 0.608371
f 584/2146 516/2147 582/2148
vt 0.803958 0.611297
vt 0.814879 0.608371
vt 0.826361 0.628257
vt 0.818366 0.636252
f 551/2149 581/2150 583/2151 555/2152
vt 0.826361 0.628257
vt 0.814879 0.608371
vt 0.803958 0.611297
vt 0.818366 0.636252
f 584/2153 582/2154 552/2155 556/2156
vt 0.826361 0.628257
vt 0.857728 0.596890
vt 0.846247 0.639738
f 583/2157 515/2158 585/2159
vt 0.846247 0.639738
vt 0.857728 0.596890
vt 0.826361 0.628257
f 586/2160 516/2161 584/2162
vt 0.818366 0.636252
vt 0.826361 0.628257
vt 0.846247 0.639738
vt 0.843320 0.650659
f 555/2163 583/2164 585/2165 559/2166
vt 0.846247 0.639738
vt 0.826361 0.628257
vt 0.818366 0.636252
vt 0.843320 0.650659
f 586/2167 584/2168 556/2169 560/2170
vt 0.846247 0.639738
vt 0.857728 0.596890
vt 0.869209 0.639738
f 585/2171 515/2172 587/2173
vt 0.869209 0.639738
vt 0.857728 0.596890
vt 0.846247 0.639738
f 588/2174 516/2175 586/2176
vt 0.843320 0.650659
vt 0.846247 0.639738
vt 0.869209 0.639738
vt 0.872135 0.650659
f 559/2177 585/2178 587/2179 563/2180
vt 0.869209 0.639738
vt 0.846247 0.639738
vt 0.843320 0.650659
vt 0.872135 0.650659
f 588/2181 586/2182 560/2183 564/2184
vt 0.869209 0.639738
vt 0.857728 0.596890
vt 0.889095 0.628257
f 587/2185 515/2186 565/2187
vt 0.889095 0.628257
vt 0.857728 0.596890
vt 0.869209 0.639738
f 566/2188 516/2189 588/2190
vt 0.872135 0.650659
vt 0.869209 0.639738
vt 0.889095 0.628257
vt 0.897090 0.636252
f 563/2191 587/2192 565/2193 521/2194
vt 0.889095 0.628257
vt 0.869209 0.639738
vt 0.872135 0.650659
vt 0.897090 0.636252
f 566/2195 588/2196 564/2197 522/2198
vt 0.132900 0.821758
vt 0.131499 0.821850
vt 0.131910 0.821823
f 605/2199 598/2200 597/2201
vt 0.132900 0.821758
vt 0.131910 0.821823
vt 0.131499 0.821850
f 605/2202 599/2203 598/2204
vt 0.132900 0.821758
vt 0.132900 0.821758
vt 0.131910 0.821823
f 605/2205 600/2206 599/2207
vt 0.132900 0.821758
vt 0.133890 0.821693
vt 0.132900 0.821758
f 605/2208 601/2209 600/2210
vt 0.132900 0.821758
vt 0.134300 0.821666
vt 0.133890 0.821693
f 605/2211 602/2212 601/2213
vt 0.132900 0.821758
vt 0.133890 0.821693
vt 0.134300 0.821666
f 605/2214 603/2215 602/2216
vt 0.132900 0.821758
vt 0.132900 0.821758
vt 0.133890 0.821693
f 605/2217 604/2218 603/2219
vt 0.132900 0.821758
vt 0.131910 0.821823
vt 0.132900 0.821758
f 605/2220 597/2221 604/2222
vt 0.136836 0.871867
vt 0.131910 0.821823
vt 0.131499 0.821850
vt 0.136426 0.871894
f 589/2223 597/2224 598/2225 590/2226
vt 0.136426 0.871894
vt 0.131499 0.821850
vt 0.131910 0.821823
vt 0.136836 0.871867
f 590/2227 598/2228 599/2229 591/2230
vt 0.136836 0.871867
vt 0.131910 0.821823
vt 0.132900 0.821758
vt 0.137826 0.871802
f 591/2231 599/2232 600/2233 592/2234
vt 0.137826 0.871802
vt 0.132900 0.821758
vt 0.133890 0.821693
vt 0.138816 0.871737
f 592/2235 600/2236 601/2237 593/2238
vt 0.138816 0.871737
vt 0.133890 0.821693
vt 0.134300 0.821666
vt 0.139227 0.871710
f 593/2239 601/2240 602/2241 594/2242
vt 0.139227 0.871710
vt 0.134300 0.821666
vt 0.133890 0.821693
vt 0.138816 0.871737
f 594/2243 602/2244 603/2245 595/2246
vt 0.138816 0.871737
vt 0.133890 0.821693
vt 0.132900 0.821758
vt 0.137826 0.871802
f 595/2247 603/2248 604/2249 596/2250
vt 0.131910 0.821823
vt 0.136836 0.871867
vt 0.137826 0.871802
vt 0.132900 0.821758
f 597/2251 589/2252 596/2253 604/2254
vt 0.137826 0.871802
vt 0.136836 0.871867
vt 0.142060 0.990049
vt 0.143050 0.989984
f 596/2255 589/2256 614/2257 607/2258
vt 0.138816 0.871737
vt 0.137826 0.871802
vt 0.143050 0.989984
vt 0.144040 0.989918
f 595/2259 596/2260 607/2261 608/2262
vt 0.139227 0.871710
vt 0.138816 0.871737
vt 0.144040 0.989918
vt 0.144450 0.989891
f 594/2263 595/2264 608/2265 609/2266
vt 0.138816 0.871737
vt 0.139227 0.871710
vt 0.144450 0.989891
vt 0.144040 0.989918
f 593/2267 594/2268 609/2269 610/2270
vt 0.137826 0.871802
vt 0.138816 0.871737
vt 0.144040 0.989918
vt 0.143050 0.989984
f 592/2271 593/2272 610/2273 611/2274
vt 0.136836 0.871867
vt 0.137826 0.871802
vt 0.143050 0.989984
vt 0.142060 0.990049
f 591/2275 592/2276 611/2277 612/2278
vt 0.136426 0.871894
vt 0.136836 0.871867
vt 0.142060 0.990049
vt 0.141649 0.990076
f 590/2279 591/2280 612/2281 613/2282
vt 0.136836 0.871867
vt 0.136426 0.871894
vt 0.141649 0.990076
vt 0.142060 0.990049
f 589/2283 590/2284 613/2285 614/2286
vt 0.143050 0.989984
vt 0.142060 0.990049
vt 0.141649 0.990076
f 606/2287 614/2288 613/2289
vt 0.143050 0.989984
vt 0.141649 0.990076
vt 0.142060 0.990049
f 606/2290 613/2291 612/2292
vt 0.143050 0.989984
vt 0.142060 0.990049
vt 0.143050 0.989984
f 606/2293 612/2294 611/2295
vt 0.143050 0.989984
vt 0.143050 0.989984
vt 0.144040 0.989918
f 606/2296 611/2297 610/2298
vt 0.143050 0.989984
vt 0.144040 0.989918
vt 0.144450 0.989891
f 606/2299 610/2300 609/2301
vt 0.143050 0.989984
vt 0.144450 0.989891
vt 0.144040 0.989918
f 606/2302 609/2303 608/2304
vt 0.143050 0.989984
vt 0.144040 0.989918
vt 0.143050 0.989984
f 606/2305 608/2306 607/2307
vt 0.143050 0.989984
vt 0.142060 0.990049
vt 0.143050 0.989984
f 607/2308 614/2309 606/2310
vt 0.139738 0.632617
vt 0.091688 0.610054
vt 0.074100 0.624358
f 639/2311 615/2312 616/2313
vt 0.139738 0.632617
vt 0.074100 0.624358
vt 0.091688 0.610054
f 640/2314 628/2315 627/2316
vt 0.139738 0.632617
vt 0.074100 0.624358
vt 0.074100 0.640875
f 639/2317 616/2318 617/2319
vt 0.139738 0.632617
vt 0.074100 0.640875
vt 0.074100 0.624358
f 640/2320 629/2321 628/2322
vt 0.139738 0.632617
vt 0.074100 0.640875
vt 0.091688 0.655179
f 639/2323 617/2324 618/2325
vt 0.139738 0.632617
vt 0.091688 0.655179
vt 0.074100 0.640875
f 640/2326 630/2327 629/2328
vt 0.139738 0.632617
vt 0.091688 0.655179
vt 0.122150 0.663438
f 639/2329 618/2330 619/2331
vt 0.139738 0.632617
vt 0.122150 0.663438
vt 0.091688 0.655179
f 640/2332 631/2333 630/2334
vt 0.139738 0.632617
vt 0.122150 0.663438
vt 0.157325 0.663438
f 639/2335 619/2336 620/2337
vt 0.139738 0.632617
vt 0.157325 0.663438
vt 0.122150 0.663438
f 640/2338 632/2339 631/2340
vt 0.139738 0.632617
vt 0.157325 0.663438
vt 0.187788 0.655179
f 639/2341 620/2342 621/2343
vt 0.139738 0.632617
vt 0.187788 0.655179
vt 0.157325 0.663438
f 640/2344 633/2345 632/2346
vt 0.139738 0.632617
vt 0.187788 0.655179
vt 0.205375 0.640875
f 639/2347 621/2348 622/2349
vt 0.139738 0.632617
vt 0.205375 0.640875
vt 0.187788 0.655179
f 640/2350 634/2351 633/2352
vt 0.139738 0.632617
vt 0.205375 0.640875
vt 0.205375 0.624358
f 639/2353 622/2354 623/2355
vt 0.139738 0.632617
vt 0.205375 0.624358
vt 0.205375 0.640875
f 640/2356 635/2357 634/2358
vt 0.139738 0.632617
vt 0.205375 0.624358
vt 0.187788 0.610054
f 639/2359 623/2360 624/2361
vt 0.139738 0.632617
vt 0.187788 0.610054
vt 0.205375 0.624358
f 640/2362 636/2363 635/2364
vt 0.139738 0.632617
vt 0.187788 0.610054
vt 0.157325 0.601796
f 639/2365 624/2366 625/2367
vt 0.139738 0.632617
vt 0.157325 0.601796
vt 0.187788 0.610054
f 640/2368 637/2369 636/2370
vt 0.139738 0.632617
vt 0.157325 0.601796
vt 0.122150 0.601796
f 639/2371 625/2372 626/2373
vt 0.139738 0.632617
vt 0.122150 0.601796
vt 0.157325 0.601796
f 640/2374 638/2375 637/2376
vt 0.122150 0.601796
vt 0.091688 0.610054
vt 0.139738 0.632617
f 626/2377 615/2378 639/2379
vt 0.139738 0.632617
vt 0.091688 0.610054
vt 0.122150 0.601796
f 640/2380 627/2381 638/2382
vt 0.093351 0.599185
vt 0.093351 0.804351
vt 0.076370 0.804351
vt 0.076370 0.599185
f 615/2383 627/2384 628/2385 616/2386
vt 0.076370 0.599185
vt 0.076370 0.804351
vt 0.076370 0.804351
vt 0.076370 0.599185
f 616/2387 628/2388 629/2389 617/2390
vt 0.076370 0.599185
vt 0.076370 0.804351
vt 0.093351 0.804351
vt 0.093351 0.599185
f 617/2391 629/2392 630/2393 618/2394
vt 0.093351 0.599185
vt 0.093351 0.804351
vt 0.122763 0.804351
vt 0.122763 0.599185
f 618/2395 630/2396 631/2397 619/2398
vt 0.122763 0.599185
vt 0.122763 0.804351
vt 0.156725 0.804351
vt 0.156725 0.599185
f 619/2399 631/2400 632/2401 620/2402
vt 0.156725 0.599185
vt 0.156725 0.804351
vt 0.186137 0.804351
vt 0.186137 0.599185
f 620/2403 632/2404 633/2405 621/2406
vt 0.186137 0.599185
vt 0.186137 0.804351
vt 0.203118 0.804351
vt 0.203118 0.599185
f 621/2407 633/2408 634/2409 622/2410
vt 0.203118 0.599185
vt 0.203118 0.804351
vt 0.203118 0.804351
vt 0.203118 0.599185
f 622/2411 634/2412 635/2413 623/2414
vt 0.203118 0.599185
vt 0.203118 0.804351
vt 0.186137 0.804351
vt 0.186137 0.599185
f 623/2415 635/2416 636/2417 624/2418
vt 0.186137 0.599185
vt 0.186137 0.804351
vt 0.156725 0.804351
vt 0.156725 0.599185
f 624/2419 636/2420 637/2421 625/2422
vt 0.156725 0.599185
vt 0.156725 0.804351
vt 0.122763 0.804351
vt 0.122763 0.599185
f 625/2423 637/2424 638/2425 626/2426
vt 0.093351 0.804351
vt 0.093351 0.599185
vt 0.122763 0.599185
vt 0.122763 0.804351
f 627/2427 615/2428 626/2429 638/2430
vt 0.181250 0.911197
vt 0.091547 0.911197
vt 0.091547 0.850529
vt 0.181250 0.850529
f 641/2431 663/2432 661/2433 643/2434
vt 0.091547 0.850529
vt 0.091547 0.911197
vt 0.181250 0.911197
vt 0.181250 0.850529
f 662/2435 664/2436 642/2437 644/2438
vt 0.091547 0.911197
vt 0.087429 0.903779
vt 0.087429 0.847814
vt 0.091547 0.850529
f 663/2439 651/2440 653/2441 661/2442
vt 0.087429 0.847814
vt 0.087429 0.903779
vt 0.091547 0.911197
vt 0.091547 0.850529
f 654/2443 652/2444 664/2445 662/2446
vt 0.181250 0.850529
vt 0.091547 0.850529
vt 0.091547 0.821407
vt 0.181250 0.821407
f 643/2447 661/2448 665/2449 645/2450
vt 0.091547 0.821407
vt 0.091547 0.850529
vt 0.181250 0.850529
vt 0.181250 0.821407
f 666/2451 662/2452 644/2453 646/2454
vt 0.091547 0.850529
vt 0.087429 0.847814
vt 0.087429 0.824122
vt 0.091547 0.821407
f 661/2455 653/2456 655/2457 665/2458
vt 0.087429 0.824122
vt 0.087429 0.847814
vt 0.091547 0.850529
vt 0.091547 0.821407
f 656/2459 654/2460 662/2461 666/2462
vt 0.181250 0.993250
vt 0.091547 0.993250
vt 0.091547 0.963208
vt 0.181250 0.963208
f 647/2463 667/2464 669/2465 649/2466
vt 0.091547 0.963208
vt 0.091547 0.993250
vt 0.181250 0.993250
vt 0.181250 0.963208
f 670/2467 668/2468 648/2469 650/2470
vt 0.091547 0.993250
vt 0.087429 0.985402
vt 0.087429 0.953075
vt 0.091547 0.963208
f 667/2471 657/2472 659/2473 669/2474
vt 0.087429 0.953075
vt 0.087429 0.985402
vt 0.091547 0.993250
vt 0.091547 0.963208
f 660/2475 658/2476 668/2477 670/2478
vt 0.087429 0.903779
vt 0.091547 0.911197
vt 0.091547 0.963208
vt 0.087429 0.953075
f 651/2479 663/2480 669/2481 659/2482
vt 0.091547 0.963208
vt 0.091547 0.911197
vt 0.087429 0.903779
vt 0.087429 0.953075
f 670/2483 664/2484 652/2485 660/2486
vt 0.091547 0.911197
vt 0.181250 0.911197
vt 0.181250 0.963208
vt 0.091547 0.963208
f 663/2487 641/2488 649/2489 669/2490
vt 0.181250 0.963208
vt 0.181250 0.911197
vt 0.091547 0.911197
vt 0.091547 0.963208
f 650/2491 642/2492 664/2493 670/2494
vt 0.184115 0.837312
vt 0.081593 0.837312
vt 0.081593 0.813446
vt 0.184115 0.813446
f 671/2495 705/2496 703/2497 673/2498
vt 0.081593 0.813446
vt 0.081593 0.837312
vt 0.184115 0.837312
vt 0.184115 0.813446
f 704/2499 706/2500 672/2501 674/2502
vt 0.081593 0.837312
vt 0.078788 0.842366
vt 0.078788 0.820350
vt 0.081593 0.813446
f 705/2503 687/2504 689/2505 703/2506
vt 0.078788 0.820350
vt 0.078788 0.842366
vt 0.081593 0.837312
vt 0.081593 0.813446
f 690/2507 688/2508 706/2509 704/2510
vt 0.184115 0.813446
vt 0.081593 0.813446
vt 0.081593 0.813446
vt 0.184115 0.813446
f 673/2511 703/2512 707/2513 675/2514
vt 0.081593 0.813446
vt 0.081593 0.813446
vt 0.184115 0.813446
vt 0.184115 0.813446
f 708/2515 704/2516 674/2517 676/2518
vt 0.081593 0.813446
vt 0.078788 0.820350
vt 0.078788 0.820350
vt 0.081593 0.813446
f 703/2519 689/2520 691/2521 707/2522
vt 0.078788 0.820350
vt 0.078788 0.820350
vt 0.081593 0.813446
vt 0.081593 0.813446
f 692/2523 690/2524 704/2525 708/2526
vt 0.184115 0.991580
vt 0.081593 0.991580
vt 0.081593 0.991580
vt 0.184115 0.991580
f 677/2527 709/2528 711/2529 679/2530
vt 0.081593 0.991580
vt 0.081593 0.991580
vt 0.184115 0.991580
vt 0.184115 0.991580
f 712/2531 710/2532 678/2533 680/2534
vt 0.081593 0.991580
vt 0.078788 0.984676
vt 0.078788 0.984676
vt 0.081593 0.991580
f 709/2535 693/2536 695/2537 711/2538
vt 0.078788 0.984676
vt 0.078788 0.984676
vt 0.081593 0.991580
vt 0.081593 0.991580
f 696/2539 694/2540 710/2541 712/2542
vt 0.184115 0.991580
vt 0.081593 0.991580
vt 0.081593 0.967715
vt 0.184115 0.967715
f 679/2543 711/2544 713/2545 681/2546
vt 0.081593 0.967715
vt 0.081593 0.991580
vt 0.184115 0.991580
vt 0.184115 0.967715
f 714/2547 712/2548 680/2549 682/2550
vt 0.081593 0.991580
vt 0.078788 0.984676
vt 0.078788 0.962661
vt 0.081593 0.967715
f 711/2551 695/2552 697/2553 713/2554
vt 0.078788 0.962661
vt 0.078788 0.984676
vt 0.081593 0.991580
vt 0.081593 0.967715
f 698/2555 696/2556 712/2557 714/2558
vt 0.184115 0.967715
vt 0.081593 0.967715
vt 0.081593 0.926379
vt 0.184115 0.926379
f 681/2559 713/2560 715/2561 683/2562
vt 0.081593 0.926379
vt 0.081593 0.967715
vt 0.184115 0.967715
vt 0.184115 0.926379
f 716/2563 714/2564 682/2565 684/2566
vt 0.081593 0.967715
vt 0.078788 0.962661
vt 0.078788 0.924529
vt 0.081593 0.926379
f 713/2567 697/2568 699/2569 715/2570
vt 0.078788 0.924529
vt 0.078788 0.962661
vt 0.081593 0.967715
vt 0.081593 0.926379
f 700/2571 698/2572 714/2573 716/2574
vt 0.184115 0.926379
vt 0.081593 0.926379
vt 0.081593 0.878648
vt 0.184115 0.878648
f 683/2575 715/2576 717/2577 685/2578
vt 0.081593 0.878648
vt 0.081593 0.926379
vt 0.184115 0.926379
vt 0.184115 0.878648
f 718/2579 716/2580 684/2581 686/2582
vt 0.081593 0.926379
vt 0.078788 0.924529
vt 0.078788 0.880498
vt 0.081593 0.878648
f 715/2583 699/2584 701/2585 717/2586
vt 0.078788 0.880498
vt 0.078788 0.924529
vt 0.081593 0.926379
vt 0.081593 0.878648
f 702/2587 700/2588 716/2589 718/2590
vt 0.078788 0.842366
vt 0.081593 0.837312
vt 0.081593 0.878648
vt 0.078788 0.880498
f 687/2591 705/2592 717/2593 701/2594
vt 0.081593 0.878648
vt 0.081593 0.837312
vt 0.078788 0.842366
vt 0.078788 0.880498
f 718/2595 706/2596 688/2597 702/2598
vt 0.081593 0.837312
vt 0.184115 0.837312
vt 0.184115 0.878648
vt 0.081593 0.878648
f 705/2599 671/2600 685/2601 717/2602
vt 0.184115 0.878648
vt 0.184115 0.837312
vt 0.081593 0.837312
vt 0.081593 0.878648
f 686/2603 672/2604 706/2605 718/2606
vt 0.353529 0.600736
vt 0.364751 0.611958
vt 0.368859 0.604844
f 743/2607 719/2608 720/2609
vt 0.353529 0.600736
vt 0.368859 0.604844
vt 0.364751 0.611958
f 744/2610 732/2611 731/2612
vt 0.353529 0.600736
vt 0.368859 0.604844
vt 0.368859 0.596628
f 743/2613 720/2614 721/2615
vt 0.353529 0.600736
vt 0.368859 0.596628
vt 0.368859 0.604844
f 744/2616 733/2617 732/2618
vt 0.353529 0.600736
vt 0.368859 0.596628
vt 0.364751 0.589514
f 743/2619 721/2620 722/2621
vt 0.353529 0.600736
vt 0.364751 0.589514
vt 0.368859 0.596628
f 744/2622 734/2623 733/2624
vt 0.353529 0.600736
vt 0.364751 0.589514
vt 0.357637 0.585406
f 743/2625 722/2626 723/2627
vt 0.353529 0.600736
vt 0.357637 0.585406
vt 0.364751 0.589514
f 744/2628 735/2629 734/2630
vt 0.353529 0.600736
vt 0.357637 0.585406
vt 0.349421 0.585406
f 743/2631 723/2632 724/2633
vt 0.353529 0.600736
vt 0.349421 0.585406
vt 0.357637 0.585406
f 744/2634 736/2635 735/2636
vt 0.353529 0.600736
vt 0.349421 0.585406
vt 0.342306 0.589514
f 743/2637 724/2638 725/2639
vt 0.353529 0.600736
vt 0.342306 0.589514
vt 0.349421 0.585406
f 744/2640 737/2641 736/2642
vt 0.353529 0.600736
vt 0.342306 0.589514
vt 0.338199 0.596628
f 743/2643 725/2644 726/2645
vt 0.353529 0.600736
vt 0.338199 0.596628
vt 0.342306 0.589514
f 744/2646 738/2647 737/2648
vt 0.353529 0.600736
vt 0.338199 0.596628
vt 0.338199 0.604844
f 743/2649 726/2650 727/2651
vt 0.353529 0.600736
vt 0.338199 0.604844
vt 0.338199 0.596628
f 744/2652 739/2653 738/2654
vt 0.353529 0.600736
vt 0.338199 0.604844
vt 0.342306 0.611958
f 743/2655 727/2656 728/2657
vt 0.353529 0.600736
vt 0.342306 0.611958
vt 0.338199 0.604844
f 744/2658 740/2659 739/2660
vt 0.353529 0.600736
vt 0.342306 0.611958
vt 0.349421 0.616066
f 743/2661 728/2662 729/2663
vt 0.353529 0.600736
vt 0.349421 0.616066
vt 0.342306 0.611958
f 744/2664 741/2665 740/2666
vt 0.353529 0.600736
vt 0.349421 0.616066
vt 0.357636 0.616066
f 743/2667 729/2668 730/2669
vt 0.353529 0.600736
vt 0.357636 0.616066
vt 0.349421 0.616066
f 744/2670 742/2671 741/2672
vt 0.357636 0.616066
vt 0.364751 0.611958
vt 0.353529 0.600736
f 730/2673 719/2674 743/2675
vt 0.353529 0.600736
vt 0.364751 0.611958
vt 0.357636 0.616066
f 744/2676 731/2677 742/2678
vt 0.364751 0.611958
vt 0.364751 0.611958
vt 0.368859 0.604844
vt 0.368859 0.604844
f 719/2679 731/2680 732/2681 720/2682
vt 0.368859 0.604844
vt 0.368859 0.604844
vt 0.368859 0.596628
vt 0.368859 0.596628
f 720/2683 732/2684 733/2685 721/2686
vt 0.368859 0.596628
vt 0.368859 0.596628
vt 0.364751 0.589514
vt 0.364751 0.589514
f 721/2687 733/2688 734/2689 722/2690
vt 0.364751 0.589514
vt 0.364751 0.589514
vt 0.357637 0.585406
vt 0.357637 0.585406
f 722/2691 734/2692 735/2693 723/2694
vt 0.357637 0.585406
vt 0.357637 0.585406
vt 0.349421 0.585406
vt 0.349421 0.585406
f 723/2695 735/2696 736/2697 724/2698
vt 0.349421 0.585406
vt 0.349421 0.585406
vt 0.342306 0.589514
vt 0.342306 0.589514
f 724/2699 736/2700 737/2701 725/2702
vt 0.342306 0.589514
vt 0.342306 0.589514
vt 0.338199 0.596628
vt 0.338199 0.596628
f 725/2703 737/2704 738/2705 726/2706
vt 0.338199 0.596628
vt 0.338199 0.596628
vt 0.338199 0.604844
vt 0.338199 0.604844
f 726/2707 738/2708 739/2709 727/2710
vt 0.338199 0.604844
vt 0.338199 0.604844
vt 0.342306 0.611958
vt 0.342306 0.611958
f 727/2711 739/2712 740/2713 728/2714
vt 0.342306 0.611958
vt 0.342306 0.611958
vt 0.349421 0.616066
vt 0.349421 0.616066
f 728/2715 740/2716 741/2717 729/2718
vt 0.349421 0.616066
vt 0.349421 0.616066
vt 0.357636 0.616066
vt 0.357636 0.616066
f 729/2719 741/2720 742/2721 730/2722
vt 0.364751 0.611958
vt 0.364751 0.611958
vt 0.357636 0.616066
vt 0.357636 0.616066
f 731/2723 719/2724 730/2725 742/2726
vt 0.353814 0.598843
vt 0.420564 0.665592
vt 0.444996 0.623275
f 793/2727 745/2728 747/2729
vt 0.444996 0.623275
vt 0.420564 0.665592
vt 0.353814 0.598843
f 748/2730 746/2731 794/2732
vt 0.353814 0.598843
vt 0.444996 0.623275
vt 0.420564 0.665592
f 795/2733 771/2734 769/2735
vt 0.420564 0.665592
vt 0.444996 0.623275
vt 0.353814 0.598843
f 770/2736 772/2737 796/2738
vt 0.353814 0.598843
vt 0.444996 0.623275
vt 0.444996 0.574411
f 793/2739 747/2740 749/2741
vt 0.444996 0.574411
vt 0.444996 0.623275
vt 0.353814 0.598843
f 750/2742 748/2743 794/2744
vt 0.353814 0.598843
vt 0.444996 0.574411
vt 0.444996 0.623275
f 795/2745 773/2746 771/2747
vt 0.444996 0.623275
vt 0.444996 0.574411
vt 0.353814 0.598843
f 772/2748 774/2749 796/2750
vt 0.353814 0.598843
vt 0.444996 0.574411
vt 0.420564 0.532093
f 793/2751 749/2752 751/2753
vt 0.420564 0.532093
vt 0.444996 0.574411
vt 0.353814 0.598843
f 752/2754 750/2755 794/2756
vt 0.353814 0.598843
vt 0.420564 0.532093
vt 0.444996 0.574411
f 795/2757 775/2758 773/2759
vt 0.444996 0.574411
vt 0.420564 0.532093
vt 0.353814 0.598843
f 774/2760 776/2761 796/2762
vt 0.353814 0.598843
vt 0.420564 0.532093
vt 0.378246 0.507661
f 793/2763 751/2764 753/2765
vt 0.378246 0.507661
vt 0.420564 0.532093
vt 0.353814 0.598843
f 754/2766 752/2767 794/2768
vt 0.353814 0.598843
vt 0.378246 0.507661
vt 0.420564 0.532093
f 795/2769 777/2770 775/2771
vt 0.420564 0.532093
vt 0.378246 0.507661
vt 0.353814 0.598843
f 776/2772 778/2773 796/2774
vt 0.353814 0.598843
vt 0.378246 0.507661
vt 0.329382 0.507661
f 793/2775 753/2776 755/2777
vt 0.329382 0.507661
vt 0.378246 0.507661
vt 0.353814 0.598843
f 756/2778 754/2779 794/2780
vt 0.353814 0.598843
vt 0.329382 0.507661
vt 0.378246 0.507661
f 795/2781 779/2782 777/2783
vt 0.378246 0.507661
vt 0.329382 0.507661
vt 0.353814 0.598843
f 778/2784 780/2785 796/2786
vt 0.353814 0.598843
vt 0.329382 0.507661
vt 0.287065 0.532093
f 793/2787 755/2788 757/2789
vt 0.287065 0.532093
vt 0.329382 0.507661
vt 0.353814 0.598843
f 758/2790 756/2791 794/2792
vt 0.353814 0.598843
vt 0.287065 0.532093
vt 0.329382 0.507661
f 795/2793 781/2794 779/2795
vt 0.329382 0.507661
vt 0.287065 0.532093
vt 0.353814 0.598843
f 780/2796 782/2797 796/2798
vt 0.353814 0.598843
vt 0.287065 0.532093
vt 0.262633 0.574411
f 793/2799 757/2800 759/2801
vt 0.262633 0.574411
vt 0.287065 0.532093
vt 0.353814 0.598843
f 760/2802 758/2803 794/2804
vt 0.353814 0.598843
vt 0.262633 0.574410
vt 0.287065 0.532093
f 795/2805 783/2806 781/2807
vt 0.287065 0.532093
vt 0.262633 0.574410
vt 0.353814 0.598843
f 782/2808 784/2809 796/2810
vt 0.353814 0.598843
vt 0.262633 0.574411
vt 0.262633 0.623275
f 793/2811 759/2812 761/2813
vt 0.262633 0.623275
vt 0.262633 0.574411
vt 0.353814 0.598843
f 762/2814 760/2815 794/2816
vt 0.353814 0.598843
vt 0.262633 0.623275
vt 0.262633 0.574410
f 795/2817 785/2818 783/2819
vt 0.262633 0.574410
vt 0.262633 0.623275
vt 0.353814 0.598843
f 784/2820 786/2821 796/2822
vt 0.353814 0.598843
vt 0.262633 0.623275
vt 0.287065 0.665592
f 793/2823 761/2824 763/2825
vt 0.287065 0.665592
vt 0.262633 0.623275
vt 0.353814 0.598843
f 764/2826 762/2827 794/2828
vt 0.353814 0.598843
vt 0.287065 0.665592
vt 0.262633 0.623275
f 795/2829 787/2830 785/2831
vt 0.262633 0.623275
vt 0.287065 0.665592
vt 0.353814 0.598843
f 786/2832 788/2833 796/2834
vt 0.353814 0.598843
vt 0.287065 0.665592
vt 0.329382 0.690024
f 793/2835 763/2836 765/2837
vt 0.329382 0.690024
vt 0.287065 0.665592
vt 0.353814 0.598843
f 766/2838 764/2839 794/2840
vt 0.353814 0.598843
vt 0.329382 0.690024
vt 0.287065 0.665592
f 795/2841 789/2842 787/2843
vt 0.287065 0.665592
vt 0.329382 0.690024
vt 0.353814 0.598843
f 788/2844 790/2845 796/2846
vt 0.353814 0.598843
vt 0.329382 0.690024
vt 0.378246 0.690024
f 793/2847 765/2848 767/2849
vt 0.378246 0.690024
vt 0.329382 0.690024
vt 0.353814 0.598843
f 768/2850 766/2851 794/2852
vt 0.353814 0.598843
vt 0.378246 0.690024
vt 0.329382 0.690024
f 795/2853 791/2854 789/2855
vt 0.329382 0.690024
vt 0.378246 0.690024
vt 0.353814 0.598843
f 790/2856 792/2857 796/2858
vt 0.378246 0.690024
vt 0.420564 0.665592
vt 0.353814 0.598843
f 767/2859 745/2860 793/2861
vt 0.353814 0.598843
vt 0.420564 0.665592
vt 0.378246 0.690024
f 794/2862 746/2863 768/2864
vt 0.353814 0.598843
vt 0.420564 0.665592
vt 0.378246 0.690024
f 795/2865 769/2866 791/2867
vt 0.378246 0.690024
vt 0.420564 0.665592
vt 0.353814 0.598843
f 792/2868 770/2869 796/2870
vt 0.074632 0.051943
vt 0.129187 0.051943
vt 0.129187 0.120418
vt 0.074632 0.120418
f 745/2871 769/2872 771/2873 747/2874
vt 0.129187 0.120418
vt 0.129187 0.051943
vt 0.074632 0.051943
vt 0.074632 0.120418
f 772/2875 770/2876 746/2877 748/2878
vt 0.074632 0.051943
vt 0.129187 0.051943
vt 0.129187 0.120418
vt 0.074632 0.120418
f 747/2879 771/2880 773/2881 749/2882
vt 0.129187 0.120418
vt 0.129187 0.051943
vt 0.074632 0.051943
vt 0.074632 0.120418
f 774/2883 772/2884 748/2885 750/2886
vt 0.074632 0.051943
vt 0.129187 0.051943
vt 0.129187 0.120418
vt 0.074632 0.120418
f 749/2887 773/2888 775/2889 751/2890
vt 0.129187 0.120418
vt 0.129187 0.051943
vt 0.074632 0.051943
vt 0.074632 0.120418
f 776/2891 774/2892 750/2893 752/2894
vt 0.074632 0.051943
vt 0.129187 0.051943
vt 0.129187 0.120418
vt 0.074632 0.120418
f 751/2895 775/2896 777/2897 753/2898
vt 0.129187 0.120418
vt 0.129187 0.051943
vt 0.074632 0.051943
vt 0.074632 0.120418
f 778/2899 776/2900 752/2901 754/2902
vt 0.074632 0.051943
vt 0.129187 0.051943
vt 0.129187 0.120418
vt 0.074632 0.120418
f 753/2903 777/2904 779/2905 755/2906
vt 0.129187 0.120418
vt 0.129187 0.051943
vt 0.074632 0.051943
vt 0.074632 0.120418
f 780/2907 778/2908 754/2909 756/2910
vt 0.074632 0.051943
vt 0.129187 0.051943
vt 0.129187 0.120418
vt 0.074632 0.120418
f 755/2911 779/2912 781/2913 757/2914
vt 0.129187 0.120418
vt 0.129187 0.051943
vt 0.074632 0.051943
vt 0.074632 0.120418
f 782/2915 780/2916 756/2917 758/2918
vt 0.074632 0.051943
vt 0.129187 0.051943
vt 0.129187 0.120418
vt 0.074632 0.120418
f 757/2919 781/2920 783/2921 759/2922
vt 0.129187 0.120418
vt 0.129187 0.051943
vt 0.074632 0.051943
vt 0.074632 0.120418
f 784/2923 782/2924 758/2925 760/2926
vt 0.074632 0.051943
vt 0.129187 0.051943
vt 0.129187 0.120418
vt 0.074632 0.120418
f 759/2927 783/2928 785/2929 761/2930
vt 0.129187 0.120418
vt 0.129187 0.051943
vt 0.074632 0.051943
vt 0.074632 0.120418
f 786/2931 784/2932 760/2933 762/2934
vt 0.074632 0.051943
vt 0.129187 0.051943
vt 0.129187 0.120418
vt 0.074632 0.120418
f 761/2935 785/2936 787/2937 763/2938
vt 0.129187 0.120418
vt 0.129187 0.051943
vt 0.074632 0.051943
vt 0.074632 0.120418
f 788/2939 786/2940 762/2941 764/2942
vt 0.074632 0.051943
vt 0.129187 0.051943
vt 0.129187 0.120418
vt 0.074632 0.120418
f 763/2943 787/2944 789/2945 765/2946
vt 0.129187 0.120418
vt 0.129187 0.051943
vt 0.074632 0.051943
vt 0.074632 0.120418
f 790/2947 788/2948 764/2949 766/2950
vt 0.074632 0.051943
vt 0.129187 0.051943
vt 0.129187 0.120418
vt 0.074632 0.120418
f 765/2951 789/2952 791/2953 767/2954
vt 0.129187 0.120418
vt 0.129187 0.051943
vt 0.074632 0.051943
vt 0.074632 0.120418
f 792/2955 790/2956 766/2957 768/2958
vt 0.554718 0.589672
vt 0.356310 0.589672
vt 0.356310 0.391263
vt 0.554718 0.391263
f 769/2959 745/2960 767/2961 791/2962
vt 0.356310 0.391263
vt 0.356310 0.589672
vt 0.554718 0.589672
vt 0.554718 0.391263
f 768/2963 746/2964 770/2965 792/2966
vt 0.074736 0.052240
vt 0.130153 0.052240
vt 0.130153 0.111991
vt 0.074736 0.111991
f 797/2967 821/2968 823/2969 799/2970
vt 0.130153 0.111991
vt 0.130153 0.052240
vt 0.074736 0.052240
vt 0.074736 0.111991
f 824/2971 822/2972 798/2973 800/2974
vt 0.074736 0.052240
vt 0.130153 0.052240
vt 0.130153 0.111991
vt 0.074736 0.111991
f 799/2975 823/2976 825/2977 801/2978
vt 0.130153 0.111991
vt 0.130153 0.052240
vt 0.074736 0.052240
vt 0.074736 0.111991
f 826/2979 824/2980 800/2981 802/2982
vt 0.074736 0.052240
vt 0.130153 0.052240
vt 0.130153 0.111991
vt 0.074736 0.111991
f 801/2983 825/2984 827/2985 803/2986
vt 0.130153 0.111991
vt 0.130153 0.052240
vt 0.074736 0.052240
vt 0.074736 0.111991
f 828/2987 826/2988 802/2989 804/2990
vt 0.074736 0.052240
vt 0.130153 0.052240
vt 0.130153 0.111991
vt 0.074736 0.111991
f 803/2991 827/2992 829/2993 805/2994
vt 0.130153 0.111991
vt 0.130153 0.052240
vt 0.074736 0.052240
vt 0.074736 0.111991
f 830/2995 828/2996 804/2997 806/2998
vt 0.074736 0.052240
vt 0.130153 0.052240
vt 0.130153 0.111991
vt 0.074736 0.111991
f 805/2999 829/3000 831/3001 807/3002
vt 0.130153 0.111991
vt 0.130153 0.052240
vt 0.074736 0.052240
vt 0.074736 0.111991
f 832/3003 830/3004 806/3005 808/3006
vt 0.074736 0.052240
vt 0.130153 0.052240
vt 0.130153 0.111991
vt 0.074736 0.111991
f 807/3007 831/3008 833/3009 809/3010
vt 0.130153 0.111991
vt 0.130153 0.052240
vt 0.074736 0.052240
vt 0.074736 0.111991
f 834/3011 832/3012 808/3013 810/3014
vt 0.074736 0.052240
vt 0.130153 0.052240
vt 0.130153 0.111991
vt 0.074736 0.111991
f 809/3015 833/3016 835/3017 811/3018
vt 0.130153 0.111991
vt 0.130153 0.052240
vt 0.074736 0.052240
vt 0.074736 0.111991
f 836/3019 834/3020 810/3021 812/3022
vt 0.074736 0.052240
vt 0.130153 0.052240
vt 0.130153 0.111991
vt 0.074736 0.111991
f 811/3023 835/3024 837/3025 813/3026
vt 0.130153 0.111991
vt 0.130153 0.052240
vt 0.074736 0.052240
vt 0.074736 0.111991
f 838/3027 836/3028 812/3029 814/3030
vt 0.074736 0.052240
vt 0.130153 0.052240
vt 0.130153 0.111991
vt 0.074736 0.111991
f 813/3031 837/3032 839/3033 815/3034
vt 0.130153 0.111991
vt 0.130153 0.052240
vt 0.074736 0.052240
vt 0.074736 0.111991
f 840/3035 838/3036 814/3037 816/3038
vt 0.074736 0.052240
vt 0.130153 0.052240
vt 0.130153 0.111991
vt 0.074736 0.111991
f 815/3039 839/3040 841/3041 817/3042
vt 0.130153 0.111991
vt 0.130153 0.052240
vt 0.074736 0.052240
vt 0.074736 0.111991
f 842/3043 840/3044 816/3045 818/3046
vt 0.074736 0.052240
vt 0.130153 0.052240
vt 0.130153 0.111991
vt 0.074736 0.111991
f 817/3047 841/3048 843/3049 819/3050
vt 0.130153 0.111991
vt 0.130153 0.052240
vt 0.074736 0.052240
vt 0.074736 0.111991
f 844/3051 842/3052 818/3053 820/3054
vt 0.130153 0.111991
vt 0.074736 0.111991
vt 0.074736 0.052240
vt 0.130153 0.052240
f 821/3055 797/3056 819/3057 843/3058
vt 0.074736 0.052240
vt 0.074736 0.111991
vt 0.130153 0.111991
vt 0.130153 0.052240
f 820/3059 798/3060 822/3061 844/3062
vt 0.399179 0.610921
vt 0.353713 0.598738
vt 0.386996 0.632022
f 851/3063 845/3064 849/3065
vt 0.386996 0.632022
vt 0.353713 0.598738
vt 0.399179 0.610921
f 850/3066 846/3067 852/3068
vt 0.386996 0.632022
vt 0.420279 0.665305
vt 0.444644 0.623103
vt 0.399179 0.610921
f 849/3069 797/3070 799/3071 851/3072
vt 0.444644 0.623103
vt 0.420279 0.665305
vt 0.386996 0.632022
vt 0.399179 0.610921
f 800/3073 798/3074 850/3075 852/3076
vt 0.420279 0.665305
vt 0.391723 0.636749
vt 0.405636 0.612651
vt 0.444644 0.623103
f 821/3077 853/3078 855/3079 823/3080
vt 0.405636 0.612651
vt 0.391723 0.636749
vt 0.420279 0.665305
vt 0.444644 0.623103
f 856/3081 854/3082 822/3083 824/3084
vt 0.399179 0.586556
vt 0.353713 0.598738
vt 0.399179 0.610921
f 857/3085 845/3086 851/3087
vt 0.399179 0.610921
vt 0.353713 0.598738
vt 0.399179 0.586556
f 852/3088 846/3089 858/3090
vt 0.444644 0.574374
vt 0.399179 0.586556
vt 0.399179 0.610921
vt 0.444644 0.623103
f 801/3091 857/3092 851/3093 799/3094
vt 0.399179 0.610921
vt 0.399179 0.586556
vt 0.444644 0.574374
vt 0.444644 0.623103
f 852/3095 858/3096 802/3097 800/3098
vt 0.444644 0.623103
vt 0.405636 0.612651
vt 0.405636 0.584826
vt 0.444644 0.574374
f 823/3099 855/3100 859/3101 825/3102
vt 0.405636 0.584826
vt 0.405636 0.612651
vt 0.444644 0.623103
vt 0.444644 0.574374
f 860/3103 856/3104 824/3105 826/3106
vt 0.386996 0.565455
vt 0.353713 0.598738
vt 0.399179 0.586556
f 861/3107 845/3108 857/3109
vt 0.399179 0.586556
vt 0.353713 0.598738
vt 0.386996 0.565455
f 858/3110 846/3111 862/3112
vt 0.420279 0.532172
vt 0.386996 0.565455
vt 0.399179 0.586556
vt 0.444644 0.574374
f 803/3113 861/3114 857/3115 801/3116
vt 0.399179 0.586556
vt 0.386996 0.565455
vt 0.420279 0.532172
vt 0.444644 0.574374
f 858/3117 862/3118 804/3119 802/3120
vt 0.444644 0.574374
vt 0.405636 0.584826
vt 0.391723 0.560728
vt 0.420279 0.532172
f 825/3121 859/3122 863/3123 827/3124
vt 0.391723 0.560728
vt 0.405636 0.584826
vt 0.444644 0.574374
vt 0.420279 0.532172
f 864/3125 860/3126 826/3127 828/3128
vt 0.365896 0.553273
vt 0.353713 0.598738
vt 0.386996 0.565455
f 865/3129 845/3130 861/3131
vt 0.386996 0.565455
vt 0.353713 0.598738
vt 0.365896 0.553273
f 862/3132 846/3133 866/3134
vt 0.378078 0.507807
vt 0.365896 0.553273
vt 0.386996 0.565455
vt 0.420279 0.532172
f 805/3135 865/3136 861/3137 803/3138
vt 0.386996 0.565455
vt 0.365896 0.553273
vt 0.378078 0.507807
vt 0.420279 0.532172
f 862/3139 866/3140 806/3141 804/3142
vt 0.420279 0.532172
vt 0.391723 0.560728
vt 0.367626 0.546816
vt 0.378078 0.507807
f 827/3143 863/3144 867/3145 829/3146
vt 0.367626 0.546816
vt 0.391723 0.560728
vt 0.420279 0.532172
vt 0.378078 0.507807
f 868/3147 864/3148 828/3149 830/3150
vt 0.341531 0.553273
vt 0.353713 0.598738
vt 0.365896 0.553273
f 869/3151 845/3152 865/3153
vt 0.365896 0.553273
vt 0.353713 0.598738
vt 0.341531 0.553273
f 866/3154 846/3155 870/3156
vt 0.329348 0.507807
vt 0.341531 0.553273
vt 0.365896 0.553273
vt 0.378078 0.507807
f 807/3157 869/3158 865/3159 805/3160
vt 0.365896 0.553273
vt 0.341531 0.553273
vt 0.329348 0.507807
vt 0.378078 0.507807
f 866/3161 870/3162 808/3163 806/3164
vt 0.378078 0.507807
vt 0.367626 0.546816
vt 0.339801 0.546816
vt 0.329348 0.507807
f 829/3165 867/3166 871/3167 831/3168
vt 0.339801 0.546816
vt 0.367626 0.546816
vt 0.378078 0.507807
vt 0.329348 0.507807
f 872/3169 868/3170 830/3171 832/3172
vt 0.320430 0.565455
vt 0.353713 0.598738
vt 0.341531 0.553273
f 873/3173 845/3174 869/3175
vt 0.341531 0.553273
vt 0.353713 0.598738
vt 0.320430 0.565455
f 870/3176 846/3177 874/3178
vt 0.287147 0.532172
vt 0.320430 0.565455
vt 0.341531 0.553273
vt 0.329348 0.507807
f 809/3179 873/3180 869/3181 807/3182
vt 0.341531 0.553273
vt 0.320430 0.565455
vt 0.287147 0.532172
vt 0.329348 0.507807
f 870/3183 874/3184 810/3185 808/3186
vt 0.329348 0.507807
vt 0.339801 0.546816
vt 0.315703 0.560728
vt 0.287147 0.532172
f 831/3187 871/3188 875/3189 833/3190
vt 0.315703 0.560728
vt 0.339801 0.546816
vt 0.329348 0.507807
vt 0.287147 0.532172
f 876/3191 872/3192 832/3193 834/3194
vt 0.308248 0.586556
vt 0.353713 0.598738
vt 0.320430 0.565455
f 877/3195 845/3196 873/3197
vt 0.320430 0.565455
vt 0.353713 0.598738
vt 0.308248 0.586556
f 874/3198 846/3199 878/3200
vt 0.262782 0.574373
vt 0.308248 0.586556
vt 0.320430 0.565455
vt 0.287147 0.532172
f 811/3201 877/3202 873/3203 809/3204
vt 0.320430 0.565455
vt 0.308248 0.586556
vt 0.262782 0.574373
vt 0.287147 0.532172
f 874/3205 878/3206 812/3207 810/3208
vt 0.287147 0.532172
vt 0.315703 0.560728
vt 0.301790 0.584826
vt 0.262782 0.574373
f 833/3209 875/3210 879/3211 835/3212
vt 0.301790 0.584826
vt 0.315703 0.560728
vt 0.287147 0.532172
vt 0.262782 0.574373
f 880/3213 876/3214 834/3215 836/3216
vt 0.308248 0.610921
vt 0.353713 0.598738
vt 0.308248 0.586556
f 881/3217 845/3218 877/3219
vt 0.308248 0.586556
vt 0.353713 0.598738
vt 0.308248 0.610921
f 878/3220 846/3221 882/3222
vt 0.262782 0.623103
vt 0.308248 0.610921
vt 0.308248 0.586556
vt 0.262782 0.574373
f 813/3223 881/3224 877/3225 811/3226
vt 0.308248 0.586556
vt 0.308248 0.610921
vt 0.262782 0.623103
vt 0.262782 0.574373
f 878/3227 882/3228 814/3229 812/3230
vt 0.262782 0.574373
vt 0.301790 0.584826
vt 0.301790 0.612651
vt 0.262782 0.623103
f 835/3231 879/3232 883/3233 837/3234
vt 0.301790 0.612651
vt 0.301790 0.584826
vt 0.262782 0.574373
vt 0.262782 0.623103
f 884/3235 880/3236 836/3237 838/3238
vt 0.320430 0.632022
vt 0.353713 0.598738
vt 0.308248 0.610921
f 885/3239 845/3240 881/3241
vt 0.308248 0.610921
vt 0.353713 0.598738
vt 0.320430 0.632022
f 882/3242 846/3243 886/3244
vt 0.287147 0.665305
vt 0.320430 0.632022
vt 0.308248 0.610921
vt 0.262782 0.623103
f 815/3245 885/3246 881/3247 813/3248
vt 0.308248 0.610921
vt 0.320430 0.632022
vt 0.287147 0.665305
vt 0.262782 0.623103
f 882/3249 886/3250 816/3251 814/3252
vt 0.262782 0.623103
vt 0.301790 0.612651
vt 0.315703 0.636748
vt 0.287147 0.665305
f 837/3253 883/3254 887/3255 839/3256
vt 0.315703 0.636748
vt 0.301790 0.612651
vt 0.262782 0.623103
vt 0.287147 0.665305
f 888/3257 884/3258 838/3259 840/3260
vt 0.341531 0.644204
vt 0.353713 0.598738
vt 0.320430 0.632022
f 889/3261 845/3262 885/3263
vt 0.320430 0.632022
vt 0.353713 0.598738
vt 0.341531 0.644204
f 886/3264 846/3265 890/3266
vt 0.329348 0.689670
vt 0.341531 0.644204
vt 0.320430 0.632022
vt 0.287147 0.665305
f 817/3267 889/3268 885/3269 815/3270
vt 0.320430 0.632022
vt 0.341531 0.644204
vt 0.329348 0.689670
vt 0.287147 0.665305
f 886/3271 890/3272 818/3273 816/3274
vt 0.287147 0.665305
vt 0.315703 0.636748
vt 0.339800 0.650661
vt 0.329348 0.689670
f 839/3275 887/3276 891/3277 841/3278
vt 0.339800 0.650661
vt 0.315703 0.636748
vt 0.287147 0.665305
vt 0.329348 0.689670
f 892/3279 888/3280 840/3281 842/3282
vt 0.365896 0.644204
vt 0.353713 0.598738
vt 0.341531 0.644204
f 893/3283 845/3284 889/3285
vt 0.341531 0.644204
vt 0.353713 0.598738
vt 0.365896 0.644204
f 890/3286 846/3287 894/3288
vt 0.378078 0.689670
vt 0.365896 0.644204
vt 0.341531 0.644204
vt 0.329348 0.689670
f 819/3289 893/3290 889/3291 817/3292
vt 0.341531 0.644204
vt 0.365896 0.644204
vt 0.378078 0.689670
vt 0.329348 0.689670
f 890/3293 894/3294 820/3295 818/3296
vt 0.329348 0.689670
vt 0.339800 0.650661
vt 0.367626 0.650661
vt 0.378078 0.689670
f 841/3297 891/3298 895/3299 843/3300
vt 0.367626 0.650661
vt 0.339800 0.650661
vt 0.329348 0.689670
vt 0.378078 0.689670
f 896/3301 892/3302 842/3303 844/3304
vt 0.386996 0.632022
vt 0.353713 0.598738
vt 0.365896 0.644204
f 849/3305 845/3306 893/3307
vt 0.365896 0.644204
vt 0.353713 0.598738
vt 0.386996 0.632022
f 894/3308 846/3309 850/3310
vt 0.420279 0.665305
vt 0.386996 0.632022
vt 0.365896 0.644204
vt 0.378078 0.689670
f 797/3311 849/3312 893/3313 819/3314
vt 0.365896 0.644204
vt 0.386996 0.632022
vt 0.420279 0.665305
vt 0.378078 0.689670
f 894/3315 850/3316 798/3317 820/3318
vt 0.378078 0.689670
vt 0.367626 0.650661
vt 0.391723 0.636749
vt 0.420279 0.665305
f 843/3319 895/3320 853/3321 821/3322
vt 0.391723 0.636749
vt 0.367626 0.650661
vt 0.378078 0.689670
vt 0.420279 0.665305
f 854/3323 896/3324 844/3325 822/3326
vt 0.384003 0.629028
vt 0.353713 0.598738
vt 0.395090 0.609825
f 897/3327 847/3328 899/3329
vt 0.395090 0.609825
vt 0.353713 0.598738
vt 0.384003 0.629028
f 900/3330 848/3331 898/3332
vt 0.391723 0.636749
vt 0.384003 0.629028
vt 0.395090 0.609825
vt 0.405636 0.612651
f 853/3333 897/3334 899/3335 855/3336
vt 0.395090 0.609825
vt 0.384003 0.629028
vt 0.391723 0.636749
vt 0.405636 0.612651
f 900/3337 898/3338 854/3339 856/3340
vt 0.395090 0.609825
vt 0.353713 0.598738
vt 0.395090 0.587652
f 899/3341 847/3342 901/3343
vt 0.395090 0.587652
vt 0.353713 0.598738
vt 0.395090 0.609825
f 902/3344 848/3345 900/3346
vt 0.405636 0.612651
vt 0.395090 0.609825
vt 0.395090 0.587652
vt 0.405636 0.584826
f 855/3347 899/3348 901/3349 859/3350
vt 0.395090 0.587652
vt 0.395090 0.609825
vt 0.405636 0.612651
vt 0.405636 0.584826
f 902/3351 900/3352 856/3353 860/3354
vt 0.395090 0.587652
vt 0.353713 0.598738
vt 0.384003 0.568449
f 901/3355 847/3356 903/3357
vt 0.384003 0.568449
vt 0.353713 0.598738
vt 0.395090 0.587652
f 904/3358 848/3359 902/3360
vt 0.405636 0.584826
vt 0.395090 0.587652
vt 0.384003 0.568449
vt 0.391723 0.560728
f 859/3361 901/3362 903/3363 863/3364
vt 0.384003 0.568449
vt 0.395090 0.587652
vt 0.405636 0.584826
vt 0.391723 0.560728
f 904/3365 902/3366 860/3367 864/3368
vt 0.384003 0.568449
vt 0.353713 0.598738
vt 0.364800 0.557362
f 903/3369 847/3370 905/3371
vt 0.364800 0.557362
vt 0.353713 0.598738
vt 0.384003 0.568449
f 906/3372 848/3373 904/3374
vt 0.391723 0.560728
vt 0.384003 0.568449
vt 0.364800 0.557362
vt 0.367626 0.546816
f 863/3375 903/3376 905/3377 867/3378
vt 0.364800 0.557362
vt 0.384003 0.568449
vt 0.391723 0.560728
vt 0.367626 0.546816
f 906/3379 904/3380 864/3381 868/3382
vt 0.364800 0.557362
vt 0.353713 0.598738
vt 0.342626 0.557362
f 905/3383 847/3384 907/3385
vt 0.342626 0.557362
vt 0.353713 0.598738
vt 0.364800 0.557362
f 908/3386 848/3387 906/3388
vt 0.367626 0.546816
vt 0.364800 0.557362
vt 0.342626 0.557362
vt 0.339801 0.546816
f 867/3389 905/3390 907/3391 871/3392
vt 0.342626 0.557362
vt 0.364800 0.557362
vt 0.367626 0.546816
vt 0.339801 0.546816
f 908/3393 906/3394 868/3395 872/3396
vt 0.342626 0.557362
vt 0.353713 0.598738
vt 0.323423 0.568449
f 907/3397 847/3398 909/3399
vt 0.323423 0.568449
vt 0.353713 0.598738
vt 0.342626 0.557362
f 910/3400 848/3401 908/3402
vt 0.339801 0.546816
vt 0.342626 0.557362
vt 0.323423 0.568449
vt 0.315703 0.560728
f 871/3403 907/3404 909/3405 875/3406
vt 0.323423 0.568449
vt 0.342626 0.557362
vt 0.339801 0.546816
vt 0.315703 0.560728
f 910/3407 908/3408 872/3409 876/3410
vt 0.323423 0.568449
vt 0.353713 0.598738
vt 0.312336 0.587651
f 909/3411 847/3412 911/3413
vt 0.312336 0.587651
vt 0.353713 0.598738
vt 0.323423 0.568449
f 912/3414 848/3415 910/3416
vt 0.315703 0.560728
vt 0.323423 0.568449
vt 0.312336 0.587651
vt 0.301790 0.584826
f 875/3417 909/3418 911/3419 879/3420
vt 0.312336 0.587651
vt 0.323423 0.568449
vt 0.315703 0.560728
vt 0.301790 0.584826
f 912/3421 910/3422 876/3423 880/3424
vt 0.312336 0.587651
vt 0.353713 0.598738
vt 0.312336 0.609825
f 911/3425 847/3426 913/3427
vt 0.312336 0.609825
vt 0.353713 0.598738
vt 0.312336 0.587651
f 914/3428 848/3429 912/3430
vt 0.301790 0.584826
vt 0.312336 0.587651
vt 0.312336 0.609825
vt 0.301790 0.612651
f 879/3431 911/3432 913/3433 883/3434
vt 0.312336 0.609825
vt 0.312336 0.587651
vt 0.301790 0.584826
vt 0.301790 0.612651
f 914/3435 912/3436 880/3437 884/3438
vt 0.312336 0.609825
vt 0.353713 0.598738
vt 0.323423 0.629028
f 913/3439 847/3440 915/3441
vt 0.323423 0.629028
vt 0.353713 0.598738
vt 0.312336 0.609825
f 916/3442 848/3443 914/3444
vt 0.301790 0.612651
vt 0.312336 0.609825
vt 0.323423 0.629028
vt 0.315703 0.636748
f 883/3445 913/3446 915/3447 887/3448
vt 0.323423 0.629028
vt 0.312336 0.609825
vt 0.301790 0.612651
vt 0.315703 0.636748
f 916/3449 914/3450 884/3451 888/3452
vt 0.323423 0.629028
vt 0.353713 0.598738
vt 0.342626 0.640115
f 915/3453 847/3454 917/3455
vt 0.342626 0.640115
vt 0.353713 0.598738
vt 0.323423 0.629028
f 918/3456 848/3457 916/3458
vt 0.315703 0.636748
vt 0.323423 0.629028
vt 0.342626 0.640115
vt 0.339800 0.650661
f 887/3459 915/3460 917/3461 891/3462
vt 0.342626 0.640115
vt 0.323423 0.629028
vt 0.315703 0.636748
vt 0.339800 0.650661
f 918/3463 916/3464 888/3465 892/3466
vt 0.342626 0.640115
vt 0.353713 0.598738
vt 0.364800 0.640115
f 917/3467 847/3468 919/3469
vt 0.364800 0.640115
vt 0.353713 0.598738
vt 0.342626 0.640115
f 920/3470 848/3471 918/3472
vt 0.339800 0.650661
vt 0.342626 0.640115
vt 0.364800 0.640115
vt 0.367626 0.650661
f 891/3473 917/3474 919/3475 895/3476
vt 0.364800 0.640115
vt 0.342626 0.640115
vt 0.339800 0.650661
vt 0.367626 0.650661
f 920/3477 918/3478 892/3479 896/3480
vt 0.364800 0.640115
vt 0.353713 0.598738
vt 0.384003 0.629028
f 919/3481 847/3482 897/3483
vt 0.384003 0.629028
vt 0.353713 0.598738
vt 0.364800 0.640115
f 898/3484 848/3485 920/3486
vt 0.367626 0.650661
vt 0.364800 0.640115
vt 0.384003 0.629028
vt 0.391723 0.636749
f 895/3487 919/3488 897/3489 853/3490
vt 0.384003 0.629028
vt 0.364800 0.640115
vt 0.367626 0.650661
vt 0.391723 0.636749
f 898/3491 920/3492 896/3493 854/3494
vt 0.324053 0.019642
vt 0.324053 0.019642
vt 0.324053 0.025437
vt 0.324053 0.025437
f 929/3495 921/3496 927/3497 935/3498
vt 0.324053 0.025437
vt 0.324053 0.019642
vt 0.324053 0.019642
vt 0.324053 0.025437
f 928/3499 922/3500 930/3501 936/3502
vt 0.324053 0.019642
vt 0.279806 0.019642
vt 0.279806 0.025437
vt 0.324053 0.025437
f 921/3503 937/3504 939/3505 927/3506
vt 0.279806 0.025437
vt 0.279806 0.019642
vt 0.324053 0.019642
vt 0.324053 0.025437
f 940/3507 938/3508 922/3509 928/3510
vt 0.279806 0.019642
vt 0.235558 0.019642
vt 0.235558 0.025437
vt 0.279806 0.025437
f 937/3511 923/3512 925/3513 939/3514
vt 0.235558 0.025437
vt 0.235558 0.019642
vt 0.279806 0.019642
vt 0.279806 0.025437
f 926/3515 924/3516 938/3517 940/3518
vt 0.324053 0.025437
vt 0.279806 0.025437
vt 0.279806 0.019642
vt 0.324053 0.019642
f 935/3519 943/3520 941/3521 929/3522
vt 0.279806 0.019642
vt 0.279806 0.025437
vt 0.324053 0.025437
vt 0.324053 0.019642
f 942/3523 944/3524 936/3525 930/3526
vt 0.279806 0.025437
vt 0.235558 0.025437
vt 0.235558 0.019642
vt 0.279806 0.019642
f 943/3527 933/3528 931/3529 941/3530
vt 0.235558 0.019642
vt 0.235558 0.025437
vt 0.279806 0.025437
vt 0.279806 0.019642
f 932/3531 934/3532 944/3533 942/3534
vt 0.282403 0.016053
vt 0.343200 0.016053
vt 0.343200 0.028817
vt 0.282403 0.028817
f 937/3535 921/3536 929/3537 941/3538
vt 0.343200 0.028817
vt 0.343200 0.016053
vt 0.282403 0.016053
vt 0.282403 0.028817
f 930/3539 922/3540 938/3541 942/3542
vt 0.282403 0.028817
vt 0.221606 0.028817
vt 0.221606 0.016053
vt 0.282403 0.016053
f 941/3543 931/3544 923/3545 937/3546
vt 0.221606 0.016053
vt 0.221606 0.028817
vt 0.282403 0.028817
vt 0.282403 0.016053
f 924/3547 932/3548 942/3549 938/3550
vt 0.221606 0.028817
vt 0.282403 0.028817
vt 0.282403 0.016053
vt 0.221606 0.016053
f 933/3551 943/3552 939/3553 925/3554
vt 0.282403 0.016053
vt 0.282403 0.028817
vt 0.221606 0.028817
vt 0.221606 0.016053
f 940/3555 944/3556 934/3557 926/3558
vt 0.282403 0.028817
vt 0.343200 0.028817
vt 0.343200 0.016053
vt 0.282403 0.016053
f 943/3559 935/3560 927/3561 939/3562
vt 0.343200 0.016053
vt 0.343200 0.028817
vt 0.282403 0.028817
vt 0.282403 0.016053
f 928/3563 936/3564 944/3565 940/3566
vt 0.983462 0.240846
vt 0.983462 0.240846
vt 0.988413 0.240853
vt 0.988413 0.240853
f 949/3567 945/3568 948/3569 952/3570
vt 0.983462 0.240846
vt 0.983462 0.240846
vt 0.983455 0.245797
vt 0.983455 0.245797
f 945/3571 949/3572 950/3573 946/3574
vt 0.988406 0.245804
vt 0.988406 0.245804
vt 0.983455 0.245797
vt 0.983455 0.245797
f 951/3575 947/3576 946/3577 950/3578
vt 0.988413 0.240853
vt 0.988413 0.240853
vt 0.988406 0.245804
vt 0.988406 0.245804
f 952/3579 948/3580 947/3581 951/3582
vt 0.990269 0.240420
vt 0.990260 0.246241
vt 0.990260 0.246241
vt 0.990269 0.240420
f 953/3583 955/3584 957/3585 959/3586
vt 0.990260 0.246241
vt 0.990260 0.246241
vt 0.990269 0.240420
vt 0.990269 0.240420
f 958/3587 956/3588 954/3589 960/3590
vt 0.619753 0.239911
vt 0.990269 0.240420
vt 0.990269 0.240420
vt 0.619753 0.239911
f 961/3591 953/3592 959/3593 963/3594
vt 0.990269 0.240420
vt 0.990269 0.240420
vt 0.619753 0.239911
vt 0.619753 0.239911
f 960/3595 954/3596 962/3597 964/3598
vt 0.942405 0.240789
vt 0.942405 0.240789
vt 0.942398 0.245741
vt 0.942398 0.245741
f 965/3599 969/3600 970/3601 966/3602
vt 0.942398 0.245741
vt 0.942398 0.245741
vt 0.937447 0.245734
vt 0.937447 0.245734
f 966/3603 970/3604 971/3605 967/3606
vt 0.937447 0.245734
vt 0.937447 0.245734
vt 0.937454 0.240783
vt 0.937454 0.240783
f 967/3607 971/3608 972/3609 968/3610
vt 0.942405 0.240789
vt 0.942405 0.240789
vt 0.937454 0.240783
vt 0.937454 0.240783
f 969/3611 965/3612 968/3613 972/3614
vt 0.896397 0.240726
vt 0.896397 0.240726
vt 0.891446 0.240719
vt 0.891446 0.240719
f 976/3615 980/3616 977/3617 973/3618
vt 0.891439 0.245670
vt 0.891439 0.245670
vt 0.891446 0.240719
vt 0.891446 0.240719
f 978/3619 974/3620 973/3621 977/3622
vt 0.896390 0.245677
vt 0.896390 0.245677
vt 0.891439 0.245670
vt 0.891439 0.245670
f 979/3623 975/3624 974/3625 978/3626
vt 0.896397 0.240726
vt 0.896397 0.240726
vt 0.896390 0.245677
vt 0.896390 0.245677
f 980/3627 976/3628 975/3629 979/3630
vt 0.850389 0.240663
vt 0.850389 0.240663
vt 0.850382 0.245614
vt 0.850382 0.245614
f 981/3631 985/3632 986/3633 982/3634
vt 0.850382 0.245614
vt 0.850382 0.245614
vt 0.845431 0.245607
vt 0.845431 0.245607
f 982/3635 986/3636 987/3637 983/3638
vt 0.845431 0.245607
vt 0.845431 0.245607
vt 0.845437 0.240656
vt 0.845437 0.240656
f 983/3639 987/3640 988/3641 984/3642
vt 0.850389 0.240663
vt 0.850389 0.240663
vt 0.845437 0.240656
vt 0.845437 0.240656
f 985/3643 981/3644 984/3645 988/3646
vt 0.804380 0.240600
vt 0.804380 0.240600
vt 0.799429 0.240593
vt 0.799429 0.240593
f 992/3647 996/3648 993/3649 989/3650
vt 0.799422 0.245544
vt 0.799422 0.245544
vt 0.799429 0.240593
vt 0.799429 0.240593
f 994/3651 990/3652 989/3653 993/3654
vt 0.804374 0.245551
vt 0.804374 0.245551
vt 0.799422 0.245544
vt 0.799422 0.245544
f 995/3655 991/3656 990/3657 994/3658
vt 0.804380 0.240600
vt 0.804380 0.240600
vt 0.804374 0.245551
vt 0.804374 0.245551
f 996/3659 992/3660 991/3661 995/3662
vt 0.758372 0.240536
vt 0.758372 0.240536
vt 0.758365 0.245487
vt 0.758365 0.245487
f 997/3663 1001/3664 1002/3665 998/3666
vt 0.758365 0.245487
vt 0.758365 0.245487
vt 0.753414 0.245480
vt 0.753414 0.245480
f 998/3667 1002/3668 1003/3669 999/3670
vt 0.753414 0.245480
vt 0.753414 0.245480
vt 0.753421 0.240529
vt 0.753421 0.240529
f 999/3671 1003/3672 1004/3673 1000/3674
vt 0.758372 0.240536
vt 0.758372 0.240536
vt 0.753421 0.240529
vt 0.753421 0.240529
f 1001/3675 997/3676 1000/3677 1004/3678
vt 0.712364 0.240473
vt 0.712364 0.240473
vt 0.707413 0.240466
vt 0.707413 0.240466
f 1008/3679 1012/3680 1009/3681 1005/3682
vt 0.707406 0.245417
vt 0.707406 0.245417
vt 0.707413 0.240466
vt 0.707413 0.240466
f 1010/3683 1006/3684 1005/3685 1009/3686
vt 0.712357 0.245424
vt 0.712357 0.245424
vt 0.707406 0.245417
vt 0.707406 0.245417
f 1011/3687 1007/3688 1006/3689 1010/3690
vt 0.712364 0.240473
vt 0.712364 0.240473
vt 0.712357 0.245424
vt 0.712357 0.245424
f 1012/3691 1008/3692 1007/3693 1011/3694
vt 0.666356 0.240410
vt 0.666356 0.240410
vt 0.666349 0.245361
vt 0.666349 0.245361
f 1013/3695 1017/3696 1018/3697 1014/3698
vt 0.666349 0.245361
vt 0.666349 0.245361
vt 0.661398 0.245354
vt 0.661398 0.245354
f 1014/3699 1018/3700 1019/3701 1015/3702
vt 0.661398 0.245354
vt 0.661398 0.245354
vt 0.661405 0.240403
vt 0.661405 0.240403
f 1015/3703 1019/3704 1020/3705 1016/3706
vt 0.666356 0.240410
vt 0.666356 0.240410
vt 0.661405 0.240403
vt 0.661405 0.240403
f 1017/3707 1013/3708 1016/3709 1020/3710
vt 0.626488 0.245154
vt 0.626488 0.245154
vt 0.659272 0.244452
vt 0.659272 0.244452
f 961/3711 963/3712 1029/3713 1031/3714
vt 0.659272 0.244452
vt 0.626488 0.245154
vt 0.626488 0.245154
vt 0.659272 0.244452
f 1030/3715 964/3716 962/3717 1032/3718
vt 0.659272 0.244452
vt 0.659272 0.244452
vt 0.659200 0.238963
vt 0.659200 0.238963
f 1031/3719 1029/3720 1027/3721 1025/3722
vt 0.659200 0.238963
vt 0.659272 0.244452
vt 0.659272 0.244452
vt 0.659200 0.238963
f 1028/3723 1030/3724 1032/3725 1026/3726
vt 0.620864 0.239463
vt 0.620864 0.239463
vt 0.659200 0.238963
vt 0.659200 0.238963
f 1021/3727 1023/3728 1025/3729 1027/3730
vt 0.659200 0.238963
vt 0.620864 0.239463
vt 0.620864 0.239463
vt 0.659200 0.238963
f 1026/3731 1024/3732 1022/3733 1028/3734
vt 0.659272 0.244452
vt 0.626488 0.245154
vt 0.620864 0.239463
vt 0.659200 0.238963
f 1029/3735 963/3736 1021/3737 1027/3738
vt 0.620864 0.239463
vt 0.626488 0.245154
vt 0.659272 0.244452
vt 0.659200 0.238963
f 1022/3739 964/3740 1030/3741 1028/3742
vt 0.659272 0.244452
vt 0.659200 0.238963
vt 0.620864 0.239463
vt 0.626488 0.245154
f 1031/3743 1025/3744 1023/3745 961/3746
vt 0.620864 0.239463
vt 0.659200 0.238963
vt 0.659272 0.244452
vt 0.626488 0.245154
f 1024/3747 1026/3748 1032/3749 962/3750
vt 0.990269 0.240420
vt 0.619753 0.239911
vt 0.614255 0.245724
vt 0.990260 0.246241
f 953/3751 961/3752 1023/3753 955/3754
vt 0.614255 0.245724
vt 0.619753 0.239911
vt 0.990269 0.240420
vt 0.990260 0.246241
f 1024/3755 962/3756 954/3757 956/3758
vt 0.990260 0.246241
vt 0.614255 0.245724
vt 0.614255 0.245724
vt 0.990260 0.246241
f 955/3759 1023/3760 1021/3761 957/3762
vt 0.614255 0.245724
vt 0.614255 0.245724
vt 0.990260 0.246241
vt 0.990260 0.246241
f 1022/3763 1024/3764 956/3765 958/3766
vt 0.990260 0.246241
vt 0.614255 0.245724
vt 0.619753 0.239911
vt 0.990269 0.240420
f 957/3767 1021/3768 963/3769 959/3770
vt 0.619753 0.239911
vt 0.614255 0.245724
vt 0.990260 0.246241
vt 0.990269 0.240420
f 964/3771 1022/3772 958/3773 960/3774
vt 0.873496 0.243700
vt 0.828108 0.244268
vt 0.828046 0.239318
vt 0.873433 0.238749
f 1039/3775 1047/3776 1041/3777 1033/3778
vt 0.828046 0.239318
vt 0.828108 0.244268
vt 0.873496 0.243700
vt 0.873433 0.238749
f 1042/3779 1048/3780 1040/3781 1034/3782
vt 0.828046 0.239313
vt 0.873433 0.238745
vt 0.873433 0.238749
vt 0.828046 0.239318
f 1043/3783 1035/3784 1033/3785 1041/3786
vt 0.873433 0.238749
vt 0.873433 0.238745
vt 0.828046 0.239313
vt 0.828046 0.239318
f 1034/3787 1036/3788 1044/3789 1042/3790
vt 0.828108 0.244264
vt 0.873495 0.243695
vt 0.873433 0.238745
vt 0.828046 0.239313
f 1045/3791 1037/3792 1035/3793 1043/3794
vt 0.873433 0.238745
vt 0.873495 0.243695
vt 0.828108 0.244264
vt 0.828046 0.239313
f 1036/3795 1038/3796 1046/3797 1044/3798
vt 0.828108 0.244268
vt 0.873496 0.243700
vt 0.873495 0.243695
vt 0.828108 0.244264
f 1047/3799 1039/3800 1037/3801 1045/3802
vt 0.873495 0.243695
vt 0.873496 0.243700
vt 0.828108 0.244268
vt 0.828108 0.244264
f 1038/3803 1040/3804 1048/3805 1046/3806
vt 0.841797 0.094480
vt 0.841797 0.128113
vt 0.808163 0.128113
vt 0.808163 0.094480
f 1050/3807 1054/3808 1055/3809 1051/3810
vt 0.841797 0.128113
vt 0.841797 0.094480
vt 0.808163 0.094480
vt 0.808163 0.128113
f 1053/3811 1049/3812 1052/3813 1056/3814
vt 0.840981 0.216905
vt 0.840981 0.118842
vt 0.808884 0.118842
vt 0.808884 0.216905
f 1049/3815 1057/3816 1060/3817 1052/3818
vt 0.840981 0.216912
vt 0.840981 0.118849
vt 0.808884 0.118849
vt 0.808884 0.216912
f 1058/3819 1050/3820 1051/3821 1059/3822
vt 0.808747 0.230392
vt 0.807632 0.096891
vt 0.842038 0.074696
vt 0.845875 0.214593
f 1057/3823 1049/3824 1053/3825 1061/3826
vt 0.841035 0.078496
vt 0.841406 0.220981
vt 0.813286 0.221055
vt 0.812915 0.078569
f 1061/3827 1062/3828 1058/3829 1057/3830
vt 0.844382 0.089299
vt 0.842977 0.229241
vt 0.808190 0.207648
vt 0.806985 0.074147
f 1062/3831 1054/3832 1050/3833 1058/3834
vt 0.842977 0.229241
vt 0.844382 0.089299
vt 0.806985 0.074147
vt 0.808190 0.207648
f 1055/3835 1063/3836 1059/3837 1051/3838
vt 0.841406 0.220981
vt 0.841035 0.078496
vt 0.812915 0.078569
vt 0.813286 0.221054
f 1063/3839 1064/3840 1060/3841 1059/3842
vt 0.845875 0.214593
vt 0.842038 0.074696
vt 0.807632 0.096891
vt 0.808747 0.230392
f 1064/3843 1056/3844 1052/3845 1060/3846
vt 0.845875 0.214593
vt 0.842038 0.074696
vt 0.807632 0.096891
vt 0.808747 0.230392
f 1065/3847 1073/3848 1077/3849 1069/3850
vt 0.841406 0.220981
vt 0.841035 0.078496
vt 0.812915 0.078569
vt 0.813286 0.221054
f 1066/3851 1065/3852 1069/3853 1070/3854
vt 0.842977 0.229241
vt 0.844382 0.089299
vt 0.806985 0.074147
vt 0.808190 0.207648
f 1074/3855 1066/3856 1070/3857 1078/3858
vt 0.844382 0.089299
vt 0.842977 0.229241
vt 0.808190 0.207648
vt 0.806985 0.074147
f 1067/3859 1075/3860 1079/3861 1071/3862
vt 0.841035 0.078496
vt 0.841406 0.220981
vt 0.813286 0.221055
vt 0.812915 0.078569
f 1068/3863 1067/3864 1071/3865 1072/3866
vt 0.808747 0.230392
vt 0.807632 0.096891
vt 0.842038 0.074696
vt 0.845875 0.214593
f 1072/3867 1080/3868 1076/3869 1068/3870
vt 0.840981 0.216912
vt 0.840981 0.118849
vt 0.808884 0.118849
vt 0.808884 0.216912
f 1071/3871 1079/3872 1078/3873 1070/3874
vt 0.840981 0.216905
vt 0.840981 0.118842
vt 0.808884 0.118842
vt 0.808884 0.216905
f 1080/3875 1072/3876 1069/3877 1077/3878
vt 0.841797 0.128113
vt 0.841797 0.094480
vt 0.808163 0.094480
vt 0.808163 0.128113
f 1076/3879 1080/3880 1077/3881 1073/3882
vt 0.841797 0.094480
vt 0.841797 0.128113
vt 0.808163 0.128113
vt 0.808163 0.094480
f 1079/3883 1075/3884 1074/3885 1078/3886
vt 0.841797 0.094480
vt 0.841797 0.128113
vt 0.808163 0.128113
vt 0.808163 0.094480
f 1082/3887 1086/3888 1087/3889 1083/3890
vt 0.841797 0.128113
vt 0.841797 0.094480
vt 0.808163 0.094480
vt 0.808163 0.128113
f 1085/3891 1081/3892 1084/3893 1088/3894
vt 0.840981 0.216905
vt 0.840981 0.118842
vt 0.808884 0.118842
vt 0.808884 0.216905
f 1081/3895 1089/3896 1092/3897 1084/3898
vt 0.840981 0.216912
vt 0.840981 0.118849
vt 0.808884 0.118849
vt 0.808884 0.216912
f 1090/3899 1082/3900 1083/3901 1091/3902
vt 0.808747 0.230392
vt 0.807632 0.096891
vt 0.842038 0.074696
vt 0.845875 0.214593
f 1089/3903 1081/3904 1085/3905 1093/3906
vt 0.841035 0.078496
vt 0.841406 0.220981
vt 0.813286 0.221055
vt 0.812915 0.078569
f 1093/3907 1094/3908 1090/3909 1089/3910
vt 0.844382 0.089299
vt 0.842977 0.229241
vt 0.808190 0.207648
vt 0.806985 0.074147
f 1094/3911 1086/3912 1082/3913 1090/3914
vt 0.842977 0.229241
vt 0.844382 0.089299
vt 0.806985 0.074147
vt 0.808190 0.207648
f 1087/3915 1095/3916 1091/3917 1083/3918
vt 0.841406 0.220981
vt 0.841035 0.078496
vt 0.812915 0.078569
vt 0.813286 0.221054
f 1095/3919 1096/3920 1092/3921 1091/3922
vt 0.845875 0.214593
vt 0.842038 0.074696
vt 0.807632 0.096891
vt 0.808747 0.230392
f 1096/3923 1088/3924 1084/3925 1092/3926
vt 0.126319 0.391105
vt 0.077665 0.391105
vt 0.077665 0.391105
vt 0.126319 0.391105
f 1097/3927 1099/3928 1101/3929 1103/3930
vt 0.077665 0.391105
vt 0.077665 0.391105
vt 0.126319 0.391105
vt 0.126319 0.391105
f 1102/3931 1100/3932 1098/3933 1104/3934
vt 0.126319 0.502625
vt 0.126319 0.502625
vt 0.077665 0.502625
vt 0.077665 0.502625
f 1105/3935 1111/3936 1109/3937 1107/3938
vt 0.077665 0.502625
vt 0.126319 0.502625
vt 0.126319 0.502625
vt 0.077665 0.502625
f 1110/3939 1112/3940 1106/3941 1108/3942
vt 0.126319 0.391105
vt 0.126319 0.446865
vt 0.077665 0.446865
vt 0.077665 0.391105
f 1097/3943 1115/3944 1113/3945 1099/3946
vt 0.077665 0.446865
vt 0.126319 0.446865
vt 0.126319 0.391105
vt 0.077665 0.391105
f 1114/3947 1116/3948 1098/3949 1100/3950
vt 0.126319 0.446865
vt 0.126319 0.502625
vt 0.077665 0.502625
vt 0.077665 0.446865
f 1115/3951 1105/3952 1107/3953 1113/3954
vt 0.077665 0.502625
vt 0.126319 0.502625
vt 0.126319 0.446865
vt 0.077665 0.446865
f 1108/3955 1106/3956 1116/3957 1114/3958
vt 0.078861 0.391450
vt 0.078861 0.447077
vt 0.114822 0.447077
vt 0.114822 0.391450
f 1099/3959 1113/3960 1117/3961 1101/3962
vt 0.114822 0.447077
vt 0.078861 0.447077
vt 0.078861 0.391450
vt 0.114822 0.391450
f 1118/3963 1114/3964 1100/3965 1102/3966
vt 0.078861 0.447077
vt 0.078861 0.502704
vt 0.114822 0.502704
vt 0.114822 0.447077
f 1113/3967 1107/3968 1109/3969 1117/3970
vt 0.114822 0.502704
vt 0.078861 0.502704
vt 0.078861 0.447077
vt 0.114822 0.447077
f 1110/3971 1108/3972 1114/3973 1118/3974
vt 0.077665 0.391105
vt 0.077665 0.446865
vt 0.126319 0.446865
vt 0.126319 0.391105
f 1101/3975 1117/3976 1119/3977 1103/3978
vt 0.126319 0.446865
vt 0.077665 0.446865
vt 0.077665 0.391105
vt 0.126319 0.391105
f 1120/3979 1118/3980 1102/3981 1104/3982
vt 0.077665 0.446865
vt 0.077665 0.502625
vt 0.126319 0.502625
vt 0.126319 0.446865
f 1117/3983 1109/3984 1111/3985 1119/3986
vt 0.126319 0.502625
vt 0.077665 0.502625
vt 0.077665 0.446865
vt 0.126319 0.446865
f 1112/3987 1110/3988 1118/3989 1120/3990
vt 0.078861 0.502704
vt 0.078861 0.447077
vt 0.114822 0.447077
vt 0.114822 0.502704
f 1105/3991 1115/3992 1119/3993 1111/3994
vt 0.114822 0.447077
vt 0.078861 0.447077
vt 0.078861 0.502704
vt 0.114822 0.502704
f 1120/3995 1116/3996 1106/3997 1112/3998
vt 0.078861 0.447077
vt 0.078861 0.391450
vt 0.114822 0.391450
vt 0.114822 0.447077
f 1115/3999 1097/4000 1103/4001 1119/4002
vt 0.114822 0.391450
vt 0.078861 0.391450
vt 0.078861 0.447077
vt 0.114822 0.447077
f 1104/4003 1098/4004 1116/4005 1120/4006
vt 0.126319 0.391105
vt 0.077665 0.391105
vt 0.077665 0.391105
vt 0.126319 0.391105
f 1121/4007 1122/4008 1123/4009 1124/4010
vt 0.126319 0.502625
vt 0.126319 0.502625
vt 0.077665 0.502625
vt 0.077665 0.502625
f 1125/4011 1128/4012 1127/4013 1126/4014
vt 0.126319 0.391105
vt 0.126319 0.502625
vt 0.077665 0.502625
vt 0.077665 0.391105
f 1121/4015 1125/4016 1126/4017 1122/4018
vt 0.078861 0.391450
vt 0.078861 0.502704
vt 0.114822 0.502704
vt 0.114822 0.391450
f 1122/4019 1126/4020 1127/4021 1123/4022
vt 0.077665 0.391105
vt 0.077665 0.502625
vt 0.126319 0.502625
vt 0.126319 0.391105
f 1123/4023 1127/4024 1128/4025 1124/4026
vt 0.078861 0.502704
vt 0.078861 0.391450
vt 0.114822 0.391450
vt 0.114822 0.502704
f 1125/4027 1121/4028 1124/4029 1128/4030
vt 0.128189 0.221782
vt 0.128189 0.221782
vt 0.074645 0.221782
vt 0.074645 0.221782
f 1129/4031 1130/4032 1131/4033 1132/4034
vt 0.128189 0.305358
vt 0.074645 0.305358
vt 0.074645 0.305358
vt 0.128188 0.305358
f 1133/4035 1136/4036 1135/4037 1134/4038
vt 0.128189 0.221782
vt 0.128189 0.305358
vt 0.128188 0.305358
vt 0.128189 0.221782
f 1129/4039 1133/4040 1134/4041 1130/4042
vt 0.128189 0.221782
vt 0.128188 0.305358
vt 0.074645 0.305358
vt 0.074645 0.221782
f 1130/4043 1134/4044 1135/4045 1131/4046
vt 0.074645 0.221782
vt 0.074645 0.305358
vt 0.074645 0.305358
vt 0.074645 0.221782
f 1131/4047 1135/4048 1136/4049 1132/4050
vt 0.128189 0.305358
vt 0.128189 0.221782
vt 0.074645 0.221782
vt 0.074645 0.305358
f 1133/4051 1129/4052 1132/4053 1136/4054
vt 0.983886 0.836546
vt 0.981976 0.947186
vt 0.953433 0.947186
vt 0.956811 0.836546
f 1138/4055 1142/4056 1143/4057 1139/4058
vt 0.981976 0.947186
vt 0.983886 0.836546
vt 0.954024 0.836546
vt 0.950647 0.947186
f 1141/4059 1137/4060 1140/4061 1144/4062
vt 0.991612 0.890993
vt 0.991612 0.872998
vt 0.964281 0.869662
vt 0.962104 0.890993
f 1145/4063 1138/4064 1139/4065 1146/4066
vt 0.958543 0.911902
vt 0.959035 0.890993
vt 0.988543 0.890993
vt 0.988543 0.911902
f 1144/4067 1148/4068 1147/4069 1141/4070
vt 0.959035 0.890993
vt 0.961212 0.875968
vt 0.988543 0.879303
vt 0.988543 0.890993
f 1148/4071 1143/4072 1142/4073 1147/4074
vt 0.976612 0.836775
vt 0.997846 0.836775
vt 0.997846 0.947095
vt 0.976612 0.947095
f 1145/4075 1137/4076 1141/4077 1147/4078
vt 0.976612 0.947095
vt 0.964741 0.947095
vt 0.958338 0.836775
vt 0.976612 0.836775
f 1147/4079 1142/4080 1138/4081 1145/4082
vt 0.961353 0.947095
vt 0.976612 0.947095
vt 0.976612 0.836775
vt 0.954950 0.836775
f 1143/4083 1148/4084 1146/4085 1139/4086
vt 0.976612 0.947095
vt 0.997846 0.947095
vt 0.997846 0.836775
vt 0.976612 0.836775
f 1148/4087 1144/4088 1140/4089 1146/4090
vt 0.983886 0.836546
vt 0.954538 0.836546
vt 0.955414 0.733787
vt 0.982042 0.733787
f 1145/4091 1146/4092 1149/4093 1150/4094
vt 0.976612 0.836775
vt 0.997846 0.836775
vt 0.997846 0.734071
vt 0.976612 0.734071
f 1146/4095 1140/4096 1151/4097 1149/4098
vt 0.997846 0.836775
vt 0.976612 0.836775
vt 0.976612 0.734071
vt 0.997846 0.734071
f 1137/4099 1145/4100 1150/4101 1152/4102
vt 0.954024 0.836546
vt 0.983886 0.836546
vt 0.982042 0.733787
vt 0.954900 0.733787
f 1140/4103 1137/4104 1152/4105 1151/4106
vt 0.989610 0.911902
vt 0.989610 0.890993
vt 0.962104 0.890993
vt 0.961612 0.911902
f 1152/4107 1150/4108 1149/4109 1151/4110
vt 0.057228 0.517010
vt 0.057228 0.517010
vt 0.027264 0.517010
vt 0.027264 0.517010
f 1153/4111 1154/4112 1155/4113 1156/4114
vt 0.059363 0.548042
vt 0.025129 0.548042
vt 0.025129 0.548042
vt 0.059363 0.548042
f 1157/4115 1160/4116 1159/4117 1158/4118
vt 0.057228 0.517010
vt 0.059363 0.548042
vt 0.059363 0.548042
vt 0.057228 0.517010
f 1153/4119 1157/4120 1158/4121 1154/4122
vt 0.057228 0.517010
vt 0.059363 0.548042
vt 0.025129 0.548042
vt 0.027264 0.517010
f 1154/4123 1158/4124 1159/4125 1155/4126
vt 0.027264 0.517010
vt 0.025129 0.548042
vt 0.025129 0.548042
vt 0.027264 0.517010
f 1155/4127 1159/4128 1160/4129 1156/4130
vt 0.059363 0.548042
vt 0.057228 0.517010
vt 0.027264 0.517010
vt 0.025129 0.548042
f 1157/4131 1153/4132 1156/4133 1160/4134
vt 0.002119 0.721569
vt 0.002119 0.721569
vt 0.002119 0.858822
vt 0.002119 0.858822
f 1161/4135 1163/4136 1165/4137 1167/4138
vt 0.002119 0.858822
vt 0.002119 0.721569
vt 0.002119 0.721569
vt 0.002119 0.858822
f 1166/4139 1164/4140 1162/4141 1168/4142
vt 0.065281 0.694844
vt 0.065281 0.885547
vt 0.065281 0.885547
vt 0.065281 0.694844
f 1169/4143 1175/4144 1173/4145 1171/4146
vt 0.065281 0.885547
vt 0.065281 0.885547
vt 0.065281 0.694844
vt 0.065281 0.694844
f 1174/4147 1176/4148 1170/4149 1172/4150
vt 0.002119 0.721569
vt 0.065281 0.694844
vt 0.065281 0.694844
vt 0.002119 0.721569
f 1161/4151 1169/4152 1171/4153 1163/4154
vt 0.065281 0.694844
vt 0.065281 0.694844
vt 0.002119 0.721569
vt 0.002119 0.721569
f 1172/4155 1170/4156 1162/4157 1164/4158
vt 0.002119 0.721569
vt 0.065281 0.694844
vt 0.065281 0.885547
vt 0.002119 0.858822
f 1163/4159 1171/4160 1173/4161 1165/4162
vt 0.065281 0.885547
vt 0.065281 0.694844
vt 0.002119 0.721569
vt 0.002119 0.858822
f 1174/4163 1172/4164 1164/4165 1166/4166
vt 0.002119 0.858822
vt 0.065281 0.885547
vt 0.065281 0.885547
vt 0.002119 0.858822
f 1165/4167 1173/4168 1175/4169 1167/4170
vt 0.065281 0.885547
vt 0.065281 0.885547
vt 0.002119 0.858822
vt 0.002119 0.858822
f 1176/4171 1174/4172 1166/4173 1168/4174
vt 0.065281 0.694844
vt 0.002119 0.721569
vt 0.002119 0.858822
vt 0.065281 0.885547
f 1169/4175 1161/4176 1167/4177 1175/4178
vt 0.002119 0.858822
vt 0.002119 0.721569
vt 0.065281 0.694844
vt 0.065281 0.885547
f 1168/4179 1162/4180 1170/4181 1176/4182
vt 0.569013 0.497818
vt 0.563609 0.553052
vt 0.562212 0.553825
vt 0.567616 0.498592
f 1177/4183 1179/4184 1181/4185 1183/4186
vt 0.562212 0.553825
vt 0.563609 0.553052
vt 0.569013 0.497818
vt 0.567616 0.498592
f 1182/4187 1180/4188 1178/4189 1184/4190
vt 0.443980 0.499042
vt 0.442582 0.499816
vt 0.455414 0.554871
vt 0.456811 0.554097
f 1185/4191 1191/4192 1189/4193 1187/4194
vt 0.455414 0.554871
vt 0.442582 0.499816
vt 0.443980 0.499042
vt 0.456811 0.554097
f 1190/4195 1192/4196 1186/4197 1188/4198
vt 0.457733 0.498908
vt 0.443980 0.499042
vt 0.456811 0.554097
vt 0.468559 0.553982
f 1195/4199 1185/4200 1187/4201 1193/4202
vt 0.456811 0.554097
vt 0.443980 0.499042
vt 0.457733 0.498908
vt 0.468559 0.553982
f 1188/4203 1186/4204 1196/4205 1194/4206
vt 0.468559 0.553982
vt 0.456811 0.554097
vt 0.455414 0.554871
vt 0.467162 0.554756
f 1193/4207 1187/4208 1189/4209 1197/4210
vt 0.455414 0.554871
vt 0.456811 0.554097
vt 0.468559 0.553982
vt 0.467162 0.554756
f 1190/4211 1188/4212 1194/4213 1198/4214
vt 0.467162 0.554756
vt 0.455414 0.554871
vt 0.442582 0.499816
vt 0.456336 0.499681
f 1197/4215 1189/4216 1191/4217 1199/4218
vt 0.442582 0.499816
vt 0.455414 0.554871
vt 0.467162 0.554756
vt 0.456336 0.499681
f 1192/4219 1190/4220 1198/4221 1200/4222
vt 0.569013 0.497818
vt 0.560111 0.497905
vt 0.556005 0.553126
vt 0.563609 0.553052
f 1177/4223 1203/4224 1201/4225 1179/4226
vt 0.556005 0.553126
vt 0.560111 0.497905
vt 0.569013 0.497818
vt 0.563609 0.553052
f 1202/4227 1204/4228 1178/4229 1180/4230
vt 0.695095 0.498545
vt 0.591651 0.498694
vt 0.593947 0.553982
vt 0.695254 0.553339
f 1203/4231 1195/4232 1193/4233 1201/4234
vt 0.593947 0.553982
vt 0.591651 0.498694
vt 0.695095 0.498545
vt 0.695254 0.553339
f 1194/4235 1196/4236 1204/4237 1202/4238
vt 0.563609 0.553052
vt 0.556005 0.553126
vt 0.554608 0.553900
vt 0.562212 0.553825
f 1179/4239 1201/4240 1205/4241 1181/4242
vt 0.554608 0.553900
vt 0.556005 0.553126
vt 0.563609 0.553052
vt 0.562212 0.553825
f 1206/4243 1202/4244 1180/4245 1182/4246
vt 0.556005 0.553126
vt 0.468559 0.553982
vt 0.467162 0.554756
vt 0.554608 0.553900
f 1201/4247 1193/4248 1197/4249 1205/4250
vt 0.467162 0.554756
vt 0.468559 0.553982
vt 0.556005 0.553126
vt 0.554608 0.553900
f 1198/4251 1194/4252 1202/4253 1206/4254
vt 0.562212 0.553825
vt 0.554608 0.553900
vt 0.558714 0.498679
vt 0.567616 0.498592
f 1181/4255 1205/4256 1207/4257 1183/4258
vt 0.558714 0.498679
vt 0.554608 0.553900
vt 0.562212 0.553825
vt 0.567616 0.498592
f 1208/4259 1206/4260 1182/4261 1184/4262
vt 0.554608 0.553900
vt 0.467162 0.554756
vt 0.456336 0.499681
vt 0.558714 0.498679
f 1205/4263 1197/4264 1199/4265 1207/4266
vt 0.456336 0.499681
vt 0.467162 0.554756
vt 0.554608 0.553900
vt 0.558714 0.498679
f 1200/4267 1198/4268 1206/4269 1208/4270
vt 0.457733 0.498908
vt 0.560111 0.497905
vt 0.558714 0.498679
vt 0.456336 0.499681
f 1195/4271 1203/4272 1207/4273 1199/4274
vt 0.558714 0.498679
vt 0.560111 0.497905
vt 0.457733 0.498908
vt 0.456336 0.499681
f 1208/4275 1204/4276 1196/4277 1200/4278
vt 0.553269 0.498586
vt 0.553728 0.499360
vt 0.511954 0.499229
vt 0.510346 0.498339
f 1195/4279 1199/4280 1209/4281 1211/4282
vt 0.511954 0.499229
vt 0.553728 0.499360
vt 0.553269 0.498586
vt 0.510346 0.498339
f 1210/4283 1200/4284 1196/4285 1212/4286
vt 0.553728 0.499360
vt 0.550478 0.506109
vt 0.508417 0.505949
vt 0.511954 0.499229
f 1199/4287 1191/4288 1213/4289 1209/4290
vt 0.508417 0.505949
vt 0.550478 0.506109
vt 0.553728 0.499360
vt 0.511954 0.499229
f 1214/4291 1192/4292 1200/4293 1210/4294
vt 0.550020 0.505335
vt 0.553269 0.498586
vt 0.510346 0.498339
vt 0.506810 0.505059
f 1185/4295 1195/4296 1211/4297 1215/4298
vt 0.510346 0.498339
vt 0.553269 0.498586
vt 0.550020 0.505335
vt 0.506810 0.505059
f 1212/4299 1196/4300 1186/4301 1216/4302
vt 0.550478 0.506109
vt 0.550020 0.505335
vt 0.506810 0.505059
vt 0.508417 0.505949
f 1191/4303 1185/4304 1215/4305 1213/4306
vt 0.506810 0.505059
vt 0.550020 0.505335
vt 0.550478 0.506109
vt 0.508417 0.505949
f 1216/4307 1186/4308 1192/4309 1214/4310
vt 0.506810 0.505059
vt 0.510346 0.498339
vt 0.511954 0.499229
vt 0.508417 0.505949
f 1215/4311 1211/4312 1209/4313 1213/4314
vt 0.511954 0.499229
vt 0.510346 0.498339
vt 0.506810 0.505059
vt 0.508417 0.505949
f 1210/4315 1212/4316 1216/4317 1214/4318
vt 0.560505 0.499092
vt 0.565344 0.505604
vt 0.563229 0.505642
vt 0.558389 0.499129
f 1219/4319 1223/4320 1221/4321 1217/4322
vt 0.563229 0.505642
vt 0.565344 0.505604
vt 0.560505 0.499092
vt 0.558389 0.499129
f 1222/4323 1224/4324 1220/4325 1218/4326
vt 0.525205 0.499123
vt 0.540561 0.499109
vt 0.538889 0.498794
vt 0.523875 0.498535
f 1203/4327 1225/4328 1227/4329 1207/4330
vt 0.538889 0.498794
vt 0.540561 0.499109
vt 0.525205 0.499123
vt 0.523875 0.498535
f 1228/4331 1226/4332 1204/4333 1208/4334
vt 0.540561 0.499109
vt 0.560505 0.499092
vt 0.558389 0.499129
vt 0.538889 0.498794
f 1225/4335 1219/4336 1217/4337 1227/4338
vt 0.558389 0.499129
vt 0.560505 0.499092
vt 0.540561 0.499109
vt 0.538889 0.498794
f 1218/4339 1220/4340 1226/4341 1228/4342
vt 0.523875 0.498535
vt 0.538889 0.498794
vt 0.543800 0.505249
vt 0.528841 0.504947
f 1207/4343 1227/4344 1229/4345 1183/4346
vt 0.543800 0.505249
vt 0.538889 0.498794
vt 0.523875 0.498535
vt 0.528841 0.504947
f 1230/4347 1228/4348 1208/4349 1184/4350
vt 0.538889 0.498794
vt 0.558389 0.499129
vt 0.563229 0.505642
vt 0.543800 0.505249
f 1227/4351 1217/4352 1221/4353 1229/4354
vt 0.563229 0.505642
vt 0.558389 0.499129
vt 0.538889 0.498794
vt 0.543800 0.505249
f 1222/4355 1218/4356 1228/4357 1230/4358
vt 0.530172 0.505534
vt 0.545472 0.505565
vt 0.540561 0.499109
vt 0.525205 0.499123
f 1177/4359 1231/4360 1225/4361 1203/4362
vt 0.540561 0.499109
vt 0.545472 0.505565
vt 0.530172 0.505534
vt 0.525205 0.499123
f 1226/4363 1232/4364 1178/4365 1204/4366
vt 0.545472 0.505565
vt 0.565344 0.505604
vt 0.560505 0.499092
vt 0.540561 0.499109
f 1231/4367 1223/4368 1219/4369 1225/4370
vt 0.560505 0.499092
vt 0.565344 0.505604
vt 0.545472 0.505565
vt 0.540561 0.499109
f 1220/4371 1224/4372 1232/4373 1226/4374
vt 0.545472 0.505565
vt 0.530172 0.505534
vt 0.528841 0.504947
vt 0.543800 0.505249
f 1231/4375 1177/4376 1183/4377 1229/4378
vt 0.528841 0.504947
vt 0.530172 0.505534
vt 0.545472 0.505565
vt 0.543800 0.505249
f 1184/4379 1178/4380 1232/4381 1230/4382
vt 0.543800 0.505249
vt 0.563229 0.505642
vt 0.565344 0.505604
vt 0.545472 0.505565
f 1229/4383 1221/4384 1223/4385 1231/4386
vt 0.565344 0.505604
vt 0.563229 0.505642
vt 0.543800 0.505249
vt 0.545472 0.505565
f 1224/4387 1222/4388 1230/4389 1232/4390
vt 0.105520 0.352429
vt 0.083385 0.330295
vt 0.097418 0.322193
f 1281/4391 1233/4392 1235/4393
vt 0.097418 0.322193
vt 0.083385 0.330295
vt 0.105520 0.352429
f 1236/4394 1234/4395 1282/4396
vt 0.105520 0.352429
vt 0.097418 0.322193
vt 0.083385 0.330295
f 1283/4397 1259/4398 1257/4399
vt 0.083385 0.330295
vt 0.097418 0.322193
vt 0.105520 0.352429
f 1258/4400 1260/4401 1284/4402
vt 0.105520 0.352429
vt 0.097418 0.322193
vt 0.113622 0.322193
f 1281/4403 1235/4404 1237/4405
vt 0.113622 0.322193
vt 0.097418 0.322193
vt 0.105520 0.352429
f 1238/4406 1236/4407 1282/4408
vt 0.105520 0.352429
vt 0.113622 0.322193
vt 0.097418 0.322193
f 1283/4409 1261/4410 1259/4411
vt 0.097418 0.322193
vt 0.113622 0.322193
vt 0.105520 0.352429
f 1260/4412 1262/4413 1284/4414
vt 0.105520 0.352429
vt 0.113622 0.322193
vt 0.127654 0.330295
f 1281/4415 1237/4416 1239/4417
vt 0.127654 0.330295
vt 0.113622 0.322193
vt 0.105520 0.352429
f 1240/4418 1238/4419 1282/4420
vt 0.105520 0.352429
vt 0.127654 0.330295
vt 0.113622 0.322193
f 1283/4421 1263/4422 1261/4423
vt 0.113622 0.322193
vt 0.127654 0.330295
vt 0.105520 0.352429
f 1262/4424 1264/4425 1284/4426
vt 0.105520 0.352429
vt 0.127654 0.330295
vt 0.135756 0.344327
f 1281/4427 1239/4428 1241/4429
vt 0.135756 0.344327
vt 0.127654 0.330295
vt 0.105520 0.352429
f 1242/4430 1240/4431 1282/4432
vt 0.105520 0.352429
vt 0.135756 0.344328
vt 0.127654 0.330295
f 1283/4433 1265/4434 1263/4435
vt 0.127654 0.330295
vt 0.135756 0.344328
vt 0.105520 0.352429
f 1264/4436 1266/4437 1284/4438
vt 0.105520 0.352429
vt 0.135756 0.344327
vt 0.135756 0.360531
f 1281/4439 1241/4440 1243/4441
vt 0.135756 0.360531
vt 0.135756 0.344327
vt 0.105520 0.352429
f 1244/4442 1242/4443 1282/4444
vt 0.105520 0.352429
vt 0.135756 0.360531
vt 0.135756 0.344328
f 1283/4445 1267/4446 1265/4447
vt 0.135756 0.344328
vt 0.135756 0.360531
vt 0.105520 0.352429
f 1266/4448 1268/4449 1284/4450
vt 0.105520 0.352429
vt 0.135756 0.360531
vt 0.127654 0.374564
f 1281/4451 1243/4452 1245/4453
vt 0.127654 0.374564
vt 0.135756 0.360531
vt 0.105520 0.352429
f 1246/4454 1244/4455 1282/4456
vt 0.105520 0.352429
vt 0.127654 0.374564
vt 0.135756 0.360531
f 1283/4457 1269/4458 1267/4459
vt 0.135756 0.360531
vt 0.127654 0.374564
vt 0.105520 0.352429
f 1268/4460 1270/4461 1284/4462
vt 0.105520 0.352429
vt 0.127654 0.374564
vt 0.113622 0.382666
f 1281/4463 1245/4464 1247/4465
vt 0.113622 0.382666
vt 0.127654 0.374564
vt 0.105520 0.352429
f 1248/4466 1246/4467 1282/4468
vt 0.105520 0.352429
vt 0.113622 0.382666
vt 0.127654 0.374564
f 1283/4469 1271/4470 1269/4471
vt 0.127654 0.374564
vt 0.113622 0.382666
vt 0.105520 0.352429
f 1270/4472 1272/4473 1284/4474
vt 0.105520 0.352429
vt 0.113622 0.382666
vt 0.097418 0.382666
f 1281/4475 1247/4476 1249/4477
vt 0.097418 0.382666
vt 0.113622 0.382666
vt 0.105520 0.352429
f 1250/4478 1248/4479 1282/4480
vt 0.105520 0.352429
vt 0.097418 0.382666
vt 0.113622 0.382666
f 1283/4481 1273/4482 1271/4483
vt 0.113622 0.382666
vt 0.097418 0.382666
vt 0.105520 0.352429
f 1272/4484 1274/4485 1284/4486
vt 0.105520 0.352429
vt 0.097418 0.382666
vt 0.083385 0.374564
f 1281/4487 1249/4488 1251/4489
vt 0.083385 0.374564
vt 0.097418 0.382666
vt 0.105520 0.352429
f 1252/4490 1250/4491 1282/4492
vt 0.105520 0.352429
vt 0.083385 0.374564
vt 0.097418 0.382666
f 1283/4493 1275/4494 1273/4495
vt 0.097418 0.382666
vt 0.083385 0.374564
vt 0.105520 0.352429
f 1274/4496 1276/4497 1284/4498
vt 0.105520 0.352429
vt 0.083385 0.374564
vt 0.075283 0.360531
f 1281/4499 1251/4500 1253/4501
vt 0.075283 0.360531
vt 0.083385 0.374564
vt 0.105520 0.352429
f 1254/4502 1252/4503 1282/4504
vt 0.105520 0.352429
vt 0.075283 0.360531
vt 0.083385 0.374564
f 1283/4505 1277/4506 1275/4507
vt 0.083385 0.374564
vt 0.075283 0.360531
vt 0.105520 0.352429
f 1276/4508 1278/4509 1284/4510
vt 0.105520 0.352429
vt 0.075283 0.360531
vt 0.075283 0.344328
f 1281/4511 1253/4512 1255/4513
vt 0.075283 0.344328
vt 0.075283 0.360531
vt 0.105520 0.352429
f 1256/4514 1254/4515 1282/4516
vt 0.105520 0.352429
vt 0.075283 0.344328
vt 0.075283 0.360531
f 1283/4517 1279/4518 1277/4519
vt 0.075283 0.360531
vt 0.075283 0.344328
vt 0.105520 0.352429
f 1278/4520 1280/4521 1284/4522
vt 0.075283 0.344328
vt 0.083385 0.330295
vt 0.105520 0.352429
f 1255/4523 1233/4524 1281/4525
vt 0.105520 0.352429
vt 0.083385 0.330295
vt 0.075283 0.344328
f 1282/4526 1234/4527 1256/4528
vt 0.105520 0.352429
vt 0.083385 0.330295
vt 0.075283 0.344328
f 1283/4529 1257/4530 1279/4531
vt 0.075283 0.344328
vt 0.083385 0.330295
vt 0.105520 0.352429
f 1280/4532 1258/4533 1284/4534
vt 0.119588 0.504629
vt 0.119588 0.387926
vt 0.108445 0.387926
vt 0.108445 0.504629
f 1233/4535 1257/4536 1259/4537 1235/4538
vt 0.108445 0.387926
vt 0.119588 0.387926
vt 0.119588 0.504629
vt 0.108445 0.504629
f 1260/4539 1258/4540 1234/4541 1236/4542
vt 0.108445 0.504629
vt 0.108445 0.387926
vt 0.095579 0.387926
vt 0.095579 0.504629
f 1235/4543 1259/4544 1261/4545 1237/4546
vt 0.095579 0.387926
vt 0.108445 0.387926
vt 0.108445 0.504629
vt 0.095579 0.504629
f 1262/4547 1260/4548 1236/4549 1238/4550
vt 0.095579 0.504629
vt 0.095579 0.387926
vt 0.084437 0.387926
vt 0.084437 0.504629
f 1237/4551 1261/4552 1263/4553 1239/4554
vt 0.084437 0.387926
vt 0.095579 0.387926
vt 0.095579 0.504629
vt 0.084437 0.504629
f 1264/4555 1262/4556 1238/4557 1240/4558
vt 0.084437 0.504629
vt 0.084437 0.387926
vt 0.078004 0.387926
vt 0.078004 0.504629
f 1239/4559 1263/4560 1265/4561 1241/4562
vt 0.078004 0.387926
vt 0.084437 0.387926
vt 0.084437 0.504629
vt 0.078004 0.504629
f 1266/4563 1264/4564 1240/4565 1242/4566
vt 0.078004 0.504629
vt 0.078004 0.387926
vt 0.078004 0.387926
vt 0.078004 0.504629
f 1241/4567 1265/4568 1267/4569 1243/4570
vt 0.078004 0.387926
vt 0.078004 0.387926
vt 0.078004 0.504629
vt 0.078004 0.504629
f 1268/4571 1266/4572 1242/4573 1244/4574
vt 0.078004 0.504629
vt 0.078004 0.387926
vt 0.084437 0.387926
vt 0.084437 0.504629
f 1243/4575 1267/4576 1269/4577 1245/4578
vt 0.084437 0.387926
vt 0.078004 0.387926
vt 0.078004 0.504629
vt 0.084437 0.504629
f 1270/4579 1268/4580 1244/4581 1246/4582
vt 0.084437 0.504629
vt 0.084437 0.387926
vt 0.095579 0.387926
vt 0.095579 0.504629
f 1245/4583 1269/4584 1271/4585 1247/4586
vt 0.095579 0.387926
vt 0.084437 0.387926
vt 0.084437 0.504629
vt 0.095579 0.504629
f 1272/4587 1270/4588 1246/4589 1248/4590
vt 0.095579 0.504629
vt 0.095579 0.387926
vt 0.108445 0.387926
vt 0.108445 0.504629
f 1247/4591 1271/4592 1273/4593 1249/4594
vt 0.108445 0.387926
vt 0.095579 0.387926
vt 0.095579 0.504629
vt 0.108445 0.504629
f 1274/4595 1272/4596 1248/4597 1250/4598
vt 0.108445 0.504629
vt 0.108445 0.387926
vt 0.119587 0.387926
vt 0.119588 0.504629
f 1249/4599 1273/4600 1275/4601 1251/4602
vt 0.119587 0.387926
vt 0.108445 0.387926
vt 0.108445 0.504629
vt 0.119588 0.504629
f 1276/4603 1274/4604 1250/4605 1252/4606
vt 0.119588 0.504629
vt 0.119587 0.387926
vt 0.126021 0.387926
vt 0.126021 0.504629
f 1251/4607 1275/4608 1277/4609 1253/4610
vt 0.126021 0.387926
vt 0.119587 0.387926
vt 0.119588 0.504629
vt 0.126021 0.504629
f 1278/4611 1276/4612 1252/4613 1254/4614
vt 0.126021 0.504629
vt 0.126021 0.387926
vt 0.126021 0.387926
vt 0.126021 0.504629
f 1253/4615 1277/4616 1279/4617 1255/4618
vt 0.126021 0.387926
vt 0.126021 0.387926
vt 0.126021 0.504629
vt 0.126021 0.504629
f 1280/4619 1278/4620 1254/4621 1256/4622
vt 0.119588 0.387926
vt 0.119588 0.504629
vt 0.126021 0.504629
vt 0.126021 0.387926
f 1257/4623 1233/4624 1255/4625 1279/4626
vt 0.126021 0.504629
vt 0.119588 0.504629
vt 0.119588 0.387926
vt 0.126021 0.387926
f 1256/4627 1234/4628 1258/4629 1280/4630
vt 0.119588 0.387926
vt 0.119588 0.504629
vt 0.126021 0.504629
vt 0.126021 0.387926
f 1311/4631 1335/4632 1313/4633 1289/4634
vt 0.126021 0.504629
vt 0.119588 0.504629
vt 0.119588 0.387926
vt 0.126021 0.387926
f 1314/4635 1336/4636 1312/4637 1290/4638
vt 0.126021 0.504629
vt 0.126021 0.387926
vt 0.126021 0.387926
vt 0.126021 0.504629
f 1315/4639 1291/4640 1289/4641 1313/4642
vt 0.126021 0.387926
vt 0.126021 0.387926
vt 0.126021 0.504629
vt 0.126021 0.504629
f 1290/4643 1292/4644 1316/4645 1314/4646
vt 0.119588 0.504629
vt 0.119587 0.387926
vt 0.126021 0.387926
vt 0.126021 0.504629
f 1317/4647 1293/4648 1291/4649 1315/4650
vt 0.126021 0.387926
vt 0.119587 0.387926
vt 0.119588 0.504629
vt 0.126021 0.504629
f 1292/4651 1294/4652 1318/4653 1316/4654
vt 0.108445 0.504629
vt 0.108445 0.387926
vt 0.119587 0.387926
vt 0.119588 0.504629
f 1319/4655 1295/4656 1293/4657 1317/4658
vt 0.119587 0.387926
vt 0.108445 0.387926
vt 0.108445 0.504629
vt 0.119588 0.504629
f 1294/4659 1296/4660 1320/4661 1318/4662
vt 0.095579 0.504629
vt 0.095579 0.387926
vt 0.108445 0.387926
vt 0.108445 0.504629
f 1321/4663 1297/4664 1295/4665 1319/4666
vt 0.108445 0.387926
vt 0.095579 0.387926
vt 0.095579 0.504629
vt 0.108445 0.504629
f 1296/4667 1298/4668 1322/4669 1320/4670
vt 0.084437 0.504629
vt 0.084437 0.387926
vt 0.095579 0.387926
vt 0.095579 0.504629
f 1323/4671 1299/4672 1297/4673 1321/4674
vt 0.095579 0.387926
vt 0.084437 0.387926
vt 0.084437 0.504629
vt 0.095579 0.504629
f 1298/4675 1300/4676 1324/4677 1322/4678
vt 0.078004 0.504629
vt 0.078004 0.387926
vt 0.084437 0.387926
vt 0.084437 0.504629
f 1325/4679 1301/4680 1299/4681 1323/4682
vt 0.084437 0.387926
vt 0.078004 0.387926
vt 0.078004 0.504629
vt 0.084437 0.504629
f 1300/4683 1302/4684 1326/4685 1324/4686
vt 0.078004 0.504629
vt 0.078004 0.387926
vt 0.078004 0.387926
vt 0.078004 0.504629
f 1327/4687 1303/4688 1301/4689 1325/4690
vt 0.078004 0.387926
vt 0.078004 0.387926
vt 0.078004 0.504629
vt 0.078004 0.504629
f 1302/4691 1304/4692 1328/4693 1326/4694
vt 0.084437 0.504629
vt 0.084437 0.387926
vt 0.078004 0.387926
vt 0.078004 0.504629
f 1329/4695 1305/4696 1303/4697 1327/4698
vt 0.078004 0.387926
vt 0.084437 0.387926
vt 0.084437 0.504629
vt 0.078004 0.504629
f 1304/4699 1306/4700 1330/4701 1328/4702
vt 0.095579 0.504629
vt 0.095579 0.387926
vt 0.084437 0.387926
vt 0.084437 0.504629
f 1331/4703 1307/4704 1305/4705 1329/4706
vt 0.084437 0.387926
vt 0.095579 0.387926
vt 0.095579 0.504629
vt 0.084437 0.504629
f 1306/4707 1308/4708 1332/4709 1330/4710
vt 0.108445 0.504629
vt 0.108445 0.387926
vt 0.095579 0.387926
vt 0.095579 0.504629
f 1333/4711 1309/4712 1307/4713 1331/4714
vt 0.095579 0.387926
vt 0.108445 0.387926
vt 0.108445 0.504629
vt 0.095579 0.504629
f 1308/4715 1310/4716 1334/4717 1332/4718
vt 0.119588 0.504629
vt 0.119588 0.387926
vt 0.108445 0.387926
vt 0.108445 0.504629
f 1335/4719 1311/4720 1309/4721 1333/4722
vt 0.108445 0.387926
vt 0.119588 0.387926
vt 0.119588 0.504629
vt 0.108445 0.504629
f 1310/4723 1312/4724 1336/4725 1334/4726
vt 0.105520 0.352429
vt 0.083385 0.330295
vt 0.075283 0.344328
f 1285/4727 1311/4728 1289/4729
vt 0.075283 0.344328
vt 0.083385 0.330295
vt 0.105520 0.352429
f 1290/4730 1312/4731 1286/4732
vt 0.075283 0.344328
vt 0.083385 0.330295
vt 0.105520 0.352429
f 1313/4733 1335/4734 1287/4735
vt 0.105520 0.352429
vt 0.083385 0.330295
vt 0.075283 0.344328
f 1288/4736 1336/4737 1314/4738
vt 0.105520 0.352429
vt 0.075283 0.344328
vt 0.075283 0.360531
f 1285/4739 1289/4740 1291/4741
vt 0.075283 0.360531
vt 0.075283 0.344328
vt 0.105520 0.352429
f 1292/4742 1290/4743 1286/4744
vt 0.105520 0.352429
vt 0.075283 0.360531
vt 0.075283 0.344328
f 1287/4745 1315/4746 1313/4747
vt 0.075283 0.344328
vt 0.075283 0.360531
vt 0.105520 0.352429
f 1314/4748 1316/4749 1288/4750
vt 0.105520 0.352429
vt 0.075283 0.360531
vt 0.083385 0.374564
f 1285/4751 1291/4752 1293/4753
vt 0.083385 0.374564
vt 0.075283 0.360531
vt 0.105520 0.352429
f 1294/4754 1292/4755 1286/4756
vt 0.105520 0.352429
vt 0.083385 0.374564
vt 0.075283 0.360531
f 1287/4757 1317/4758 1315/4759
vt 0.075283 0.360531
vt 0.083385 0.374564
vt 0.105520 0.352429
f 1316/4760 1318/4761 1288/4762
vt 0.105520 0.352429
vt 0.083385 0.374564
vt 0.097418 0.382666
f 1285/4763 1293/4764 1295/4765
vt 0.097418 0.382666
vt 0.083385 0.374564
vt 0.105520 0.352429
f 1296/4766 1294/4767 1286/4768
vt 0.105520 0.352429
vt 0.097418 0.382666
vt 0.083385 0.374564
f 1287/4769 1319/4770 1317/4771
vt 0.083385 0.374564
vt 0.097418 0.382666
vt 0.105520 0.352429
f 1318/4772 1320/4773 1288/4774
vt 0.105520 0.352429
vt 0.097418 0.382666
vt 0.113622 0.382666
f 1285/4775 1295/4776 1297/4777
vt 0.113622 0.382666
vt 0.097418 0.382666
vt 0.105520 0.352429
f 1298/4778 1296/4779 1286/4780
vt 0.105520 0.352429
vt 0.113622 0.382666
vt 0.097418 0.382666
f 1287/4781 1321/4782 1319/4783
vt 0.097418 0.382666
vt 0.113622 0.382666
vt 0.105520 0.352429
f 1320/4784 1322/4785 1288/4786
vt 0.105520 0.352429
vt 0.113622 0.382666
vt 0.127654 0.374564
f 1285/4787 1297/4788 1299/4789
vt 0.127654 0.374564
vt 0.113622 0.382666
vt 0.105520 0.352429
f 1300/4790 1298/4791 1286/4792
vt 0.105520 0.352429
vt 0.127654 0.374564
vt 0.113622 0.382666
f 1287/4793 1323/4794 1321/4795
vt 0.113622 0.382666
vt 0.127654 0.374564
vt 0.105520 0.352429
f 1322/4796 1324/4797 1288/4798
vt 0.105520 0.352429
vt 0.127654 0.374564
vt 0.135756 0.360531
f 1285/4799 1299/4800 1301/4801
vt 0.135756 0.360531
vt 0.127654 0.374564
vt 0.105520 0.352429
f 1302/4802 1300/4803 1286/4804
vt 0.105520 0.352429
vt 0.135756 0.360531
vt 0.127654 0.374564
f 1287/4805 1325/4806 1323/4807
vt 0.127654 0.374564
vt 0.135756 0.360531
vt 0.105520 0.352429
f 1324/4808 1326/4809 1288/4810
vt 0.105520 0.352429
vt 0.135756 0.360531
vt 0.135756 0.344328
f 1285/4811 1301/4812 1303/4813
vt 0.135756 0.344328
vt 0.135756 0.360531
vt 0.105520 0.352429
f 1304/4814 1302/4815 1286/4816
vt 0.105520 0.352429
vt 0.135756 0.344327
vt 0.135756 0.360531
f 1287/4817 1327/4818 1325/4819
vt 0.135756 0.360531
vt 0.135756 0.344327
vt 0.105520 0.352429
f 1326/4820 1328/4821 1288/4822
vt 0.105520 0.352429
vt 0.135756 0.344328
vt 0.127654 0.330295
f 1285/4823 1303/4824 1305/4825
vt 0.127654 0.330295
vt 0.135756 0.344328
vt 0.105520 0.352429
f 1306/4826 1304/4827 1286/4828
vt 0.105520 0.352429
vt 0.127654 0.330295
vt 0.135756 0.344327
f 1287/4829 1329/4830 1327/4831
vt 0.135756 0.344327
vt 0.127654 0.330295
vt 0.105520 0.352429
f 1328/4832 1330/4833 1288/4834
vt 0.105520 0.352429
vt 0.127654 0.330295
vt 0.113622 0.322193
f 1285/4835 1305/4836 1307/4837
vt 0.113622 0.322193
vt 0.127654 0.330295
vt 0.105520 0.352429
f 1308/4838 1306/4839 1286/4840
vt 0.105520 0.352429
vt 0.113622 0.322193
vt 0.127654 0.330295
f 1287/4841 1331/4842 1329/4843
vt 0.127654 0.330295
vt 0.113622 0.322193
vt 0.105520 0.352429
f 1330/4844 1332/4845 1288/4846
vt 0.105520 0.352429
vt 0.113622 0.322193
vt 0.097418 0.322193
f 1285/4847 1307/4848 1309/4849
vt 0.097418 0.322193
vt 0.113622 0.322193
vt 0.105520 0.352429
f 1310/4850 1308/4851 1286/4852
vt 0.105520 0.352429
vt 0.097418 0.322193
vt 0.113622 0.322193
f 1287/4853 1333/4854 1331/4855
vt 0.113622 0.322193
vt 0.097418 0.322193
vt 0.105520 0.352429
f 1332/4856 1334/4857 1288/4858
vt 0.105520 0.352429
vt 0.097418 0.322193
vt 0.083385 0.330295
f 1285/4859 1309/4860 1311/4861
vt 0.083385 0.330295
vt 0.097418 0.322193
vt 0.105520 0.352429
f 1312/4862 1310/4863 1286/4864
vt 0.105520 0.352429
vt 0.083385 0.330295
vt 0.097418 0.322193
f 1287/4865 1335/4866 1333/4867
vt 0.097418 0.322193
vt 0.083385 0.330295
vt 0.105520 0.352429
f 1334/4868 1336/4869 1288/4870
vt 0.180932 0.857300
vt 0.081164 0.857300
vt 0.081164 0.948823
vt 0.180932 0.948823
f 1337/4871 1339/4872 1341/4873 1343/4874
vt 0.081164 0.948823
vt 0.081164 0.857300
vt 0.180932 0.857300
vt 0.180932 0.948823
f 1342/4875 1340/4876 1338/4877 1344/4878
vt 0.180932 0.857300
vt 0.180932 0.948823
vt 0.081164 0.948823
vt 0.081164 0.857300
f 1345/4879 1351/4880 1349/4881 1347/4882
vt 0.081164 0.948823
vt 0.180932 0.948823
vt 0.180932 0.857300
vt 0.081164 0.857300
f 1350/4883 1352/4884 1346/4885 1348/4886
vt 0.077171 0.389975
vt 0.127538 0.389975
vt 0.127538 0.502910
vt 0.077171 0.502910
f 1337/4887 1345/4888 1347/4889 1339/4890
vt 0.127538 0.502910
vt 0.127538 0.389975
vt 0.077171 0.389975
vt 0.077171 0.502910
f 1348/4891 1346/4892 1338/4893 1340/4894
vt 0.075151 0.390422
vt 0.128344 0.390423
vt 0.128344 0.503580
vt 0.075151 0.503580
f 1339/4895 1347/4896 1349/4897 1341/4898
vt 0.128344 0.503580
vt 0.128344 0.390423
vt 0.075151 0.390422
vt 0.075151 0.503580
f 1350/4899 1348/4900 1340/4901 1342/4902
vt 0.077171 0.502910
vt 0.127538 0.502910
vt 0.127538 0.389975
vt 0.077171 0.389975
f 1341/4903 1349/4904 1351/4905 1343/4906
vt 0.127538 0.389975
vt 0.127538 0.502910
vt 0.077171 0.502910
vt 0.077171 0.389975
f 1352/4907 1350/4908 1342/4909 1344/4910
vt 0.128344 0.390422
vt 0.075151 0.390422
vt 0.075151 0.503580
vt 0.128344 0.503580
f 1345/4911 1337/4912 1343/4913 1351/4914
vt 0.075151 0.503580
vt 0.075151 0.390422
vt 0.128344 0.390422
vt 0.128344 0.503580
f 1344/4915 1338/4916 1346/4917 1352/4918
vt 0.073051 0.997256
vt 0.184785 0.997256
vt 0.184785 0.813027
vt 0.073051 0.813027
f 1355/4919 1363/4920 1365/4921 1357/4922
vt 0.184785 0.813027
vt 0.184785 0.997256
vt 0.073051 0.997256
vt 0.073051 0.813027
f 1366/4923 1364/4924 1356/4925 1358/4926
vt 0.184785 0.997256
vt 0.073051 0.997256
vt 0.073051 0.813027
vt 0.184785 0.813027
f 1361/4927 1353/4928 1359/4929 1367/4930
vt 0.073051 0.813027
vt 0.073051 0.997256
vt 0.184785 0.997256
vt 0.184785 0.813027
f 1360/4931 1354/4932 1362/4933 1368/4934
vt 0.184469 0.809658
vt 0.128737 0.809658
vt 0.128737 0.997227
vt 0.184469 0.997226
f 1353/4935 1369/4936 1371/4937 1359/4938
vt 0.128737 0.997227
vt 0.128737 0.809658
vt 0.184469 0.809658
vt 0.184469 0.997226
f 1372/4939 1370/4940 1354/4941 1360/4942
vt 0.128737 0.809658
vt 0.073004 0.809658
vt 0.073004 0.997226
vt 0.128737 0.997227
f 1369/4943 1355/4944 1357/4945 1371/4946
vt 0.073004 0.997226
vt 0.073004 0.809658
vt 0.128737 0.809658
vt 0.128737 0.997227
f 1358/4947 1356/4948 1370/4949 1372/4950
vt 0.184469 0.997226
vt 0.128737 0.997226
vt 0.128737 0.809657
vt 0.184469 0.809657
f 1367/4951 1375/4952 1373/4953 1361/4954
vt 0.128737 0.809657
vt 0.128737 0.997226
vt 0.184469 0.997226
vt 0.184469 0.809657
f 1374/4955 1376/4956 1368/4957 1362/4958
vt 0.128737 0.997226
vt 0.073004 0.997226
vt 0.073004 0.809658
vt 0.128737 0.809657
f 1375/4959 1365/4960 1363/4961 1373/4962
vt 0.073004 0.809658
vt 0.073004 0.997226
vt 0.128737 0.997226
vt 0.128737 0.809657
f 1364/4963 1366/4964 1376/4965 1374/4966
vt 0.073278 0.957368
vt 0.073278 0.917962
vt 0.182144 0.917962
vt 0.182144 0.957368
f 1369/4967 1353/4968 1361/4969 1373/4970
vt 0.182144 0.917962
vt 0.073278 0.917962
vt 0.073278 0.957368
vt 0.182144 0.957368
f 1362/4971 1354/4972 1370/4973 1374/4974
vt 0.182144 0.957368
vt 0.182144 0.996775
vt 0.073278 0.996775
vt 0.073278 0.957368
f 1373/4975 1363/4976 1355/4977 1369/4978
vt 0.073278 0.996775
vt 0.182144 0.996775
vt 0.182144 0.957368
vt 0.073278 0.957368
f 1356/4979 1364/4980 1374/4981 1370/4982
vt 0.182144 0.996775
vt 0.182144 0.957368
vt 0.073278 0.957368
vt 0.073278 0.996775
f 1365/4983 1375/4984 1371/4985 1357/4986
vt 0.073278 0.957368
vt 0.182144 0.957368
vt 0.182144 0.996775
vt 0.073278 0.996775
f 1372/4987 1376/4988 1366/4989 1358/4990
vt 0.182144 0.957368
vt 0.182144 0.917962
vt 0.073278 0.917962
vt 0.073278 0.957368
f 1375/4991 1367/4992 1359/4993 1371/4994
vt 0.073278 0.917962
vt 0.182144 0.917962
vt 0.182144 0.957368
vt 0.073278 0.957368
f 1360/4995 1368/4996 1376/4997 1372/4998
vt 0.565561 0.043473
vt 0.134532 0.043473
vt 0.134532 0.059967
vt 0.565561 0.059967
f 1377/4999 1378/5000 1379/5001 1380/5002
vt 0.565561 0.043473
vt 0.565561 0.059967
vt 0.134532 0.059967
vt 0.134532 0.043473
f 1381/5003 1384/5004 1383/5005 1382/5006
vt 0.565474 0.000820
vt 0.565474 0.050492
vt 0.134694 0.050492
vt 0.134694 0.000820
f 1377/5007 1381/5008 1382/5009 1378/5010
vt 0.244090 0.001202
vt 0.244090 0.050020
vt 0.227831 0.050020
vt 0.227832 0.001202
f 1378/5011 1382/5012 1383/5013 1379/5014
vt 0.218541 0.000820
vt 0.218541 0.050492
vt 0.481627 0.050492
vt 0.481627 0.000820
f 1379/5015 1383/5016 1384/5017 1380/5018
vt 0.244090 0.050020
vt 0.244090 0.001202
vt 0.227832 0.001202
vt 0.227832 0.050020
f 1381/5019 1377/5020 1380/5021 1384/5022
vt 0.212068 0.780126
vt 0.275206 0.780126
vt 0.275206 0.984211
vt 0.212068 0.984211
f 1385/5023 1389/5024 1390/5025 1386/5026
vt 0.005021 0.997461
vt 0.064552 0.997461
vt 0.064552 0.997461
vt 0.005021 0.997461
f 1387/5027 1391/5028 1392/5029 1388/5030
vt 0.005020 0.775685
vt 0.005021 0.997461
vt 0.005021 0.997461
vt 0.005020 0.775685
f 1393/5031 1387/5032 1388/5033 1394/5034
vt 0.064552 0.775685
vt 0.064552 0.997461
vt 0.005021 0.997461
vt 0.005020 0.775685
f 1395/5035 1391/5036 1387/5037 1393/5038
vt 0.005020 0.775685
vt 0.005021 0.997461
vt 0.064552 0.997461
vt 0.064552 0.775685
f 1394/5039 1388/5040 1392/5041 1396/5042
vt 0.064552 0.775685
vt 0.064552 0.775685
vt 0.004922 0.775685
vt 0.004922 0.775685
f 1395/5043 1396/5044 1397/5045 1398/5046
vt 0.064552 0.775685
vt 0.064552 0.997461
vt 0.004922 0.997461
vt 0.004922 0.775685
f 1396/5047 1392/5048 1399/5049 1397/5050
vt 0.064552 0.997461
vt 0.064552 0.775685
vt 0.004922 0.775685
vt 0.004922 0.997461
f 1391/5051 1395/5052 1398/5053 1400/5054
vt 0.064552 0.997461
vt 0.064552 0.997461
vt 0.004922 0.997461
vt 0.004922 0.997461
f 1392/5055 1391/5056 1400/5057 1399/5058
vt 0.004922 0.775685
vt 0.004922 0.997461
vt 0.004922 0.997461
vt 0.004922 0.775685
f 1397/5059 1399/5060 1400/5061 1398/5062
vt 0.005020 0.775685
vt 0.005020 -0.403353
vt 0.005020 -0.403353
vt 0.005020 0.775685
f 1394/5063 1402/5064 1401/5065 1393/5066
vt 0.005020 -0.403353
vt 0.004905 -0.441259
vt 0.004905 -0.441259
vt 0.005020 -0.403353
f 1402/5067 1385/5068 1386/5069 1401/5070
vt 0.047221 -0.439958
vt 0.047221 -0.406634
vt 0.009811 -0.406634
vt 0.009811 -0.439958
f 1389/5071 1404/5072 1403/5073 1390/5074
vt 0.047221 -0.406634
vt 0.047221 0.775701
vt 0.009811 0.775701
vt 0.009811 -0.406634
f 1404/5075 1396/5076 1395/5077 1403/5078
vt 0.064552 -0.441259
vt 0.064552 -0.403353
vt 0.005020 -0.403353
vt 0.004905 -0.441259
f 1390/5079 1403/5080 1401/5081 1386/5082
vt 0.064552 -0.403353
vt 0.064552 0.775685
vt 0.005020 0.775685
vt 0.005020 -0.403353
f 1403/5083 1395/5084 1393/5085 1401/5086
vt 0.004905 -0.441259
vt 0.005020 -0.403353
vt 0.064552 -0.403353
vt 0.064552 -0.441259
f 1385/5087 1402/5088 1404/5089 1389/5090
vt 0.005020 -0.403353
vt 0.005020 0.775685
vt 0.064552 0.775685
vt 0.064552 -0.403353
f 1402/5091 1394/5092 1396/5093 1404/5094
vt 0.716454 0.977084
vt 0.692278 0.958478
vt 0.717121 0.959515
vt 0.735848 0.980752
f 1411/5095 1454/5096 1459/5097 1419/5098
vt 0.499377 0.959515
vt 0.524219 0.958478
vt 0.500044 0.977084
vt 0.480649 0.980752
f 1460/5099 1455/5100 1412/5101 1420/5102
vt 0.762303 0.960039
vt 0.762303 0.984158
vt 0.735848 0.980752
vt 0.717121 0.959515
f 1461/5103 1444/5104 1419/5105 1459/5106
vt 0.480649 0.980752
vt 0.454195 0.984158
vt 0.454195 0.960039
vt 0.499377 0.959515
f 1420/5107 1445/5108 1462/5109 1460/5110
vt 0.854266 0.961884
vt 0.854266 0.989136
vt 0.762303 0.984158
vt 0.762303 0.960039
f 1457/5111 1414/5112 1444/5113 1461/5114
vt 0.454195 0.984158
vt 0.362231 0.989136
vt 0.362231 0.961884
vt 0.454195 0.960039
f 1445/5115 1415/5116 1458/5117 1462/5118
vt 0.854266 0.961884
vt 0.915413 0.960836
vt 0.912269 0.989136
vt 0.854266 0.989136
f 1457/5119 1470/5120 1463/5121 1414/5122
vt 0.304229 0.989136
vt 0.301085 0.960836
vt 0.362231 0.961884
vt 0.362231 0.989136
f 1464/5123 1471/5124 1458/5125 1415/5126
vt 0.915413 0.960836
vt 0.922130 0.960836
vt 0.919595 0.985206
vt 0.912269 0.989136
f 1470/5127 1451/5128 1409/5129 1463/5130
vt 0.296903 0.985206
vt 0.294368 0.960836
vt 0.301085 0.960836
vt 0.304229 0.989136
f 1410/5131 1452/5132 1471/5133 1464/5134
vt 0.692278 0.958478
vt 0.641509 0.830685
vt 0.670904 0.827831
vt 0.717121 0.959515
f 1454/5135 1475/5136 1480/5137 1459/5138
vt 0.545594 0.827831
vt 0.574989 0.830685
vt 0.524219 0.958478
vt 0.499377 0.959515
f 1481/5139 1476/5140 1455/5141 1460/5142
vt 0.641509 0.830685
vt 0.626769 0.793584
vt 0.670339 0.789600
vt 0.670904 0.827831
f 1475/5143 1425/5144 1430/5145 1480/5146
vt 0.546158 0.789600
vt 0.589728 0.793584
vt 0.574989 0.830685
vt 0.545594 0.827831
f 1431/5147 1426/5148 1476/5149 1481/5150
vt 0.762303 0.793983
vt 0.762303 0.831345
vt 0.670904 0.827831
vt 0.670339 0.789600
f 1447/5151 1482/5152 1480/5153 1430/5154
vt 0.545594 0.827831
vt 0.454195 0.831345
vt 0.454195 0.793983
vt 0.546158 0.789600
f 1481/5155 1483/5156 1448/5157 1431/5158
vt 0.762303 0.831345
vt 0.762303 0.960039
vt 0.717121 0.959515
vt 0.670904 0.827831
f 1482/5159 1461/5160 1459/5161 1480/5162
vt 0.499377 0.959515
vt 0.454195 0.960039
vt 0.454195 0.831345
vt 0.545594 0.827831
f 1460/5163 1462/5164 1483/5165 1481/5166
vt 0.854266 0.797569
vt 0.854266 0.834540
vt 0.762303 0.831345
vt 0.762303 0.793983
f 1428/5167 1478/5168 1482/5169 1447/5170
vt 0.454195 0.831345
vt 0.362231 0.834540
vt 0.362231 0.797569
vt 0.454195 0.793983
f 1483/5171 1479/5172 1429/5173 1448/5174
vt 0.854266 0.834540
vt 0.854266 0.961884
vt 0.762303 0.960039
vt 0.762303 0.831345
f 1478/5175 1457/5176 1461/5177 1482/5178
vt 0.454195 0.960039
vt 0.362231 0.961884
vt 0.362231 0.834540
vt 0.454195 0.831345
f 1462/5179 1458/5180 1479/5181 1483/5182
vt 0.924058 0.797569
vt 0.922113 0.834304
vt 0.854266 0.834540
vt 0.854266 0.797569
f 1466/5183 1484/5184 1478/5185 1428/5186
vt 0.362231 0.834540
vt 0.294384 0.834304
vt 0.292439 0.797569
vt 0.362231 0.797569
f 1479/5187 1485/5188 1467/5189 1429/5190
vt 0.922113 0.834304
vt 0.915413 0.960836
vt 0.854266 0.961884
vt 0.854266 0.834540
f 1484/5191 1470/5192 1457/5193 1478/5194
vt 0.362231 0.961884
vt 0.301085 0.960836
vt 0.294384 0.834304
vt 0.362231 0.834540
f 1458/5195 1471/5196 1485/5197 1479/5198
vt 0.929314 0.797569
vt 0.927369 0.834304
vt 0.922113 0.834304
vt 0.924058 0.797569
f 1422/5199 1472/5200 1484/5201 1466/5202
vt 0.294384 0.834304
vt 0.289128 0.834304
vt 0.287183 0.797569
vt 0.292439 0.797569
f 1485/5203 1473/5204 1423/5205 1467/5206
vt 0.927369 0.834304
vt 0.922130 0.960836
vt 0.915413 0.960836
vt 0.922113 0.834304
f 1472/5207 1451/5208 1470/5209 1484/5210
vt 0.301085 0.960836
vt 0.294368 0.960836
vt 0.289128 0.834304
vt 0.294384 0.834304
f 1471/5211 1452/5212 1473/5213 1485/5214
vt 0.514277 0.068467
vt 0.470528 0.068467
vt 0.470528 0.066606
vt 0.542282 0.066606
f 1405/5215 1486/5216 1494/5217 1417/5218
vt 0.470528 0.066606
vt 0.470528 0.068467
vt 0.514277 0.068467
vt 0.542282 0.066606
f 1495/5219 1487/5220 1406/5221 1418/5222
vt 0.783640 0.204153
vt 0.607197 0.204153
vt 0.607197 0.184854
vt 0.783640 0.184854
f 1413/5223 1490/5224 1496/5225 1421/5226
vt 0.960082 0.184854
vt 0.960082 0.204153
vt 0.783640 0.204153
vt 0.783640 0.184854
f 1497/5227 1491/5228 1413/5229 1421/5230
vt 0.607197 0.204153
vt 0.596034 0.204153
vt 0.596034 0.184854
vt 0.607197 0.184854
f 1490/5231 1411/5232 1419/5233 1496/5234
vt 0.971245 0.184854
vt 0.971245 0.204153
vt 0.960082 0.204153
vt 0.960082 0.184854
f 1420/5235 1412/5236 1491/5237 1497/5238
vt 0.580469 0.899056
vt 0.580469 0.916568
vt 0.599163 0.916568
vt 0.599163 0.899056
f 1417/5239 1494/5240 1506/5241 1442/5242
vt 0.599163 0.974217
vt 0.580469 0.974217
vt 0.580469 0.991729
vt 0.599163 0.991729
f 1507/5243 1495/5244 1418/5245 1443/5246
vt 0.783640 0.158530
vt 0.607197 0.158530
vt 0.607197 0.067019
vt 0.783640 0.067019
f 1446/5247 1508/5248 1492/5249 1416/5250
vt 0.960082 0.067019
vt 0.960082 0.158530
vt 0.783640 0.158530
vt 0.783640 0.067019
f 1493/5251 1509/5252 1446/5253 1416/5254
vt 0.607197 0.158530
vt 0.596034 0.158530
vt 0.596034 0.067020
vt 0.607197 0.067019
f 1508/5255 1444/5256 1414/5257 1492/5258
vt 0.971245 0.067020
vt 0.971245 0.158530
vt 0.960082 0.158530
vt 0.960082 0.067019
f 1415/5259 1445/5260 1509/5261 1493/5262
vt 0.783640 0.184854
vt 0.607197 0.184854
vt 0.607197 0.158530
vt 0.783640 0.158530
f 1421/5263 1496/5264 1508/5265 1446/5266
vt 0.960082 0.158530
vt 0.960082 0.184854
vt 0.783640 0.184854
vt 0.783640 0.158530
f 1509/5267 1497/5268 1421/5269 1446/5270
vt 0.607197 0.184854
vt 0.596034 0.184854
vt 0.596034 0.158530
vt 0.607197 0.158530
f 1496/5271 1419/5272 1444/5273 1508/5274
vt 0.971245 0.158530
vt 0.971245 0.184854
vt 0.960082 0.184854
vt 0.960082 0.158530
f 1445/5275 1420/5276 1497/5277 1509/5278
vt 0.784295 0.483615
vt 0.606318 0.483615
vt 0.612783 0.455177
vt 0.784295 0.455177
f 1408/5279 1488/5280 1510/5281 1453/5282
vt 0.955807 0.455177
vt 0.962272 0.483615
vt 0.784295 0.483615
vt 0.784295 0.455177
f 1511/5283 1489/5284 1408/5285 1453/5286
vt 0.606318 0.483615
vt 0.595058 0.479638
vt 0.588550 0.455177
vt 0.612783 0.455177
f 1488/5287 1409/5288 1451/5289 1510/5290
vt 0.980039 0.455177
vt 0.973532 0.479638
vt 0.962272 0.483615
vt 0.955807 0.455177
f 1452/5291 1410/5292 1489/5293 1511/5294
vt 0.525915 0.475791
vt 0.515433 0.479757
vt 0.509414 0.457167
vt 0.522179 0.457167
f 1411/5295 1490/5296 1512/5297 1454/5298
vt 0.190096 0.457166
vt 0.184078 0.479757
vt 0.173596 0.475791
vt 0.177331 0.457166
f 1513/5299 1491/5300 1412/5301 1455/5302
vt 0.515433 0.479757
vt 0.349755 0.479757
vt 0.349755 0.457166
vt 0.509414 0.457167
f 1490/5303 1413/5304 1456/5305 1512/5306
vt 0.349755 0.457166
vt 0.349755 0.479757
vt 0.184078 0.479757
vt 0.190096 0.457166
f 1456/5307 1413/5308 1491/5309 1513/5310
vt 0.783640 0.009303
vt 0.607197 0.009303
vt 0.607197 0.002013
vt 0.783640 0.002013
f 1465/5311 1514/5312 1488/5313 1408/5314
vt 0.960082 0.002013
vt 0.960082 0.009303
vt 0.783640 0.009303
vt 0.783640 0.002013
f 1489/5315 1515/5316 1465/5317 1408/5318
vt 0.607197 0.009303
vt 0.596034 0.009303
vt 0.596034 0.002013
vt 0.607197 0.002013
f 1514/5319 1463/5320 1409/5321 1488/5322
vt 0.971245 0.002013
vt 0.971245 0.009303
vt 0.960082 0.009303
vt 0.960082 0.002013
f 1410/5323 1464/5324 1515/5325 1489/5326
vt 0.783640 0.067019
vt 0.607197 0.067019
vt 0.607197 0.009303
vt 0.783640 0.009303
f 1416/5327 1492/5328 1514/5329 1465/5330
vt 0.960082 0.009303
vt 0.960082 0.067019
vt 0.783640 0.067019
vt 0.783640 0.009303
f 1515/5331 1493/5332 1416/5333 1465/5334
vt 0.607197 0.067019
vt 0.596034 0.067020
vt 0.596034 0.009303
vt 0.607197 0.009303
f 1492/5335 1414/5336 1463/5337 1514/5338
vt 0.971245 0.009303
vt 0.971245 0.067020
vt 0.960082 0.067019
vt 0.960082 0.009303
f 1464/5339 1415/5340 1493/5341 1515/5342
vt 0.784295 0.328174
vt 0.620923 0.328174
vt 0.623637 0.291302
vt 0.784295 0.291302
f 1474/5343 1516/5344 1498/5345 1424/5346
vt 0.944953 0.291302
vt 0.947667 0.328174
vt 0.784295 0.328174
vt 0.784295 0.291302
f 1499/5347 1517/5348 1474/5349 1424/5350
vt 0.620923 0.328174
vt 0.583507 0.328174
vt 0.583507 0.291302
vt 0.623637 0.291302
f 1516/5351 1472/5352 1422/5353 1498/5354
vt 0.985083 0.291302
vt 0.985083 0.328174
vt 0.947667 0.328174
vt 0.944953 0.291302
f 1423/5355 1473/5356 1517/5357 1499/5358
vt 0.784295 0.455177
vt 0.612783 0.455177
vt 0.620923 0.328174
vt 0.784295 0.328174
f 1453/5359 1510/5360 1516/5361 1474/5362
vt 0.947667 0.328174
vt 0.955807 0.455177
vt 0.784295 0.455177
vt 0.784295 0.328174
f 1517/5363 1511/5364 1453/5365 1474/5366
vt 0.612783 0.455177
vt 0.588550 0.455177
vt 0.583507 0.328174
vt 0.620923 0.328174
f 1510/5367 1451/5368 1472/5369 1516/5370
vt 0.985083 0.328174
vt 0.980039 0.455177
vt 0.955807 0.455177
vt 0.947667 0.328174
f 1473/5371 1452/5372 1511/5373 1517/5374
vt 0.514663 0.329248
vt 0.501837 0.329248
vt 0.499310 0.292111
vt 0.511876 0.292111
f 1475/5375 1518/5376 1500/5377 1425/5378
vt 0.200200 0.292111
vt 0.197673 0.329248
vt 0.184848 0.329248
vt 0.187635 0.292111
f 1501/5379 1519/5380 1476/5381 1426/5382
vt 0.501837 0.329248
vt 0.349755 0.329248
vt 0.349755 0.292111
vt 0.499310 0.292111
f 1518/5383 1477/5384 1427/5385 1500/5386
vt 0.349755 0.292111
vt 0.349755 0.329248
vt 0.197673 0.329248
vt 0.200200 0.292111
f 1427/5387 1477/5388 1519/5389 1501/5390
vt 0.522179 0.457167
vt 0.509414 0.457167
vt 0.501837 0.329248
vt 0.514663 0.329248
f 1454/5391 1512/5392 1518/5393 1475/5394
vt 0.197673 0.329248
vt 0.190096 0.457166
vt 0.177331 0.457166
vt 0.184848 0.329248
f 1519/5395 1513/5396 1455/5397 1476/5398
vt 0.509414 0.457167
vt 0.349755 0.457166
vt 0.349755 0.329248
vt 0.501837 0.329248
f 1512/5399 1456/5400 1477/5401 1518/5402
vt 0.349755 0.329248
vt 0.349755 0.457166
vt 0.190096 0.457166
vt 0.197673 0.329248
f 1477/5403 1456/5404 1513/5405 1519/5406
vt 0.630443 0.694871
vt 0.630443 0.614415
vt 0.670339 0.633537
vt 0.670339 0.704936
f 1435/5407 1523/5408 1528/5409 1440/5410
vt 0.546158 0.633537
vt 0.586054 0.614415
vt 0.586054 0.694871
vt 0.546158 0.704936
f 1529/5411 1524/5412 1436/5413 1441/5414
vt 0.752450 0.634346
vt 0.762303 0.719455
vt 0.670339 0.704936
vt 0.670339 0.633537
f 1530/5415 1449/5416 1440/5417 1528/5418
vt 0.546158 0.704936
vt 0.454195 0.719455
vt 0.464048 0.634346
vt 0.546158 0.633537
f 1441/5419 1450/5420 1531/5421 1529/5422
vt 0.924058 0.716901
vt 0.924058 0.726701
vt 0.854266 0.726701
vt 0.854266 0.716901
f 1532/5423 1468/5424 1438/5425 1526/5426
vt 0.362231 0.726701
vt 0.292439 0.726701
vt 0.292439 0.716901
vt 0.362231 0.716901
f 1439/5427 1469/5428 1533/5429 1527/5430
vt 0.929314 0.716901
vt 0.929314 0.726701
vt 0.924058 0.726701
vt 0.924058 0.716901
f 1520/5431 1432/5432 1468/5433 1532/5434
vt 0.292439 0.726701
vt 0.287183 0.726701
vt 0.287183 0.716901
vt 0.292439 0.716901
f 1469/5435 1433/5436 1521/5437 1533/5438
vt 0.629731 0.220170
vt 0.646083 0.210333
vt 0.784295 0.210333
vt 0.784295 0.220170
f 1502/5439 1534/5440 1522/5441 1434/5442
vt 0.784295 0.210333
vt 0.922507 0.210333
vt 0.938859 0.220170
vt 0.784295 0.220170
f 1522/5443 1535/5444 1503/5445 1434/5446
vt 0.577009 0.220170
vt 0.577009 0.210333
vt 0.646083 0.210333
vt 0.629731 0.220170
f 1432/5447 1520/5448 1534/5449 1502/5450
vt 0.922507 0.210333
vt 0.991581 0.210333
vt 0.991581 0.220170
vt 0.938859 0.220170
f 1535/5451 1521/5452 1433/5453 1503/5454
vt 0.493637 0.193300
vt 0.478416 0.112765
vt 0.511876 0.112765
vt 0.511876 0.193300
f 1504/5455 1536/5456 1523/5457 1435/5458
vt 0.187635 0.112765
vt 0.221095 0.112765
vt 0.205873 0.193300
vt 0.187635 0.193300
f 1524/5459 1537/5460 1505/5461 1436/5462
vt 0.349755 0.193300
vt 0.349755 0.112765
vt 0.478416 0.112765
vt 0.493637 0.193300
f 1437/5463 1525/5464 1536/5465 1504/5466
vt 0.221095 0.112765
vt 0.349755 0.112765
vt 0.349755 0.193300
vt 0.205873 0.193300
f 1537/5467 1525/5468 1437/5469 1505/5470
vt 0.630443 0.614415
vt 0.627887 0.596626
vt 0.670339 0.585886
vt 0.670339 0.633537
f 1523/5471 1538/5472 1541/5473 1528/5474
vt 0.546158 0.585886
vt 0.588611 0.596626
vt 0.586054 0.614415
vt 0.546158 0.633537
f 1542/5475 1539/5476 1524/5477 1529/5478
vt 0.627887 0.596626
vt 0.635710 0.569898
vt 0.670339 0.568035
vt 0.670339 0.585886
f 1538/5479 1405/5480 1417/5481 1541/5482
vt 0.546158 0.568035
vt 0.580788 0.569898
vt 0.588611 0.596626
vt 0.546158 0.585886
f 1418/5483 1406/5484 1539/5485 1542/5486
vt 0.752450 0.568035
vt 0.752450 0.586327
vt 0.670339 0.585886
vt 0.670339 0.568035
f 1442/5487 1543/5488 1541/5489 1417/5490
vt 0.546158 0.585886
vt 0.464048 0.586327
vt 0.464048 0.568035
vt 0.546158 0.568035
f 1542/5491 1544/5492 1443/5493 1418/5494
vt 0.752450 0.586327
vt 0.752450 0.634346
vt 0.670339 0.633537
vt 0.670339 0.585886
f 1543/5495 1530/5496 1528/5497 1541/5498
vt 0.546158 0.633537
vt 0.464048 0.634346
vt 0.464048 0.586327
vt 0.546158 0.585886
f 1529/5499 1531/5500 1544/5501 1542/5502
vt 0.478416 0.112765
vt 0.473702 0.094958
vt 0.511876 0.094958
vt 0.511876 0.112765
f 1536/5503 1545/5504 1538/5505 1523/5506
vt 0.187635 0.094958
vt 0.225809 0.094958
vt 0.221095 0.112765
vt 0.187635 0.112765
f 1539/5507 1546/5508 1537/5509 1524/5510
vt 0.511876 0.068204
vt 0.511876 0.094958
vt 0.473702 0.094958
vt 0.468055 0.068204
f 1405/5511 1538/5512 1545/5513 1486/5514
vt 0.225809 0.094958
vt 0.187635 0.094958
vt 0.187635 0.068204
vt 0.231455 0.068204
f 1546/5515 1539/5516 1406/5517 1487/5518
vt 0.349755 0.112765
vt 0.349755 0.094958
vt 0.473702 0.094958
vt 0.478416 0.112765
f 1525/5519 1540/5520 1545/5521 1536/5522
vt 0.225809 0.094958
vt 0.349755 0.094958
vt 0.349755 0.112765
vt 0.221095 0.112765
f 1546/5523 1540/5524 1525/5525 1537/5526
vt 0.349755 0.094958
vt 0.349755 0.068204
vt 0.468055 0.068204
vt 0.473702 0.094958
f 1540/5527 1407/5528 1486/5529 1545/5530
vt 0.231455 0.068204
vt 0.349755 0.068204
vt 0.349755 0.094958
vt 0.225809 0.094958
f 1487/5531 1407/5532 1540/5533 1546/5534
vt 0.762303 0.719455
vt 0.752450 0.634346
vt 0.761420 0.662578
f 1449/5535 1530/5536 1551/5537
vt 0.455077 0.662578
vt 0.464048 0.634346
vt 0.454195 0.719455
f 1552/5538 1531/5539 1450/5540
vt 0.762303 0.719455
vt 0.761420 0.662578
vt 0.784096 0.693033
f 1449/5541 1551/5542 1547/5543
vt 0.432401 0.693033
vt 0.455077 0.662578
vt 0.454195 0.719455
f 1548/5544 1552/5545 1450/5546
vt 0.762303 0.719455
vt 0.784096 0.693033
vt 0.813255 0.712375
f 1449/5547 1547/5548 1549/5549
vt 0.403243 0.712375
vt 0.432401 0.693033
vt 0.454195 0.719455
f 1550/5550 1548/5551 1450/5552
vt 0.762303 0.719455
vt 0.813255 0.712375
vt 0.854266 0.716901
f 1449/5553 1549/5554 1526/5555
vt 0.362231 0.716901
vt 0.403243 0.712375
vt 0.454195 0.719455
f 1527/5556 1550/5557 1450/5558
vt 0.854266 0.726701
vt 0.762303 0.719455
vt 0.854266 0.716901
f 1438/5559 1449/5560 1526/5561
vt 0.362231 0.716901
vt 0.454195 0.719455
vt 0.362231 0.726701
f 1527/5562 1450/5563 1439/5564
vt 0.626769 0.793584
vt 0.626769 0.710171
vt 0.670339 0.719355
vt 0.670339 0.789600
f 1425/5565 1556/5566 1561/5567 1430/5568
vt 0.546158 0.719355
vt 0.589728 0.710171
vt 0.589728 0.793584
vt 0.546158 0.789600
f 1562/5569 1557/5570 1426/5571 1431/5572
vt 0.762303 0.731007
vt 0.762303 0.793983
vt 0.670339 0.789600
vt 0.670339 0.719355
f 1563/5573 1447/5574 1430/5575 1561/5576
vt 0.546158 0.789600
vt 0.454195 0.793983
vt 0.454195 0.731007
vt 0.546158 0.719355
f 1431/5577 1448/5578 1564/5579 1562/5580
vt 0.854266 0.727582
vt 0.854266 0.797569
vt 0.762303 0.793983
vt 0.762303 0.731007
f 1559/5581 1428/5582 1447/5583 1563/5584
vt 0.454195 0.793983
vt 0.362231 0.797569
vt 0.362231 0.727582
vt 0.454195 0.731007
f 1448/5585 1429/5586 1560/5587 1564/5588
vt 0.924058 0.726701
vt 0.924058 0.727582
vt 0.854266 0.727582
vt 0.854266 0.726701
f 1468/5589 1565/5590 1559/5591 1438/5592
vt 0.362231 0.727582
vt 0.292439 0.727582
vt 0.292439 0.726701
vt 0.362231 0.726701
f 1560/5593 1566/5594 1469/5595 1439/5596
vt 0.924058 0.727582
vt 0.924058 0.797569
vt 0.854266 0.797569
vt 0.854266 0.727582
f 1565/5597 1466/5598 1428/5599 1559/5600
vt 0.362231 0.797569
vt 0.292439 0.797569
vt 0.292439 0.727582
vt 0.362231 0.727582
f 1429/5601 1467/5602 1566/5603 1560/5604
vt 0.929314 0.726701
vt 0.929314 0.727582
vt 0.924058 0.727582
vt 0.924058 0.726701
f 1432/5605 1553/5606 1565/5607 1468/5608
vt 0.292439 0.727582
vt 0.287183 0.727582
vt 0.287183 0.726701
vt 0.292439 0.726701
f 1566/5609 1554/5610 1433/5611 1469/5612
vt 0.929314 0.727582
vt 0.929314 0.797569
vt 0.924058 0.797569
vt 0.924058 0.727582
f 1553/5613 1422/5614 1466/5615 1565/5616
vt 0.292439 0.797569
vt 0.287183 0.797569
vt 0.287183 0.727582
vt 0.292439 0.727582
f 1467/5617 1423/5618 1554/5619 1566/5620
vt 0.623637 0.291302
vt 0.628787 0.221055
vt 0.784295 0.221055
vt 0.784295 0.291302
f 1498/5621 1567/5622 1555/5623 1424/5624
vt 0.784295 0.221055
vt 0.939803 0.221055
vt 0.944953 0.291302
vt 0.784295 0.291302
f 1555/5625 1568/5626 1499/5627 1424/5628
vt 0.628787 0.221055
vt 0.629731 0.220170
vt 0.784295 0.220170
vt 0.784295 0.221055
f 1567/5629 1502/5630 1434/5631 1555/5632
vt 0.784295 0.220170
vt 0.938859 0.220170
vt 0.939803 0.221055
vt 0.784295 0.221055
f 1434/5633 1503/5634 1568/5635 1555/5636
vt 0.583507 0.291302
vt 0.577630 0.221055
vt 0.628787 0.221055
vt 0.623637 0.291302
f 1422/5637 1553/5638 1567/5639 1498/5640
vt 0.939803 0.221055
vt 0.990960 0.221055
vt 0.985083 0.291302
vt 0.944953 0.291302
f 1568/5641 1554/5642 1423/5643 1499/5644
vt 0.577630 0.221055
vt 0.577009 0.220170
vt 0.629731 0.220170
vt 0.628787 0.221055
f 1553/5645 1432/5646 1502/5647 1567/5648
vt 0.938859 0.220170
vt 0.991581 0.220170
vt 0.990960 0.221055
vt 0.939803 0.221055
f 1503/5649 1433/5650 1554/5651 1568/5652
vt 0.499310 0.292111
vt 0.494517 0.208616
vt 0.511876 0.208616
vt 0.511876 0.292111
f 1500/5653 1569/5654 1556/5655 1425/5656
vt 0.187635 0.208616
vt 0.204994 0.208616
vt 0.200200 0.292111
vt 0.187635 0.292111
f 1557/5657 1570/5658 1501/5659 1426/5660
vt 0.349755 0.292111
vt 0.349755 0.208616
vt 0.494517 0.208616
vt 0.499310 0.292111
f 1427/5661 1558/5662 1569/5663 1500/5664
vt 0.204994 0.208616
vt 0.349755 0.208616
vt 0.349755 0.292111
vt 0.200200 0.292111
f 1570/5665 1558/5666 1427/5667 1501/5668
vt 0.349755 0.211840
vt 0.349755 0.196524
vt 0.493637 0.196524
vt 0.494517 0.211840
f 1573/5669 1578/5670 1576/5671 1571/5672
vt 0.205873 0.196524
vt 0.349755 0.196524
vt 0.349755 0.211840
vt 0.204994 0.211840
f 1577/5673 1578/5674 1573/5675 1572/5676
vt 0.494517 0.211840
vt 0.493637 0.196524
vt 0.511876 0.196524
vt 0.511876 0.211840
f 1571/5677 1576/5678 1579/5679 1574/5680
vt 0.187635 0.196524
vt 0.205873 0.196524
vt 0.204994 0.211840
vt 0.187635 0.211840
f 1580/5681 1577/5682 1572/5683 1575/5684
vt 0.641416 0.698092
vt 0.670339 0.704936
vt 0.670339 0.719355
vt 0.641416 0.713392
f 1579/5685 1583/5686 1581/5687 1574/5688
vt 0.546158 0.719355
vt 0.546158 0.704936
vt 0.575081 0.698092
vt 0.575081 0.713392
f 1582/5689 1584/5690 1580/5691 1575/5692
vt 0.349755 0.193300
vt 0.493637 0.193300
vt 0.493637 0.196524
vt 0.349755 0.196524
f 1437/5693 1504/5694 1576/5695 1578/5696
vt 0.205873 0.196524
vt 0.205873 0.193300
vt 0.349755 0.193300
vt 0.349755 0.196524
f 1577/5697 1505/5698 1437/5699 1578/5700
vt 0.514277 0.193358
vt 0.514277 0.196577
vt 0.496068 0.196577
vt 0.496068 0.193358
f 1435/5701 1579/5702 1576/5703 1504/5704
vt 0.496068 0.196577
vt 0.514277 0.196577
vt 0.514277 0.193358
vt 0.496068 0.193358
f 1577/5705 1580/5706 1436/5707 1505/5708
vt 0.630443 0.694871
vt 0.670339 0.704936
vt 0.670339 0.704936
vt 0.641416 0.698092
f 1435/5709 1440/5710 1583/5711 1579/5712
vt 0.546158 0.704936
vt 0.546158 0.704936
vt 0.586054 0.694871
vt 0.575081 0.698092
f 1584/5713 1441/5714 1436/5715 1580/5716
vt 0.670339 0.719355
vt 0.670339 0.719355
vt 0.762303 0.731007
f 1561/5717 1581/5718 1563/5719
vt 0.454195 0.731007
vt 0.546158 0.719355
vt 0.546158 0.719355
f 1564/5720 1582/5721 1562/5722
vt 0.349755 0.208616
vt 0.349755 0.211840
vt 0.494517 0.211840
vt 0.494517 0.208616
f 1558/5723 1573/5724 1571/5725 1569/5726
vt 0.204994 0.211840
vt 0.349755 0.211840
vt 0.349755 0.208616
vt 0.204994 0.208616
f 1572/5727 1573/5728 1558/5729 1570/5730
vt 0.511876 0.208616
vt 0.494517 0.208616
vt 0.494517 0.211840
vt 0.511876 0.211840
f 1556/5731 1569/5732 1571/5733 1574/5734
vt 0.204994 0.211840
vt 0.204994 0.208616
vt 0.187635 0.208616
vt 0.187635 0.211840
f 1572/5735 1570/5736 1557/5737 1575/5738
vt 0.670339 0.719355
vt 0.626769 0.710171
vt 0.641416 0.713392
vt 0.670339 0.719355
f 1561/5739 1556/5740 1574/5741 1581/5742
vt 0.575081 0.713392
vt 0.589728 0.710171
vt 0.546158 0.719355
vt 0.546158 0.719355
f 1575/5743 1557/5744 1562/5745 1582/5746
vt 0.638232 0.897427
vt 0.622342 0.897427
vt 0.622342 0.945393
vt 0.638232 0.945393
f 1532/5747 1526/5748 1585/5749 1586/5750
vt 0.622342 0.945393
vt 0.622342 0.993358
vt 0.638232 0.993358
vt 0.638232 0.945393
f 1585/5751 1527/5752 1533/5753 1586/5754
vt 0.599163 0.897427
vt 0.599163 0.897427
vt 0.599163 0.945393
vt 0.599163 0.945393
f 1530/5755 1543/5756 1588/5757 1587/5758
vt 0.599163 0.945393
vt 0.599163 0.993358
vt 0.599163 0.993358
vt 0.599163 0.945393
f 1588/5759 1544/5760 1531/5761 1587/5762
vt 0.613006 0.897427
vt 0.606367 0.897427
vt 0.606367 0.945393
vt 0.613006 0.945393
f 1549/5763 1547/5764 1589/5765 1590/5766
vt 0.606367 0.945393
vt 0.606367 0.993358
vt 0.613006 0.993358
vt 0.613006 0.945393
f 1589/5767 1548/5768 1550/5769 1590/5770
vt 0.622342 0.897427
vt 0.613006 0.897427
vt 0.613006 0.945393
vt 0.622342 0.945393
f 1526/5771 1549/5772 1590/5773 1585/5774
vt 0.613006 0.945393
vt 0.613006 0.993358
vt 0.622342 0.993358
vt 0.622342 0.945393
f 1590/5775 1550/5776 1527/5777 1585/5778
vt 0.606367 0.897427
vt 0.601205 0.897427
vt 0.601205 0.945393
vt 0.606367 0.945393
f 1547/5779 1551/5780 1591/5781 1589/5782
vt 0.601205 0.945393
vt 0.601205 0.993358
vt 0.606367 0.993358
vt 0.606367 0.945393
f 1591/5783 1552/5784 1548/5785 1589/5786
vt 0.601205 0.897427
vt 0.599163 0.897427
vt 0.599163 0.945393
vt 0.601205 0.945393
f 1551/5787 1530/5788 1587/5789 1591/5790
vt 0.599163 0.945393
vt 0.599163 0.993358
vt 0.601205 0.993358
vt 0.601205 0.945393
f 1587/5791 1531/5792 1552/5793 1591/5794
vt 0.599163 0.916568
vt 0.580469 0.916568
vt 0.580469 0.945393
vt 0.599163 0.945393
f 1506/5795 1494/5796 1592/5797 1593/5798
vt 0.580469 0.945393
vt 0.580469 0.974217
vt 0.599163 0.974217
vt 0.599163 0.945393
f 1592/5799 1495/5800 1507/5801 1593/5802
vt 0.349755 0.068204
vt 0.349755 0.066340
vt 0.468055 0.066340
vt 0.468055 0.068204
f 1407/5803 1592/5804 1494/5805 1486/5806
vt 0.231455 0.066340
vt 0.349755 0.066340
vt 0.349755 0.068204
vt 0.231455 0.068204
f 1495/5807 1592/5808 1407/5809 1487/5810
vt 0.599163 0.899056
vt 0.599163 0.945393
vt 0.599163 0.945393
vt 0.599163 0.897427
f 1442/5811 1593/5812 1588/5813 1543/5814
vt 0.599163 0.945393
vt 0.599163 0.945393
vt 0.599163 0.991729
vt 0.599163 0.993358
f 1588/5815 1593/5816 1443/5817 1544/5818
vt 0.854266 0.727582
vt 0.762303 0.731007
vt 0.762303 0.720074
f 1559/5819 1563/5820 1594/5821
vt 0.454195 0.720074
vt 0.454195 0.731007
vt 0.362231 0.727582
f 1595/5822 1564/5823 1560/5824
vt 0.854266 0.726701
vt 0.854266 0.727582
vt 0.762303 0.720074
vt 0.762303 0.719455
f 1438/5825 1559/5826 1594/5827 1449/5828
vt 0.454195 0.720074
vt 0.362231 0.727582
vt 0.362231 0.726701
vt 0.454195 0.719455
f 1595/5829 1560/5830 1439/5831 1450/5832
vt 0.670339 0.719355
vt 0.670339 0.704936
vt 0.762303 0.720074
vt 0.762303 0.731007
f 1581/5833 1583/5834 1594/5835 1563/5836
vt 0.454195 0.720074
vt 0.546158 0.704936
vt 0.546158 0.719355
vt 0.454195 0.731007
f 1595/5837 1584/5838 1582/5839 1564/5840
vt 0.670339 0.704936
vt 0.762303 0.719455
vt 0.762303 0.720074
f 1440/5841 1449/5842 1594/5843
vt 0.454195 0.720074
vt 0.454195 0.719455
vt 0.546158 0.704936
f 1595/5844 1450/5845 1441/5846
vt 0.670339 0.704936
vt 0.762303 0.720074
vt 0.670339 0.704936
f 1440/5847 1594/5848 1583/5849
vt 0.546158 0.704936
vt 0.454195 0.720074
vt 0.546158 0.704936
f 1584/5850 1595/5851 1441/5852
vt 0.639899 0.945393
vt 0.639899 0.914044
vt 0.638232 0.945393
f 1522/5853 1534/5854 1586/5855
vt 0.639428 0.898376
vt 0.638232 0.897427
vt 0.638232 0.945393
vt 0.639899 0.914044
f 1520/5856 1532/5857 1586/5858 1534/5859
vt 0.639899 0.945393
vt 0.638232 0.945393
vt 0.639899 0.976742
f 1522/5860 1586/5861 1535/5862
vt 0.639428 0.992409
vt 0.639899 0.976742
vt 0.638232 0.945393
vt 0.638232 0.993358
f 1521/5863 1535/5864 1586/5865 1533/5866
vt 0.184469 0.809658
vt 0.073004 0.809658
vt 0.073004 0.997226
vt 0.184469 0.997226
f 1596/5867 1597/5868 1598/5869 1599/5870
vt 0.184469 0.809657
vt 0.184469 0.997226
vt 0.073004 0.997226
vt 0.073004 0.809658
f 1600/5871 1603/5872 1602/5873 1601/5874
vt 0.073278 0.917962
vt 0.202318 0.917962
vt 0.202318 0.996775
vt 0.073278 0.996775
f 1596/5875 1600/5876 1601/5877 1597/5878
vt 0.073051 0.997256
vt 0.204958 0.997256
vt 0.204958 0.813027
vt 0.073051 0.813027
f 1597/5879 1601/5880 1602/5881 1598/5882
vt 0.073278 0.996775
vt 0.202318 0.996775
vt 0.202318 0.917962
vt 0.073278 0.917962
f 1598/5883 1602/5884 1603/5885 1599/5886
vt 0.204958 0.997256
vt 0.073051 0.997256
vt 0.073051 0.813027
vt 0.204958 0.813027
f 1600/5887 1596/5888 1599/5889 1603/5890
o light
v -0.170547 0.9253642000000001 1.1087555
v -0.0782146999999993 0.9253642000000001 1.0353138999999998
v -0.0782146999999993 0.7028841 1.0353145
v -0.170547 0.7028842000000001 1.1087559999999999
v -0.030054100000000084 0.7028841 0.904173
v -0.03005459999999971 0.9253642000000001 0.9041727
v -0.16101359999999953 0.9253642000000001 -1.1228096
v -0.16101359999999953 0.7028841 -1.1228099
v -0.031167099999999337 0.7028842000000001 -0.9113101
v -0.060754799999999776 0.7028841 -1.0255180000000002
v -0.0607552999999994 0.9253642000000001 -1.0255182
v -0.031167099999999337 0.9253643 -0.9113101
v -9.1399093 0.5716836000000001 1.1467885999999998
v -9.1399093 0.6384769 1.1185835
v -9.1399093 0.6418546 0.967023
v -9.1399098 0.5504184000000001 0.9228624
v -9.1399093 0.5490963 0.8140318
v -9.1399093 0.4982832 0.8141193
v -9.1399098 0.5015871000000001 1.2596261
v -9.1399098 0.5695132 1.2583453999999998
v -9.1399098 0.5695132 -0.8224805
v -9.1399098 0.5015871000000001 -0.8211999
v -9.1399098 0.4982832 -1.2667066
v -9.1399098 0.5490963 -1.2667938
v -9.1399098 0.5504184000000001 -1.1579637
v -9.1399098 0.6418546 -1.1138027000000001
v -9.1399098 0.6384769 -0.9622423999999999
v -9.1399098 0.5716836000000001 -0.9340373
usemtl mat1
vt 0.568295 0.670420
vt 0.568295 0.636419
vt 0.583589 0.636419
vt 0.583589 0.670420
f 1604/5891 1607/5892 1606/5893 1605/5894
vt 0.583589 0.670420
vt 0.583589 0.636419
vt 0.599021 0.636419
vt 0.599021 0.670420
f 1605/5895 1606/5896 1608/5897 1609/5898
vt 0.583589 0.670420
vt 0.583589 0.636419
vt 0.599021 0.636419
vt 0.599021 0.670420
f 1614/5899 1613/5900 1611/5901 1610/5902
vt 0.568295 0.670420
vt 0.568295 0.636419
vt 0.583589 0.636419
vt 0.583589 0.670420
f 1615/5903 1612/5904 1613/5905 1614/5906
vt 0.527344 0.034890
vt 0.515891 0.023438
vt 0.519245 0.031536
f 1618/5907 1616/5908 1617/5909
vt 0.527344 0.011985
vt 0.519245 0.015339
vt 0.515891 0.023438
f 1622/5910 1623/5911 1616/5912
vt 0.538797 0.023438
vt 0.535442 0.015339
vt 0.527344 0.011985
f 1620/5913 1621/5914 1622/5915
vt 0.527344 0.034890
vt 0.535442 0.031536
vt 0.515891 0.023438
f 1618/5916 1619/5917 1616/5918
vt 0.535442 0.031536
vt 0.538797 0.023438
vt 0.527344 0.011985
f 1619/5919 1620/5920 1622/5921
vt 0.535442 0.031536
vt 0.527344 0.011985
vt 0.515891 0.023438
f 1619/5922 1622/5923 1616/5924
vt 0.527344 0.034890
vt 0.515891 0.023438
vt 0.519245 0.031536
f 1629/5925 1631/5926 1630/5927
vt 0.527344 0.011985
vt 0.519245 0.015339
vt 0.515891 0.023438
f 1625/5928 1624/5929 1631/5930
vt 0.538797 0.023438
vt 0.535442 0.015339
vt 0.527344 0.011985
f 1627/5931 1626/5932 1625/5933
vt 0.527344 0.034890
vt 0.535442 0.031536
vt 0.515891 0.023438
f 1629/5934 1628/5935 1631/5936
vt 0.535442 0.031536
vt 0.538797 0.023438
vt 0.527344 0.011985
f 1628/5937 1627/5938 1625/5939
vt 0.535442 0.031536
vt 0.527344 0.011985
vt 0.515891 0.023438
f 1628/5940 1625/5941 1631/5942
