mtllib luggage-truck-HD.mtl
o luggage-truck
v -0.49356 0.50439 0.46291
v -0.39434 0.50439 0.46291
v -0.49356 0.50439 0.59795
v -0.39434 0.50439 0.59795
v -0.49357 0.43687 0.7149
v -0.39434 0.43687 0.7149
v -0.49356 0.31992 0.78243
v -0.39434 0.31992 0.78243
v -0.49356 0.18487 0.78243
v -0.39434 0.18487 0.78243
v -0.49356 0.06792 0.7149
v -0.39434 0.06792 0.7149
v -0.49356 0.0004 0.59795
v -0.39434 0.0004 0.59795
v -0.49356 0.0004 0.46291
v -0.39434 0.0004 0.46291
v -0.49356 0.06792 0.34595
v -0.39434 0.06792 0.34595
v -0.49356 0.18487 0.27843
v -0.39434 0.18487 0.27843
v -0.49356 0.43687 0.34595
v -0.39434 0.43687 0.34595
v -0.49356 0.31992 0.27843
v -0.39434 0.31992 0.27843
v -0.4961 0.34927 0.43355
v -0.4961 0.28785 0.39809
v -0.4961 0.21693 0.39809
v -0.4961 0.15552 0.43355
v -0.4961 0.12006 0.49497
v -0.4961 0.12006 0.56589
v -0.4961 0.15552 0.62731
v -0.4961 0.21693 0.66277
v -0.4961 0.28785 0.66277
v -0.4961 0.34927 0.62731
v -0.4961 0.38473 0.56589
v -0.4961 0.38473 0.49497
v -0.4961 0.25239 0.53043
v -0.51869 0.48018 0.46939
v -0.36921 0.48018 0.46939
v -0.51869 0.48018 0.59146
v -0.36921 0.48018 0.59146
v -0.51869 0.41914 0.69718
v -0.36921 0.41914 0.69718
v -0.51869 0.31343 0.75821
v -0.36921 0.31343 0.75821
v -0.51869 0.19136 0.75821
v -0.36921 0.19136 0.75821
v -0.51869 0.08564 0.69718
v -0.36921 0.08564 0.69718
v -0.51869 0.02461 0.59146
v -0.36921 0.02461 0.59146
v -0.51869 0.02461 0.46939
v -0.36921 0.02461 0.46939
v -0.51869 0.08564 0.36368
v -0.36921 0.08564 0.36368
v -0.51869 0.19136 0.30265
v -0.36921 0.19136 0.30265
v -0.51869 0.41914 0.36368
v -0.36921 0.41914 0.36368
v -0.51869 0.31343 0.30265
v -0.36921 0.31343 0.30265
v -0.39012 0.25239 0.53043
v -0.525 0.42624 0.48385
v -0.525 0.42624 0.57701
v -0.525 0.37965 0.65769
v -0.525 0.29897 0.70427
v -0.525 0.20581 0.70427
v -0.525 0.12513 0.65769
v -0.525 0.07855 0.57701
v -0.525 0.07855 0.48385
v -0.525 0.12513 0.40317
v -0.525 0.20581 0.35659
v -0.525 0.29897 0.35659
v -0.525 0.37965 0.40317
v -0.39012 0.38526 0.49483
v -0.39012 0.38526 0.56603
v -0.39012 0.34966 0.6277
v -0.39012 0.288 0.6633
v -0.39012 0.21679 0.6633
v -0.39012 0.15513 0.6277
v -0.39012 0.11952 0.56603
v -0.39012 0.11952 0.49483
v -0.39012 0.15513 0.43316
v -0.39012 0.21679 0.39756
v -0.39012 0.288 0.39756
v -0.39012 0.34966 0.43316
v 0.49356 0.50439 0.46291
v 0.39434 0.50439 0.46291
v 0.49356 0.50439 0.59795
v 0.39434 0.50439 0.59795
v 0.49357 0.43687 0.7149
v 0.39434 0.43687 0.7149
v 0.49356 0.31992 0.78243
v 0.39434 0.31992 0.78243
v 0.49356 0.18487 0.78243
v 0.39434 0.18487 0.78243
v 0.49356 0.06792 0.7149
v 0.39434 0.06792 0.7149
v 0.49356 0.0004 0.59795
v 0.39434 0.0004 0.59795
v 0.49356 0.0004 0.46291
v 0.39434 0.0004 0.46291
v 0.49356 0.06792 0.34595
v 0.39434 0.06792 0.34595
v 0.49356 0.18487 0.27843
v 0.39434 0.18487 0.27843
v 0.49356 0.43687 0.34595
v 0.39434 0.43687 0.34595
v 0.49356 0.31992 0.27843
v 0.39434 0.31992 0.27843
v 0.4961 0.34927 0.43355
v 0.4961 0.28785 0.39809
v 0.4961 0.21693 0.39809
v 0.4961 0.15552 0.43355
v 0.4961 0.12006 0.49497
v 0.4961 0.12006 0.56589
v 0.4961 0.15552 0.62731
v 0.4961 0.21693 0.66277
v 0.4961 0.28785 0.66277
v 0.4961 0.34927 0.62731
v 0.4961 0.38473 0.56589
v 0.4961 0.38473 0.49497
v 0.4961 0.25239 0.53043
v 0.51869 0.48018 0.46939
v 0.36921 0.48018 0.46939
v 0.51869 0.48018 0.59146
v 0.36921 0.48018 0.59146
v 0.51869 0.41914 0.69718
v 0.36921 0.41914 0.69718
v 0.51869 0.31343 0.75821
v 0.36921 0.31343 0.75821
v 0.51869 0.19136 0.75821
v 0.36921 0.19136 0.75821
v 0.51869 0.08564 0.69718
v 0.36921 0.08564 0.69718
v 0.51869 0.02461 0.59146
v 0.36921 0.02461 0.59146
v 0.51869 0.02461 0.46939
v 0.36921 0.02461 0.46939
v 0.51869 0.08564 0.36368
v 0.36921 0.08564 0.36368
v 0.51869 0.19136 0.30265
v 0.36921 0.19136 0.30265
v 0.51869 0.41914 0.36368
v 0.36921 0.41914 0.36368
v 0.51869 0.31343 0.30265
v 0.36921 0.31343 0.30265
v 0.39012 0.25239 0.53043
v 0.525 0.42624 0.48385
v 0.525 0.42624 0.57701
v 0.525 0.37965 0.65769
v 0.525 0.29897 0.70427
v 0.525 0.20581 0.70427
v 0.525 0.12513 0.65769
v 0.525 0.07855 0.57701
v 0.525 0.07855 0.48385
v 0.525 0.12513 0.40317
v 0.525 0.20581 0.35659
v 0.525 0.29897 0.35659
v 0.525 0.37965 0.40317
v 0.39012 0.38526 0.49483
v 0.39012 0.38526 0.56603
v 0.39012 0.34966 0.6277
v 0.39012 0.288 0.6633
v 0.39012 0.21679 0.6633
v 0.39012 0.15513 0.6277
v 0.39012 0.11952 0.56603
v 0.39012 0.11952 0.49483
v 0.39012 0.15513 0.43316
v 0.39012 0.21679 0.39756
v 0.39012 0.288 0.39756
v 0.39012 0.34966 0.43316
v -0.52417 0.81904 1.19816
v -0.52417 0.83796 1.09933
v -0.52417 1.407 0.47932
v -0.52417 1.36558 0.4627
v -0.52417 1.45213 0.4404
v -0.495 0.81904 1.19815
v -0.495 0.90386 1.16033
v -0.495 0.86245 1.14371
v -0.495 1.45213 0.4404
v -0.495 1.407 0.47932
v -0.495 1.43149 0.5237
v -0.52417 0.86245 1.14371
v -0.495 0.83796 1.09933
v -0.52417 0.81904 0.4402
v -0.52417 0.86245 0.47932
v -0.52417 0.83796 0.5237
v -0.52417 1.43149 0.5237
v -0.52417 1.36558 1.0775
v -0.52417 1.407 1.06089
v -0.52417 1.45213 1.08466
v -0.52417 0.90386 1.16033
v -0.495 1.36558 0.4627
v -0.495 0.86245 0.47932
v -0.495 0.90386 0.4627
v -0.495 0.81904 0.4402
v -0.52417 1.43149 1.0165
v -0.495 1.407 1.06089
v -0.495 1.36558 1.0775
v -0.495 1.45213 1.08466
v -0.495 0.83796 0.5237
v -0.495 1.43149 1.0165
v -0.52417 0.90386 0.4627
v -0.495 0.56527 0.4402
v -0.52417 0.56527 0.4402
v -0.52417 0.56527 0.75546
v -0.52417 0.3117 0.88516
v -0.495 0.3117 0.88516
v -0.495 0.56527 0.75546
v -0.52417 0.3117 1.19815
v -0.495 0.3117 1.19815
v 0.52417 0.81904 1.19816
v 0.52417 0.83796 1.09933
v 0.52417 1.407 0.47932
v 0.52417 1.36558 0.4627
v 0.52417 1.45213 0.4404
v 0.495 0.81904 1.19815
v 0.495 0.90386 1.16033
v 0.495 0.86245 1.14371
v 0.495 1.45213 0.4404
v 0.495 1.407 0.47932
v 0.495 1.43149 0.5237
v 0.52417 0.86245 1.14371
v 0.495 0.83796 1.09933
v 0.52417 0.81904 0.4402
v 0.52417 0.86245 0.47932
v 0.52417 0.83796 0.5237
v 0.52417 1.43149 0.5237
v 0.52417 1.36558 1.0775
v 0.52417 1.407 1.06089
v 0.52417 1.45213 1.08466
v 0.52417 0.90386 1.16033
v 0.495 1.36558 0.4627
v 0.495 0.86245 0.47932
v 0.495 0.90386 0.4627
v 0.495 0.81904 0.4402
v 0.52417 1.43149 1.0165
v 0.495 1.407 1.06089
v 0.495 1.36558 1.0775
v 0.495 1.45213 1.08466
v 0.495 0.83796 0.5237
v 0.495 1.43149 1.0165
v 0.52417 0.90386 0.4627
v 0.495 0.56527 0.4402
v 0.52417 0.56527 0.4402
v 0.52417 0.56527 0.75546
v 0.52417 0.3117 0.88516
v 0.495 0.3117 0.88516
v 0.495 0.56527 0.75546
v 0.52417 0.3117 1.19815
v 0.495 0.3117 1.19815
v 0.44901 0.37706 1.28234
v -0.44901 0.37706 1.28234
v 0.35521 0.37706 1.28234
v -0.35521 0.37706 1.28234
v 0.44901 0.43093 1.28234
v -0.44901 0.43093 1.28234
v 0.35521 0.43093 1.28234
v -0.35521 0.43093 1.28234
v 0.48415 1.45057 0.37202
v -0.48415 1.45057 0.37202
v 0.3133 1.45057 0.37202
v -0.3133 1.45057 0.37202
v 0.3133 1.45057 0.3235
v -0.3133 1.45057 0.3235
v 0.48415 1.45057 0.3235
v -0.48415 1.45057 0.3235
v 0.48415 1.52249 0.37202
v -0.48415 1.52249 0.37202
v 0.3133 1.52249 0.37202
v -0.3133 1.52249 0.37202
v 0.3133 1.52249 0.3235
v -0.3133 1.52249 0.3235
v 0.48415 1.52249 0.3235
v -0.48415 1.52249 0.3235
v 0.51571 0.45895 -1.22696
v -0.51571 0.45895 -1.22696
v 0.34486 0.45895 -1.22696
v -0.34486 0.45895 -1.22696
v 0.34486 0.45895 -1.27548
v -0.34486 0.45895 -1.27548
v 0.51571 0.45895 -1.27548
v -0.51571 0.45895 -1.27548
v 0.51571 0.53086 -1.22696
v -0.51571 0.53086 -1.22696
v 0.34486 0.53086 -1.22696
v -0.34486 0.53086 -1.22696
v 0.34486 0.53086 -1.27548
v -0.34486 0.53086 -1.27548
v 0.51571 0.53086 -1.27548
v -0.51571 0.53086 -1.27548
v 0.44901 0.4534 1.28234
v -0.44901 0.4534 1.28234
v 0.35521 0.4534 1.28234
v -0.35521 0.4534 1.28234
v 0.44901 0.53063 1.28234
v -0.44901 0.53063 1.28234
v 0.35521 0.53063 1.28234
v -0.35521 0.53063 1.28234
v 0.27529 0.73085 -1.27291
v 0.28109 0.73085 -1.28864
v 0.31405 0.73085 -1.28864
v 0.31985 0.73085 -1.27291
v 0.27957 0.93278 -1.27291
v 0.28426 0.93278 -1.28911
v 0.31088 0.93278 -1.28911
v 0.31556 0.93278 -1.27291
v 0.28426 0.77027 -1.28911
v 0.27957 0.77027 -1.27291
v 0.31088 0.77027 -1.28911
v 0.31556 0.77027 -1.27291
v 0.28109 0.75592 -1.29522
v 0.27529 0.75592 -1.27291
v 0.31405 0.75592 -1.29522
v 0.31985 0.75592 -1.27291
v -0.27529 0.75592 -1.27291
v -0.28109 0.75592 -1.29522
v -0.31985 0.75592 -1.27291
v -0.31405 0.75592 -1.29522
v -0.27957 0.77027 -1.27291
v -0.28426 0.77027 -1.28911
v -0.31556 0.77027 -1.27291
v -0.31088 0.77027 -1.28911
v -0.27957 0.93278 -1.27291
v -0.28426 0.93278 -1.28911
v -0.31088 0.93278 -1.28911
v -0.31556 0.93278 -1.27291
v -0.27529 0.73085 -1.27291
v -0.28109 0.73085 -1.28864
v -0.31405 0.73085 -1.28864
v -0.31985 0.73085 -1.27291
v -0.51926 0.78484 -1.26063
v -0.51926 0.78484 -1.28295
v 0.51926 0.78484 -1.28295
v 0.51926 0.78484 -1.26063
v -0.51926 0.9783 -1.26063
v -0.51926 0.9783 -1.28295
v 0.51926 0.9783 -1.28295
v 0.51926 0.9783 -1.26063
v -0.49665 0.78484 -1.2597
v -0.51926 0.78484 -1.2597
v -0.51896 0.78484 0.32226
v -0.49665 0.78484 0.32226
v -0.49665 0.9783 -1.2597
v -0.51926 0.9783 -1.2597
v -0.51896 0.9783 0.32226
v -0.49665 0.9783 0.32226
v -0.50946 0.75592 0.0743
v -0.53178 0.75592 0.0685
v -0.50946 0.75592 0.02974
v -0.53178 0.75592 0.03554
v -0.50946 0.77027 0.07002
v -0.52566 0.77027 0.06533
v -0.50946 0.77027 0.03403
v -0.52566 0.77027 0.03871
v -0.50946 0.93278 0.07002
v -0.52566 0.93278 0.06533
v -0.52566 0.93278 0.03871
v -0.50946 0.93278 0.03403
v -0.50946 0.73085 0.0743
v -0.52519 0.73085 0.0685
v -0.52519 0.73085 0.03554
v -0.50946 0.73085 0.02974
v -0.50946 0.75592 -0.96718
v -0.53178 0.75592 -0.97298
v -0.50946 0.75592 -1.01175
v -0.53178 0.75592 -1.00595
v -0.50946 0.77027 -0.97147
v -0.52566 0.77027 -0.97616
v -0.50946 0.77027 -1.00746
v -0.52566 0.77027 -1.00278
v -0.50946 0.93278 -0.97147
v -0.52566 0.93278 -0.97616
v -0.52566 0.93278 -1.00278
v -0.50946 0.93278 -1.00746
v -0.50946 0.73085 -0.96718
v -0.52519 0.73085 -0.97298
v -0.52519 0.73085 -1.00595
v -0.50946 0.73085 -1.01175
v 0.50946 0.75592 0.0743
v 0.53178 0.75592 0.0685
v 0.50946 0.75592 0.02974
v 0.53178 0.75592 0.03554
v 0.50946 0.77027 0.07002
v 0.52566 0.77027 0.06533
v 0.50946 0.77027 0.03403
v 0.52566 0.77027 0.03871
v 0.50946 0.93278 0.07002
v 0.52566 0.93278 0.06533
v 0.52566 0.93278 0.03871
v 0.50946 0.93278 0.03403
v 0.50946 0.73085 0.0743
v 0.52519 0.73085 0.0685
v 0.52519 0.73085 0.03554
v 0.50946 0.73085 0.02974
v 0.50946 0.75592 -0.96718
v 0.53178 0.75592 -0.97298
v 0.50946 0.75592 -1.01175
v 0.53178 0.75592 -1.00595
v 0.50946 0.77027 -0.97147
v 0.52566 0.77027 -0.97616
v 0.50946 0.77027 -1.00746
v 0.52566 0.77027 -1.00278
v 0.50946 0.93278 -0.97147
v 0.52566 0.93278 -0.97616
v 0.52566 0.93278 -1.00278
v 0.50946 0.93278 -1.00746
v 0.50946 0.73085 -0.96718
v 0.52519 0.73085 -0.97298
v 0.52519 0.73085 -1.00595
v 0.50946 0.73085 -1.01175
v 0.49665 0.78484 -1.2597
v 0.51926 0.78484 -1.2597
v 0.51896 0.78484 0.32226
v 0.49665 0.78484 0.32226
v 0.49665 0.9783 -1.2597
v 0.51926 0.9783 -1.2597
v 0.51896 0.9783 0.32226
v 0.49665 0.9783 0.32226
v 0.29174 0.90622 1.06594
v 0.3034 0.90622 1.06594
v 0.3034 0.9863 1.15792
v 0.29174 0.9863 1.15792
v 0.29174 0.91716 1.06192
v 0.3034 0.91716 1.06192
v 0.3034 0.99724 1.15389
v 0.29174 0.99724 1.15389
v 0.40874 0.93426 0.98276
v 0.40291 0.93077 0.97328
v 0.30421 0.90973 1.04175
v 0.31004 0.91322 1.05122
v 0.40874 0.92332 0.98678
v 0.40291 0.91983 0.97731
v 0.30421 0.89879 1.04577
v 0.31004 0.90228 1.05525
v 0.29102 0.89877 1.04572
v 0.28519 0.90226 1.05519
v 0.18649 0.9233 0.98673
v 0.19232 0.91981 0.97726
v 0.29102 0.90971 1.04169
v 0.28519 0.9132 1.05117
v 0.18649 0.93424 0.98271
v 0.19232 0.93075 0.97323
v 0.28655 0.95848 1.0233
v 0.29757 0.95691 1.01902
v 0.30859 0.95848 1.0233
v 0.31315 0.96229 1.03365
v 0.30859 0.96609 1.04399
v 0.29757 0.96767 1.04827
v 0.28655 0.96609 1.04399
v 0.28198 0.96229 1.03365
v 0.29757 0.96229 1.03365
v 0.29757 0.89492 1.04183
v 0.28655 0.8965 1.04612
v 0.30859 0.8965 1.04612
v 0.31315 0.9003 1.05646
v 0.30859 0.90411 1.0668
v 0.29757 0.90569 1.07108
v 0.28655 0.90411 1.0668
v 0.28198 0.9003 1.05646
v 0.29757 0.93996 1.00453
v 0.2728 0.94351 1.01416
v 0.32234 0.94351 1.01416
v 0.3326 0.95206 1.03741
v 0.32234 0.96062 1.06066
v 0.29757 0.96416 1.07029
v 0.2728 0.96062 1.06066
v 0.26254 0.95206 1.03741
v 0.19895 0.92249 0.94321
v 0.26147 0.91002 0.90934
v 0.33366 0.91002 0.90934
v 0.39618 0.92249 0.94321
v 0.43228 0.94408 1.00189
v 0.43228 0.96901 1.06963
v 0.39618 0.99061 1.1283
v 0.33366 1.00307 1.16218
v 0.26147 1.00307 1.16218
v 0.19895 0.99061 1.1283
v 0.16286 0.96901 1.06963
v 0.16286 0.94408 1.00189
v 0.20969 0.9262 0.95329
v 0.2654 0.91509 0.92311
v 0.32973 0.91509 0.92311
v 0.38544 0.9262 0.95329
v 0.41761 0.94544 1.00557
v 0.41761 0.96766 1.06594
v 0.38544 0.9869 1.11823
v 0.32973 0.99801 1.14841
v 0.2654 0.99801 1.14841
v 0.20969 0.9869 1.11823
v 0.17753 0.96766 1.06595
v 0.17753 0.94544 1.00557
v 0.17753 0.92879 1.0117
v 0.17753 0.95101 1.07207
v 0.20969 0.97025 1.12436
v 0.2654 0.98136 1.15454
v 0.32973 0.98136 1.15454
v 0.38544 0.97025 1.12436
v 0.41761 0.95101 1.07207
v 0.41761 0.92879 1.0117
v 0.38544 0.90955 0.95942
v 0.32973 0.89844 0.92923
v 0.2654 0.89844 0.92923
v 0.20969 0.90955 0.95942
v 0.16286 0.92743 1.00801
v 0.16286 0.95237 1.07576
v 0.19895 0.97396 1.13443
v 0.26147 0.98642 1.16831
v 0.33366 0.98642 1.16831
v 0.39618 0.97396 1.13443
v 0.43228 0.95236 1.07576
v 0.43228 0.92743 1.00801
v 0.39618 0.90584 0.94934
v 0.33366 0.89337 0.91547
v 0.26147 0.89337 0.91547
v 0.19895 0.90584 0.94934
v 0.29757 0.83596 1.06353
v 0.28655 0.83754 1.06781
v 0.30859 0.83754 1.06781
v 0.31315 0.84135 1.07816
v 0.30859 0.84515 1.0885
v 0.29757 0.84673 1.09278
v 0.28655 0.84515 1.0885
v 0.28198 0.84135 1.07816
v 0.39012 0.34966 -0.97689
v -0.39012 0.34966 -0.97689
v 0.39012 0.288 -1.01249
v -0.39012 0.288 -1.01249
v 0.39012 0.21679 -1.01249
v -0.39012 0.21679 -1.01249
v 0.39012 0.15513 -0.97689
v -0.39012 0.15513 -0.97689
v 0.39012 0.11952 -0.91522
v -0.39012 0.11952 -0.91522
v 0.39012 0.11952 -0.84402
v -0.39012 0.11952 -0.84402
v 0.39012 0.15513 -0.78235
v -0.39012 0.15513 -0.78235
v 0.39012 0.21679 -0.74675
v -0.39012 0.21679 -0.74675
v 0.39012 0.288 -0.74675
v -0.39012 0.288 -0.74675
v 0.39012 0.34966 -0.78235
v -0.39012 0.34966 -0.78235
v 0.39012 0.38526 -0.84402
v -0.39012 0.38526 -0.84402
v 0.39012 0.38526 -0.91522
v -0.39012 0.38526 -0.91522
v 0.525 0.37965 -1.00688
v -0.525 0.37965 -1.00688
v 0.525 0.29897 -1.05346
v -0.525 0.29897 -1.05346
v 0.525 0.20581 -1.05346
v -0.525 0.20581 -1.05346
v 0.525 0.12513 -1.00688
v -0.525 0.12513 -1.00688
v 0.525 0.07855 -0.9262
v -0.525 0.07855 -0.9262
v 0.525 0.07855 -0.83304
v -0.525 0.07855 -0.83304
v 0.525 0.12513 -0.75236
v -0.525 0.12513 -0.75236
v 0.525 0.20581 -0.70578
v -0.525 0.20581 -0.70578
v 0.525 0.29897 -0.70578
v -0.525 0.29897 -0.70578
v 0.525 0.37965 -0.75236
v -0.525 0.37965 -0.75236
v 0.525 0.42624 -0.83304
v -0.525 0.42624 -0.83304
v 0.525 0.42624 -0.9262
v -0.525 0.42624 -0.9262
v 0.39012 0.25239 -0.87962
v -0.39012 0.25239 -0.87962
v 0.36921 0.31343 -1.1074
v -0.36921 0.31343 -1.1074
v 0.51869 0.31343 -1.1074
v -0.51869 0.31343 -1.1074
v 0.36921 0.41914 -1.04637
v -0.36921 0.41914 -1.04637
v 0.51869 0.41914 -1.04637
v -0.51869 0.41914 -1.04637
v 0.36921 0.19136 -1.1074
v -0.36921 0.19136 -1.1074
v 0.51869 0.19136 -1.1074
v -0.51869 0.19136 -1.1074
v 0.36921 0.08564 -1.04637
v -0.36921 0.08564 -1.04637
v 0.51869 0.08564 -1.04637
v -0.51869 0.08564 -1.04637
v 0.36921 0.02461 -0.94065
v -0.36921 0.02461 -0.94065
v 0.51869 0.02461 -0.94065
v -0.51869 0.02461 -0.94065
v 0.36921 0.02461 -0.81859
v -0.36921 0.02461 -0.81859
v 0.51869 0.02461 -0.81859
v -0.51869 0.02461 -0.81859
v 0.36921 0.08564 -0.71287
v -0.36921 0.08564 -0.71287
v 0.51869 0.08564 -0.71287
v -0.51869 0.08564 -0.71287
v 0.36921 0.19136 -0.65184
v -0.36921 0.19136 -0.65184
v 0.51869 0.19136 -0.65184
v -0.51869 0.19136 -0.65184
v 0.36921 0.31343 -0.65184
v -0.36921 0.31343 -0.65184
v 0.51869 0.31343 -0.65184
v -0.51869 0.31343 -0.65184
v 0.36921 0.41914 -0.71287
v -0.36921 0.41914 -0.71287
v 0.51869 0.41914 -0.71287
v -0.51869 0.41914 -0.71287
v 0.36921 0.48018 -0.81859
v -0.36921 0.48018 -0.81859
v 0.51869 0.48018 -0.81859
v -0.51869 0.48018 -0.81859
v 0.36921 0.48018 -0.94065
v -0.36921 0.48018 -0.94065
v 0.51869 0.48018 -0.94065
v -0.51869 0.48018 -0.94065
v 0.4961 0.25239 -0.87962
v -0.4961 0.25239 -0.87962
v 0.4961 0.38473 -0.91508
v -0.4961 0.38473 -0.91508
v 0.4961 0.38473 -0.84416
v -0.4961 0.38473 -0.84416
v 0.4961 0.34927 -0.78274
v -0.4961 0.34927 -0.78274
v 0.4961 0.28785 -0.74728
v -0.4961 0.28785 -0.74728
v 0.4961 0.21693 -0.74728
v -0.4961 0.21693 -0.74728
v 0.4961 0.15552 -0.78274
v -0.4961 0.15552 -0.78274
v 0.4961 0.12006 -0.84416
v -0.4961 0.12006 -0.84416
v 0.4961 0.12006 -0.91508
v -0.4961 0.12006 -0.91508
v 0.4961 0.15552 -0.9765
v -0.4961 0.15552 -0.9765
v 0.4961 0.21693 -1.01196
v -0.4961 0.21693 -1.01196
v 0.4961 0.28785 -1.01196
v -0.4961 0.28785 -1.01196
v 0.4961 0.34927 -0.9765
v -0.4961 0.34927 -0.9765
v 0.39434 0.31992 -1.13162
v -0.39434 0.31992 -1.13162
v 0.49356 0.31992 -1.13162
v -0.49356 0.31992 -1.13162
v 0.39434 0.43687 -1.0641
v -0.39434 0.43687 -1.0641
v 0.49356 0.43687 -1.0641
v -0.49356 0.43687 -1.0641
v 0.39434 0.18487 -1.13162
v -0.39434 0.18487 -1.13162
v 0.49356 0.18487 -1.13162
v -0.49356 0.18487 -1.13162
v 0.39434 0.06792 -1.0641
v -0.39434 0.06792 -1.0641
v 0.49356 0.06792 -1.0641
v -0.49356 0.06792 -1.0641
v 0.39434 0.0004 -0.94714
v -0.39434 0.0004 -0.94714
v 0.49356 0.0004 -0.94714
v -0.49356 0.0004 -0.94714
v 0.39434 0.0004 -0.8121
v -0.39434 0.0004 -0.8121
v 0.49356 0.0004 -0.8121
v -0.49356 0.0004 -0.8121
v 0.39434 0.06792 -0.69515
v -0.39434 0.06792 -0.69515
v 0.49356 0.06792 -0.69515
v -0.49356 0.06792 -0.69515
v 0.39434 0.18487 -0.62762
v -0.39434 0.18487 -0.62762
v 0.49356 0.18487 -0.62762
v -0.49356 0.18487 -0.62762
v 0.39434 0.31992 -0.62762
v -0.39434 0.31992 -0.62762
v 0.49356 0.31992 -0.62762
v -0.49356 0.31992 -0.62762
v 0.39434 0.43687 -0.69515
v -0.39434 0.43687 -0.69515
v 0.49357 0.43687 -0.69515
v -0.49357 0.43687 -0.69515
v 0.39434 0.50439 -0.8121
v -0.39434 0.50439 -0.8121
v 0.49356 0.50439 -0.8121
v -0.49356 0.50439 -0.8121
v 0.39434 0.50439 -0.94714
v -0.39434 0.50439 -0.94714
v 0.49356 0.50439 -0.94714
v -0.49356 0.50439 -0.94714
v -0.00897 0.18299 -1.36319
v 0.00897 0.18299 -1.36319
v 0.00897 0.18299 -1.34524
v -0.00897 0.18299 -1.34524
v -0.00897 0.43551 -1.36319
v 0.00897 0.43551 -1.36319
v 0.00897 0.43551 -1.34524
v -0.00897 0.43551 -1.34524
v -0.02809 0.45352 -1.34524
v -0.02809 0.47146 -1.34524
v -0.02809 0.47146 -1.36319
v -0.02809 0.45352 -1.36319
v -0.01066 0.44103 -1.34524
v -0.02128 0.45165 -1.34524
v -0.01066 0.44103 -1.36319
v -0.02128 0.45165 -1.36319
v 0.00203 0.45372 -1.34524
v -0.00859 0.46434 -1.34524
v 0.00203 0.45372 -1.36319
v -0.00859 0.46434 -1.36319
v -0.13776 0.45352 -1.36319
v -0.13776 0.47146 -1.36319
v -0.13776 0.47146 -1.34524
v -0.13776 0.45352 -1.34524
v 0.52074 0.23543 -0.58293
v -0.52074 0.23543 -0.58293
v 0.53562 0.23543 -0.56123
v -0.53562 0.23543 -0.56123
v 0.53562 0.23543 0.17089
v -0.53562 0.23543 0.17089
v 0.52074 0.23543 0.19259
v -0.52074 0.23543 0.19259
v 0.52074 0.28584 -0.58293
v -0.52074 0.28584 -0.58293
v 0.53562 0.28584 -0.56123
v -0.53562 0.28584 -0.56123
v 0.53562 0.28584 0.17089
v -0.53562 0.28584 0.17089
v 0.52074 0.28584 0.19259
v -0.52074 0.28584 0.19259
v 0.51587 1.0703 1.17375
v -0.51587 1.0703 1.17375
v 0.51587 1.05157 1.17375
v -0.51587 1.05157 1.17375
v 0.51587 1.05157 1.19132
v -0.51587 1.05157 1.19132
v 0.51587 1.0703 1.19132
v -0.51587 1.0703 1.19132
v 0.65701 1.20194 1.13431
v -0.65701 1.20194 1.13431
v 0.65701 1.18321 1.13431
v -0.65701 1.18321 1.13431
v 0.65929 1.18321 1.15174
v -0.65929 1.18321 1.15174
v 0.65929 1.20194 1.15174
v -0.65929 1.20194 1.15174
v 0.68928 1.20194 1.1478
v -0.68928 1.20194 1.1478
v 0.68928 1.18321 1.1478
v -0.68928 1.18321 1.1478
v 0.68699 1.18321 1.13038
v -0.68699 1.18321 1.13038
v 0.68699 1.20194 1.13038
v -0.68699 1.20194 1.13038
v 0.61366 1.11416 1.12722
v -0.61366 1.11416 1.12722
v 0.72305 1.11281 1.1094
v -0.72305 1.11281 1.1094
v 0.70228 1.14941 1.13191
v -0.70228 1.14941 1.13191
v 0.64137 1.15016 1.14184
v -0.64137 1.15016 1.14184
v 0.61366 1.27073 1.11536
v -0.61366 1.27073 1.11536
v 0.72305 1.26938 1.09754
v -0.72305 1.26938 1.09754
v 0.70228 1.23659 1.12531
v -0.70228 1.23659 1.12531
v 0.64137 1.23734 1.13524
v -0.64137 1.23734 1.13524
v 0.3382 0.36395 1.2863
v -0.3382 0.36395 1.2863
v 0.47058 0.36395 1.2863
v -0.47058 0.36395 1.2863
v 0.50144 0.26347 1.2863
v -0.50144 0.26347 1.2863
v 0.3382 0.53932 1.2863
v -0.3382 0.53932 1.2863
v 0.0 0.53932 1.2863
v 0.53568 0.26347 1.23432
v -0.53568 0.26347 1.23432
v 0.53568 0.53932 1.23432
v -0.53568 0.53932 1.23432
v 0.53568 0.53932 1.26979
v -0.53568 0.53932 1.26979
v 0.53568 0.26347 1.26979
v -0.53568 0.26347 1.26979
v 0.0 0.26347 1.2863
v 0.50565 0.26347 1.30197
v -0.50565 0.26347 1.30197
v 0.0 0.26347 1.30197
v 0.50981 0.26347 1.28305
v -0.50981 0.26347 1.28305
v 0.51988 0.26347 1.29635
v -0.51988 0.26347 1.29635
v 0.50565 0.53932 1.30197
v -0.50565 0.53932 1.30197
v 0.51988 0.53932 1.29635
v -0.51988 0.53932 1.29635
v 0.50981 0.53932 1.28305
v -0.50981 0.53932 1.28305
v 0.50144 0.53932 1.2863
v -0.50144 0.53932 1.2863
v 0.52057 0.26347 1.23432
v -0.52057 0.26347 1.23432
v 0.52057 0.53932 1.23432
v -0.52057 0.53932 1.23432
v 0.52934 0.53932 1.28383
v -0.52934 0.53932 1.28383
v 0.52934 0.26347 1.28382
v -0.52934 0.26347 1.28382
v 0.52058 0.53932 1.26434
v -0.52058 0.53932 1.26434
v 0.52058 0.26347 1.26434
v -0.52058 0.26347 1.26434
v 0.51628 0.53932 1.27504
v -0.51628 0.53932 1.27504
v 0.51628 0.26347 1.27504
v -0.51628 0.26347 1.27504
v 0.47058 0.53932 1.2863
v -0.47058 0.53932 1.2863
v 0.47058 0.36395 1.30197
v -0.47058 0.36395 1.30197
v 0.3382 0.36395 1.30197
v -0.3382 0.36395 1.30197
v 0.47058 0.53932 1.30197
v -0.47058 0.53932 1.30197
v 0.3382 0.53932 1.30197
v -0.3382 0.53932 1.30197
v 0.0 0.53932 1.30197
v 0.52856 1.5519 0.33782
v 0.52856 1.5519 0.4404
v -0.52856 1.5519 0.33783
v -0.52856 1.5519 0.4404
v -0.52856 1.52111 1.17244
v 0.52856 1.52111 1.17244
v 0.52856 1.48645 1.16655
v -0.52856 1.48645 1.16655
v -0.52856 1.48645 0.4404
v -0.52856 1.48645 0.33783
v 0.52856 1.48645 0.4404
v 0.52856 1.48645 0.33782
v 0.52074 1.54735 0.34797
v 0.52074 1.54735 0.4404
v 0.52074 1.45213 0.4404
v -0.52074 1.54735 0.34797
v -0.52074 1.45213 0.4404
v -0.52074 1.54735 0.4404
v 0.45714 1.407 1.14658
v 0.47375 1.36558 1.15424
v 0.52074 1.52007 1.12569
v 0.49157 1.50145 1.1065
v 0.45714 1.407 1.12336
v 0.41275 1.43149 1.11899
v -0.47375 1.36558 1.15424
v -0.45714 1.407 1.14658
v -0.52074 1.52007 1.12568
v 0.49157 0.81904 1.2283
v 0.45714 0.86245 1.22056
v 0.47375 0.90386 1.21317
v -0.52074 0.82256 1.2546
v -0.45714 0.86245 1.24723
v -0.47375 0.90386 1.23957
v 0.41275 1.43149 1.14206
v 0.45714 0.86245 1.24723
v 0.41275 0.83796 1.25175
v 0.52074 0.82256 1.2546
v -0.45714 0.86245 1.22056
v -0.41275 0.83796 1.22493
v -0.49157 0.81904 1.2283
v -0.41275 1.43149 1.14206
v 0.47375 1.36558 1.13075
v 0.41275 0.83796 1.22493
v -0.47375 0.90386 1.21317
v -0.41275 1.43149 1.11899
v -0.45714 1.407 1.12336
v -0.49157 1.50145 1.1065
v -0.47375 1.36558 1.13075
v -0.41275 0.83796 1.25175
v 0.47375 0.90386 1.23957
v 0.45714 1.407 0.37026
v 0.47375 1.36558 0.37025
v 0.49157 1.52561 0.3703
v -0.52074 0.82256 0.34797
v -0.47375 0.90386 0.34797
v -0.45714 0.86245 0.34797
v 0.45714 1.407 0.34797
v 0.41275 1.43149 0.34797
v 0.45714 0.86245 0.34797
v 0.47375 0.90386 0.34797
v 0.52074 0.82256 0.34797
v -0.41275 0.83796 0.3701
v -0.45714 0.86245 0.37011
v -0.49157 0.81904 0.3701
v 0.41275 0.83796 0.34797
v 0.49157 0.81904 0.3701
v 0.45714 0.86245 0.37011
v 0.41275 0.83796 0.3701
v 0.41275 1.43149 0.37027
v -0.41275 1.43149 0.34797
v -0.45714 1.407 0.34797
v 0.47375 1.36558 0.34797
v -0.47375 1.36558 0.37025
v -0.45714 1.407 0.37026
v -0.49157 1.52561 0.3703
v -0.47375 0.90386 0.37012
v -0.41275 0.83796 0.34797
v 0.47375 0.90386 0.37012
v -0.41275 1.43149 0.37027
v -0.47375 1.36558 0.34797
v 0.52074 0.28208 1.23419
v -0.52074 0.28208 1.23419
v -0.52074 0.53576 0.34797
v 0.52074 0.53576 0.34797
v 0.52074 1.45213 1.08466
v 0.52074 0.81904 1.19816
v 0.52074 0.3117 1.19815
v 0.52074 0.28208 0.85339
v 0.52074 0.3117 0.88516
v 0.52074 0.53576 0.72957
v 0.52074 0.56527 0.75546
v 0.52074 0.56527 0.4402
v 0.52074 0.81904 0.4402
v -0.52074 0.81904 1.19815
v -0.52074 0.3117 1.19815
v -0.52074 1.45213 1.08466
v -0.52074 0.3117 0.88516
v -0.52074 0.28208 0.85339
v -0.52074 0.56527 0.75546
v -0.52074 0.53576 0.72957
v -0.52074 0.56527 0.4402
v -0.52074 0.81904 0.4402
v 0.49157 1.45213 1.08466
v 0.49157 1.45213 0.4404
v -0.49157 1.45213 1.08466
v -0.49157 1.45213 0.4404
v -0.49157 0.81904 1.19815
v 0.49157 0.81904 1.19815
v 0.49157 0.81904 0.4402
v -0.49157 0.81904 0.4402
v -0.49157 0.56527 0.4402
v 0.49157 0.56527 0.4402
v 0.49157 0.56527 0.75546
v 0.49157 0.3117 0.88516
v -0.49157 0.56527 0.75546
v -0.49157 0.3117 0.88516
v 0.49157 0.3117 1.19815
v -0.49157 0.3117 1.19815
v -0.49157 0.28211 0.88516
v -0.49157 0.53576 0.75546
v 0.49157 0.53576 0.75546
v 0.49157 0.28211 0.88516
v 0.49157 0.53576 0.3701
v -0.49157 0.53576 0.3701
v -0.49157 0.28208 1.2283
v 0.49157 0.28208 1.2283
v -0.52074 0.57772 1.2546
v 0.52074 0.57772 1.2546
v -0.52074 0.57772 1.23419
v 0.52074 0.57772 1.23419
v 0.53562 0.26351 1.23226
v -0.53562 0.26351 1.23226
v -0.53562 0.55493 -1.22646
v 0.53562 0.55493 -1.22646
v 0.53562 0.3015 1.23226
v -0.53562 0.3015 1.23226
v -0.53562 0.26351 0.85339
v 0.53562 0.26351 0.85339
v -0.53562 0.3015 0.87523
v 0.53562 0.3015 0.87523
v -0.53562 0.51778 0.34797
v 0.53562 0.51777 0.34797
v -0.53562 0.55493 0.34797
v 0.53562 0.55493 0.34797
v -0.53562 0.51778 0.72957
v 0.53562 0.51778 0.72957
v -0.53562 0.55493 0.7514
v 0.53562 0.55493 0.7514
v -0.53562 0.51777 -1.22646
v 0.53562 0.51777 -1.22646
v 0.33778 0.45298 -1.28475
v -0.33778 0.45298 -1.28475
v 0.52074 0.45298 -1.28475
v -0.52074 0.45298 -1.28475
v 0.52074 0.45298 -1.22747
v -0.52074 0.45298 -1.22747
v 0.33778 0.45298 -1.22747
v -0.33778 0.45298 -1.22747
v 0.33778 0.53745 -1.28475
v -0.33778 0.53745 -1.28475
v 0.52074 0.53745 -1.28475
v -0.52074 0.53745 -1.28475
v 0.52074 0.53745 -1.22747
v -0.52074 0.53745 -1.22747
v 0.33778 0.53745 -1.22747
v -0.33778 0.53745 -1.22747
v -0.52074 0.26351 -1.28475
v 0.52074 0.26351 -1.28475
v -0.52074 0.78236 -1.28475
v 0.52074 0.78236 -1.28475
v -0.52074 0.26351 0.19271
v 0.52074 0.26351 0.19271
v -0.52074 0.78236 0.19271
v 0.52074 0.78236 0.19271
v -0.52074 0.26351 -0.58295
v 0.52074 0.26351 -0.58295
v -0.52074 0.78236 -0.58296
v 0.52074 0.78236 -0.58295
v -0.52074 0.26351 -1.22747
v 0.52074 0.26351 -1.2276
v -0.52074 0.78236 -1.2276
v 0.52074 0.78236 -1.2276
v -0.52074 0.51778 -0.73445
v 0.52074 0.51778 -0.73445
v -0.52074 0.78236 -0.73445
v 0.52074 0.78236 -0.73445
v -0.52074 0.51778 -1.07226
v 0.52074 0.51778 -1.07226
v -0.52074 0.78236 -1.07226
v 0.52074 0.78236 -1.07226
v -0.52074 0.51778 0.34797
v 0.52074 0.51778 0.34797
v -0.52074 0.78236 0.34797
v 0.52074 0.78236 0.34797
v 0.44854 0.11326 -1.2276
v -0.44854 0.11326 -1.2276
v 0.52074 0.11326 -0.58295
v -0.52074 0.11326 -0.58295
v 0.52074 0.11326 0.19271
v -0.52074 0.11326 0.19271
v 0.44854 0.11326 -1.28475
v -0.44854 0.11326 -1.28475
v 0.3455 0.37039 1.24964
v -0.3455 0.37039 1.24964
v 0.46328 0.37039 1.24964
v -0.46328 0.37039 1.24964
v 0.46328 0.37039 1.27254
v -0.46328 0.37039 1.27254
v 0.3455 0.37039 1.27254
v -0.3455 0.37039 1.27254
v 0.3455 0.53845 1.24964
v -0.3455 0.53845 1.24964
v 0.46328 0.53845 1.24964
v -0.46328 0.53845 1.24964
v 0.46328 0.53845 1.27254
v -0.46328 0.53845 1.27254
v 0.3455 0.53845 1.27254
v -0.3455 0.53845 1.27254
v -0.11823 0.28934 -1.24165
v 0.11823 0.28934 -1.24165
v 0.11823 0.28934 0.85976
v -0.11823 0.28934 0.85976
v -0.11823 0.52579 -1.24165
v 0.11823 0.52579 -1.24165
v 0.11823 0.52579 0.74221
v -0.11823 0.52579 0.7422
v -0.46263 0.283 0.85577
v 0.46263 0.283 0.85577
v 0.46263 0.283 1.23222
v -0.46263 0.283 1.23222
v -0.46263 0.32171 0.85577
v 0.46264 0.32171 0.85577
v 0.46263 0.38464 1.23222
v -0.46263 0.38464 1.23222
v -0.45982 0.54674 1.07163
v 0.45989 0.54674 1.07163
v 0.49348 0.54674 1.23099
v -0.49341 0.54674 1.23099
v -0.45982 0.76045 1.07163
v 0.45989 0.76045 1.07163
v 0.49348 0.83561 1.23099
v -0.49341 0.83561 1.23099
v 0.10439 0.75085 0.41991
v -0.10439 0.75085 0.41991
v 0.49074 0.75085 0.41991
v -0.49074 0.75085 0.41991
v 0.49074 0.78128 0.52675
v -0.49074 0.78128 0.52675
v 0.10439 0.78128 0.52675
v -0.10439 0.78128 0.52675
v 0.12259 0.9452 0.38818
v -0.12259 0.9452 0.38818
v 0.47255 0.9452 0.38818
v -0.47255 0.9452 0.38818
v 0.47255 0.95335 0.42644
v -0.47255 0.95335 0.42644
v 0.12259 0.95335 0.42644
v -0.12259 0.95335 0.42644
v 0.13367 0.75753 0.52193
v -0.13367 0.75753 0.52193
v 0.46146 0.75753 0.52193
v -0.46146 0.75753 0.52193
v 0.46146 0.73794 0.4477
v -0.46146 0.73794 0.4477
v 0.13367 0.73794 0.4477
v -0.13367 0.73794 0.4477
v 0.18859 0.75085 0.3978
v -0.18859 0.75085 0.3978
v 0.40655 0.75085 0.3978
v -0.40655 0.75085 0.3978
v 0.40655 0.78128 0.49377
v -0.40655 0.78128 0.49377
v 0.18859 0.78128 0.49377
v -0.18859 0.78128 0.49377
v 0.18859 0.95752 0.36607
v -0.18859 0.95752 0.36607
v 0.40655 0.95752 0.36607
v -0.40655 0.95752 0.36607
v 0.40655 0.96567 0.39346
v -0.40655 0.96567 0.39346
v 0.18859 0.96567 0.39346
v -0.18859 0.96567 0.39346
v 0.18859 0.75753 0.48895
v -0.18859 0.75753 0.48895
v 0.40655 0.75753 0.48895
v -0.40655 0.75753 0.48895
v 0.40655 0.72558 0.4477
v -0.40655 0.72558 0.4477
v 0.18859 0.72558 0.4477
v -0.18859 0.72558 0.4477
v 0.112 0.66877 0.43018
v -0.112 0.66877 0.43018
v 0.48314 0.66877 0.43018
v -0.48314 0.66877 0.43018
v 0.48314 0.67337 0.70486
v -0.48314 0.67337 0.70486
v 0.112 0.67337 0.70486
v -0.112 0.67337 0.70486
v 0.112 0.744 0.44987
v -0.112 0.744 0.44987
v 0.48314 0.744 0.44987
v -0.48314 0.744 0.44987
v 0.48314 0.7225 0.70788
v -0.48314 0.7225 0.70788
v 0.112 0.7225 0.70788
v -0.112 0.7225 0.70788
v 0.48314 0.72708 0.40775
v -0.48314 0.72708 0.40775
v 0.112 0.72708 0.40775
v -0.112 0.72708 0.40775
v 0.48314 0.70211 0.71846
v -0.48314 0.70211 0.71846
v 0.112 0.70211 0.71846
v -0.112 0.70211 0.71846
v 0.17249 0.66877 0.42328
v -0.17249 0.66877 0.42328
v 0.42265 0.66877 0.42328
v -0.42265 0.66877 0.42328
v 0.42265 0.67337 0.72485
v -0.42265 0.67337 0.72485
v 0.17249 0.67337 0.72485
v -0.17249 0.67337 0.72485
v 0.17249 0.73495 0.44297
v -0.17249 0.73495 0.44297
v 0.42265 0.73495 0.44297
v -0.42265 0.73495 0.44297
v 0.42265 0.71345 0.72787
v -0.42265 0.71345 0.72787
v 0.17249 0.71345 0.72787
v -0.17249 0.71345 0.72787
v 0.42265 0.71803 0.40085
v -0.42265 0.71803 0.40085
v 0.17249 0.71803 0.40085
v -0.17249 0.71803 0.40085
v 0.42265 0.69306 0.73845
v -0.42265 0.69306 0.73845
v 0.17249 0.69306 0.73845
v -0.17249 0.69306 0.73845
v 0.15459 0.55238 0.41836
v -0.15459 0.55238 0.41836
v 0.44055 0.55238 0.41836
v -0.44055 0.55238 0.41836
v 0.44055 0.55238 0.70749
v -0.44055 0.55238 0.70749
v 0.15459 0.55238 0.70749
v -0.15459 0.55238 0.70749
v 0.15459 0.67916 0.41836
v -0.15459 0.67916 0.41836
v 0.44055 0.67916 0.41836
v -0.44055 0.67916 0.41836
v 0.44055 0.67916 0.70749
v -0.44055 0.67916 0.70749
v 0.15459 0.67916 0.70749
v -0.15459 0.67916 0.70749
v 0.44055 0.58855 0.41836
v -0.44055 0.58855 0.41836
v 0.44055 0.66008 0.41836
v -0.44055 0.66008 0.41836
v 0.15459 0.58855 0.41836
v -0.15459 0.58855 0.41836
v 0.15459 0.66008 0.41836
v -0.15459 0.66008 0.41836
v 0.44055 0.58855 0.70749
v -0.44055 0.58855 0.70749
v 0.44055 0.66008 0.70749
v -0.44055 0.66008 0.70749
v 0.15459 0.58855 0.70749
v -0.15459 0.58855 0.70749
v 0.15459 0.66008 0.70749
v -0.15459 0.66008 0.70749
v 0.45558 0.59498 0.40316
v -0.45558 0.59498 0.40316
v 0.45558 0.65365 0.40316
v -0.45558 0.65365 0.40316
v 0.13955 0.59498 0.40316
v -0.13955 0.59498 0.40316
v 0.13955 0.65365 0.40316
v -0.13955 0.65365 0.40316
v 0.45558 0.65365 0.72269
v -0.45558 0.65365 0.72269
v 0.45558 0.59498 0.72269
v -0.45558 0.59498 0.72269
v 0.13955 0.65365 0.72269
v -0.13955 0.65365 0.72269
v 0.13955 0.59498 0.72269
v -0.13955 0.59498 0.72269
v -0.07929 0.39191 -1.38845
v 0.07929 0.39191 -1.38845
v 0.15733 0.39191 -1.29897
v -0.15733 0.39191 -1.29897
v -0.07929 0.40329 -1.38845
v 0.07929 0.40329 -1.38845
v 0.15733 0.40329 -1.29897
v -0.15733 0.40329 -1.29897
v -0.15733 0.3366 -1.29897
v 0.15733 0.3366 -1.29897
v 0.07929 0.3366 -1.38845
v -0.07929 0.3366 -1.38845
v -0.15733 0.32522 -1.29897
v 0.15733 0.32522 -1.29897
v 0.07929 0.32522 -1.38845
v -0.07929 0.32522 -1.38845
v -0.07929 0.25854 -1.38845
v 0.07929 0.25854 -1.38845
v 0.15733 0.25854 -1.29897
v -0.15733 0.25854 -1.29897
v -0.07929 0.26991 -1.38845
v 0.07929 0.26991 -1.38845
v 0.15733 0.26991 -1.29897
v -0.15733 0.26991 -1.29897
v -0.15733 0.20322 -1.29897
v 0.15733 0.20322 -1.29897
v 0.07929 0.20322 -1.38845
v -0.07929 0.20322 -1.38845
v -0.15733 0.19185 -1.29897
v 0.15733 0.19185 -1.29897
v 0.07929 0.19185 -1.38845
v -0.07929 0.19185 -1.38845
v -0.16525 0.17934 -1.30644
v 0.16525 0.17934 -1.30644
v 0.16525 0.17934 -1.25603
v -0.16525 0.17934 -1.25603
v -0.16525 0.41579 -1.30644
v 0.16525 0.41579 -1.30644
v 0.16525 0.41579 -1.25603
v -0.16525 0.41579 -1.25603
v 0.26496 0.3363 1.1234
v 0.33018 0.3363 1.1234
v 0.33018 0.3363 1.23098
v 0.26496 0.3363 1.23098
v 0.26496 0.55254 1.10086
v 0.33018 0.55254 1.10086
v 0.33018 0.55254 1.23098
v 0.26496 0.55254 1.23098
v -0.51926 0.78484 0.34537
v -0.51926 0.78484 0.32305
v 0.51926 0.78484 0.32305
v 0.51926 0.78484 0.34537
v -0.51926 0.9783 0.34537
v -0.51926 0.9783 0.32305
v 0.51926 0.9783 0.32305
v 0.51926 0.9783 0.34537
v 0.24599 0.63397 1.0636
v 0.34915 0.63397 1.0636
v 0.34915 0.63397 1.16675
v 0.24599 0.63397 1.16675
v 0.24599 0.74718 1.04716
v 0.34915 0.74718 1.04716
v 0.34915 0.79229 1.15032
v 0.24599 0.79229 1.15032
v 0.27876 0.85527 1.09574
v 0.31638 0.85527 1.09574
v 0.31638 0.83882 1.05813
v 0.27876 0.83882 1.05813
usemtl mat0
vt 0.883440 0.430260
vt 0.922185 0.419075
vt 0.928681 0.422323
vt 0.885818 0.434697
f 39/1 59/2 22/3 2/4
vt 0.860550 0.263163
vt 0.860550 0.218672
vt 0.787250 0.218672
vt 0.787250 0.263163
f 21/5 1/6 2/7 22/8
vt 0.885818 0.434697
vt 0.928681 0.422323
vt 0.922185 0.419075
vt 0.883440 0.430260
f 1/9 21/10 58/11 38/12
vt 0.836325 0.434697
vt 0.885818 0.434697
vt 0.883440 0.430260
vt 0.838703 0.430260
f 3/13 1/14 38/15 40/16
vt 0.860550 0.263163
vt 0.860550 0.218672
vt 0.787250 0.218672
vt 0.787250 0.263163
f 1/17 3/18 4/19 2/20
vt 0.885818 0.434697
vt 0.836325 0.434697
vt 0.838703 0.430260
vt 0.883440 0.430260
f 2/21 4/22 41/23 39/24
vt 0.838703 0.430260
vt 0.799959 0.419075
vt 0.793462 0.422323
vt 0.836325 0.434697
f 40/25 42/26 5/27 3/28
vt 0.860550 0.263163
vt 0.860550 0.218672
vt 0.787250 0.218672
vt 0.787250 0.263163
f 3/29 5/30 6/31 4/32
vt 0.836325 0.434697
vt 0.793462 0.422323
vt 0.799959 0.419075
vt 0.838703 0.430260
f 4/33 6/34 43/35 41/36
vt 0.799959 0.419075
vt 0.777590 0.399703
vt 0.768716 0.400892
vt 0.793462 0.422323
f 42/37 44/38 7/39 5/40
vt 0.860550 0.263163
vt 0.860550 0.218672
vt 0.787250 0.218672
vt 0.787250 0.263163
f 5/41 7/42 8/43 6/44
vt 0.793462 0.422323
vt 0.768716 0.400892
vt 0.777590 0.399703
vt 0.799959 0.419075
f 6/45 8/46 45/47 43/48
vt 0.777590 0.399703
vt 0.777590 0.377334
vt 0.768716 0.376145
vt 0.768716 0.400892
f 44/49 46/50 9/51 7/52
vt 0.860550 0.263163
vt 0.860550 0.218672
vt 0.787250 0.218672
vt 0.787250 0.263163
f 7/53 9/54 10/55 8/56
vt 0.768716 0.400892
vt 0.768716 0.376145
vt 0.777590 0.377334
vt 0.777590 0.399703
f 8/57 10/58 47/59 45/60
vt 0.777590 0.377334
vt 0.799959 0.357962
vt 0.793462 0.354714
vt 0.768716 0.376145
f 46/61 48/62 11/63 9/64
vt 0.860550 0.263163
vt 0.860550 0.218672
vt 0.787250 0.218672
vt 0.787250 0.263163
f 9/65 11/66 12/67 10/68
vt 0.768716 0.376145
vt 0.793462 0.354714
vt 0.799959 0.357962
vt 0.777590 0.377334
f 10/69 12/70 49/71 47/72
vt 0.799959 0.357962
vt 0.838703 0.346778
vt 0.836325 0.342341
vt 0.793462 0.354714
f 48/73 50/74 13/75 11/76
vt 0.860550 0.263163
vt 0.860550 0.218672
vt 0.787250 0.218672
vt 0.787250 0.263163
f 11/77 13/78 14/79 12/80
vt 0.793462 0.354714
vt 0.836325 0.342341
vt 0.838703 0.346778
vt 0.799959 0.357962
f 12/81 14/82 51/83 49/84
vt 0.838703 0.346778
vt 0.883441 0.346778
vt 0.885819 0.342341
vt 0.836325 0.342341
f 50/85 52/86 15/87 13/88
vt 0.860550 0.263163
vt 0.860550 0.218672
vt 0.787250 0.218672
vt 0.787250 0.263163
f 13/89 15/90 16/91 14/92
vt 0.836325 0.342341
vt 0.885819 0.342341
vt 0.883441 0.346778
vt 0.838703 0.346778
f 14/93 16/94 53/95 51/96
vt 0.883441 0.346778
vt 0.922185 0.357962
vt 0.928681 0.354714
vt 0.885819 0.342341
f 52/97 54/98 17/99 15/100
vt 0.860550 0.263163
vt 0.860550 0.218672
vt 0.787250 0.218672
vt 0.787250 0.263163
f 15/101 17/102 18/103 16/104
vt 0.885819 0.342341
vt 0.928681 0.354714
vt 0.922185 0.357962
vt 0.883441 0.346778
f 16/105 18/106 55/107 53/108
vt 0.922185 0.357962
vt 0.944554 0.377334
vt 0.953428 0.376145
vt 0.928681 0.354714
f 54/109 56/110 19/111 17/112
vt 0.860550 0.263163
vt 0.860550 0.218672
vt 0.787250 0.218672
vt 0.787250 0.263163
f 17/113 19/114 20/115 18/116
vt 0.928681 0.354714
vt 0.953428 0.376145
vt 0.944554 0.377334
vt 0.922185 0.357962
f 18/117 20/118 57/119 55/120
vt 0.944554 0.377334
vt 0.944554 0.399703
vt 0.953428 0.400892
vt 0.953428 0.376145
f 56/121 60/122 23/123 19/124
vt 0.860550 0.263163
vt 0.860550 0.218672
vt 0.787250 0.218672
vt 0.787250 0.263163
f 19/125 23/126 24/127 20/128
vt 0.953428 0.376145
vt 0.953428 0.400892
vt 0.944554 0.399703
vt 0.944554 0.377334
f 20/129 24/130 61/131 57/132
vt 0.944554 0.399703
vt 0.922185 0.419075
vt 0.928681 0.422323
vt 0.953428 0.400892
f 60/133 58/134 21/135 23/136
vt 0.860550 0.263163
vt 0.860550 0.218672
vt 0.787250 0.218672
vt 0.787250 0.263163
f 23/137 21/138 22/139 24/140
vt 0.953428 0.400892
vt 0.928681 0.422323
vt 0.922185 0.419075
vt 0.944554 0.399703
f 24/141 22/142 59/143 61/144
vt 0.874068 0.412769
vt 0.896577 0.406271
vt 0.861072 0.388519
f 36/145 25/146 37/147
vt 0.848076 0.412769
vt 0.874068 0.412769
vt 0.861072 0.388519
f 35/148 36/149 37/150
vt 0.825566 0.406271
vt 0.848076 0.412769
vt 0.861072 0.388519
f 34/151 35/152 37/153
vt 0.812571 0.395017
vt 0.825566 0.406271
vt 0.861072 0.388519
f 33/154 34/155 37/156
vt 0.812571 0.382021
vt 0.812571 0.395017
vt 0.861072 0.388519
f 32/157 33/158 37/159
vt 0.825566 0.370766
vt 0.812571 0.382021
vt 0.861072 0.388519
f 31/160 32/161 37/162
vt 0.848076 0.364268
vt 0.825566 0.370766
vt 0.861072 0.388519
f 30/163 31/164 37/165
vt 0.874068 0.364268
vt 0.848076 0.364268
vt 0.861072 0.388519
f 29/166 30/167 37/168
vt 0.896577 0.370766
vt 0.874068 0.364268
vt 0.861072 0.388519
f 28/169 29/170 37/171
vt 0.909573 0.382021
vt 0.896577 0.370766
vt 0.861072 0.388519
f 27/172 28/173 37/174
vt 0.909573 0.395017
vt 0.909573 0.382021
vt 0.861072 0.388519
f 26/175 27/176 37/177
vt 0.896577 0.406271
vt 0.909573 0.395017
vt 0.861072 0.388519
f 25/178 26/179 37/180
vt 0.896577 0.406271
vt 0.907713 0.411839
vt 0.924784 0.397054
vt 0.909573 0.395017
f 25/181 74/182 73/183 26/184
vt 0.909573 0.395017
vt 0.924784 0.397054
vt 0.924784 0.379983
vt 0.909573 0.382021
f 26/185 73/186 72/187 27/188
vt 0.909573 0.382021
vt 0.924784 0.379983
vt 0.907713 0.365198
vt 0.896577 0.370766
f 27/189 72/190 71/191 28/192
vt 0.896577 0.370766
vt 0.907713 0.365198
vt 0.878144 0.356663
vt 0.874068 0.364268
f 28/193 71/194 70/195 29/196
vt 0.874068 0.364268
vt 0.878144 0.356663
vt 0.844000 0.356663
vt 0.848076 0.364268
f 29/197 70/198 69/199 30/200
vt 0.848076 0.364268
vt 0.844000 0.356663
vt 0.814431 0.365198
vt 0.825566 0.370766
f 30/201 69/202 68/203 31/204
vt 0.825566 0.370766
vt 0.814431 0.365198
vt 0.797360 0.379983
vt 0.812571 0.382021
f 31/205 68/206 67/207 32/208
vt 0.812571 0.382021
vt 0.797360 0.379983
vt 0.797359 0.397054
vt 0.812571 0.395017
f 32/209 67/210 66/211 33/212
vt 0.812571 0.395017
vt 0.797359 0.397054
vt 0.814431 0.411839
vt 0.825566 0.406271
f 33/213 66/214 65/215 34/216
vt 0.825566 0.406271
vt 0.814431 0.411839
vt 0.844000 0.420375
vt 0.848076 0.412769
f 34/217 65/218 64/219 35/220
vt 0.848076 0.412769
vt 0.844000 0.420375
vt 0.878143 0.420375
vt 0.874068 0.412769
f 35/221 64/222 63/223 36/224
vt 0.874068 0.412769
vt 0.878143 0.420375
vt 0.907713 0.411839
vt 0.896577 0.406271
f 36/225 63/226 74/227 25/228
vt 0.874120 0.412867
vt 0.896720 0.406343
vt 0.922185 0.419075
vt 0.883440 0.430260
f 75/229 86/230 59/231 39/232
vt 0.883440 0.430260
vt 0.922185 0.419075
vt 0.907713 0.411839
vt 0.878143 0.420375
f 38/233 58/234 74/235 63/236
vt 0.878143 0.420375
vt 0.844000 0.420375
vt 0.838703 0.430260
vt 0.883440 0.430260
f 63/237 64/238 40/239 38/240
vt 0.883440 0.430260
vt 0.838703 0.430260
vt 0.848024 0.412867
vt 0.874120 0.412867
f 39/241 41/242 76/243 75/244
vt 0.844000 0.420375
vt 0.814431 0.411839
vt 0.799959 0.419075
vt 0.838703 0.430260
f 64/245 65/246 42/247 40/248
vt 0.838703 0.430260
vt 0.799959 0.419075
vt 0.825424 0.406343
vt 0.848024 0.412867
f 41/249 43/250 77/251 76/252
vt 0.814431 0.411839
vt 0.797359 0.397054
vt 0.777590 0.399703
vt 0.799959 0.419075
f 65/253 66/254 44/255 42/256
vt 0.799959 0.419075
vt 0.777590 0.399703
vt 0.812376 0.395043
vt 0.825424 0.406343
f 43/257 45/258 78/259 77/260
vt 0.797359 0.397054
vt 0.797360 0.379983
vt 0.777590 0.377334
vt 0.777590 0.399703
f 66/261 67/262 46/263 44/264
vt 0.777590 0.399703
vt 0.777590 0.377334
vt 0.812376 0.381995
vt 0.812376 0.395043
f 45/265 47/266 79/267 78/268
vt 0.797360 0.379983
vt 0.814431 0.365198
vt 0.799959 0.357962
vt 0.777590 0.377334
f 67/269 68/270 48/271 46/272
vt 0.777590 0.377334
vt 0.799959 0.357962
vt 0.825424 0.370695
vt 0.812376 0.381995
f 47/273 49/274 80/275 79/276
vt 0.814431 0.365198
vt 0.844000 0.356663
vt 0.838703 0.346778
vt 0.799959 0.357962
f 68/277 69/278 50/279 48/280
vt 0.799959 0.357962
vt 0.838703 0.346778
vt 0.848024 0.364171
vt 0.825424 0.370695
f 49/281 51/282 81/283 80/284
vt 0.844000 0.356663
vt 0.878144 0.356663
vt 0.883441 0.346778
vt 0.838703 0.346778
f 69/285 70/286 52/287 50/288
vt 0.838703 0.346778
vt 0.883441 0.346778
vt 0.874120 0.364171
vt 0.848024 0.364171
f 51/289 53/290 82/291 81/292
vt 0.878144 0.356663
vt 0.907713 0.365198
vt 0.922185 0.357962
vt 0.883441 0.346778
f 70/293 71/294 54/295 52/296
vt 0.883441 0.346778
vt 0.922185 0.357962
vt 0.896720 0.370695
vt 0.874120 0.364171
f 53/297 55/298 83/299 82/300
vt 0.907713 0.365198
vt 0.924784 0.379983
vt 0.944554 0.377334
vt 0.922185 0.357962
f 71/301 72/302 56/303 54/304
vt 0.922185 0.357962
vt 0.944554 0.377334
vt 0.909768 0.381995
vt 0.896720 0.370695
f 55/305 57/306 84/307 83/308
vt 0.924784 0.379983
vt 0.924784 0.397054
vt 0.944554 0.399703
vt 0.944554 0.377334
f 72/309 73/310 60/311 56/312
vt 0.944554 0.377334
vt 0.944554 0.399703
vt 0.909768 0.395043
vt 0.909768 0.381995
f 57/313 61/314 85/315 84/316
vt 0.924784 0.397054
vt 0.907713 0.411839
vt 0.922185 0.419075
vt 0.944554 0.399703
f 73/317 74/318 58/319 60/320
vt 0.944554 0.399703
vt 0.922185 0.419075
vt 0.896720 0.406343
vt 0.909768 0.395043
f 61/321 59/322 86/323 85/324
vt 0.861072 0.388519
vt 0.896720 0.406343
vt 0.874120 0.412867
f 62/325 86/326 75/327
vt 0.874120 0.412867
vt 0.848024 0.412867
vt 0.861072 0.388519
f 75/328 76/329 62/330
vt 0.848024 0.412867
vt 0.825424 0.406343
vt 0.861072 0.388519
f 76/331 77/332 62/333
vt 0.825424 0.406343
vt 0.812376 0.395043
vt 0.861072 0.388519
f 77/334 78/335 62/336
vt 0.812376 0.395043
vt 0.812376 0.381995
vt 0.861072 0.388519
f 78/337 79/338 62/339
vt 0.812376 0.381995
vt 0.825424 0.370695
vt 0.861072 0.388519
f 79/340 80/341 62/342
vt 0.825424 0.370695
vt 0.848024 0.364171
vt 0.861072 0.388519
f 80/343 81/344 62/345
vt 0.848024 0.364171
vt 0.874120 0.364171
vt 0.861072 0.388519
f 81/346 82/347 62/348
vt 0.874120 0.364171
vt 0.896720 0.370695
vt 0.861072 0.388519
f 82/349 83/350 62/351
vt 0.896720 0.370695
vt 0.909768 0.381995
vt 0.861072 0.388519
f 83/352 84/353 62/354
vt 0.909768 0.381995
vt 0.909768 0.395043
vt 0.861072 0.388519
f 84/355 85/356 62/357
vt 0.909768 0.395043
vt 0.896720 0.406343
vt 0.861072 0.388519
f 85/358 86/359 62/360
vt 0.928681 0.422323
vt 0.922185 0.419075
vt 0.883440 0.430260
vt 0.885818 0.434697
f 108/361 145/362 125/363 88/364
vt 0.787250 0.218672
vt 0.860550 0.218672
vt 0.860550 0.263163
vt 0.787250 0.263163
f 88/365 87/366 107/367 108/368
vt 0.885818 0.434697
vt 0.883440 0.430260
vt 0.922185 0.419075
vt 0.928681 0.422323
f 87/369 124/370 144/371 107/372
vt 0.883440 0.430260
vt 0.885818 0.434697
vt 0.836325 0.434697
vt 0.838703 0.430260
f 124/373 87/374 89/375 126/376
vt 0.860550 0.263163
vt 0.787250 0.263163
vt 0.787250 0.218672
vt 0.860550 0.218672
f 87/377 88/378 90/379 89/380
vt 0.838703 0.430260
vt 0.836325 0.434697
vt 0.885818 0.434697
vt 0.883440 0.430260
f 127/381 90/382 88/383 125/384
vt 0.793462 0.422323
vt 0.799959 0.419075
vt 0.838703 0.430260
vt 0.836325 0.434697
f 91/385 128/386 126/387 89/388
vt 0.787250 0.218672
vt 0.860550 0.218672
vt 0.860550 0.263163
vt 0.787250 0.263163
f 92/389 91/390 89/391 90/392
vt 0.799959 0.419075
vt 0.793462 0.422323
vt 0.836325 0.434697
vt 0.838703 0.430260
f 129/393 92/394 90/395 127/396
vt 0.768716 0.400892
vt 0.777590 0.399703
vt 0.799959 0.419075
vt 0.793462 0.422323
f 93/397 130/398 128/399 91/400
vt 0.787250 0.218672
vt 0.860550 0.218672
vt 0.860550 0.263163
vt 0.787250 0.263163
f 94/401 93/402 91/403 92/404
vt 0.777590 0.399703
vt 0.768716 0.400892
vt 0.793462 0.422323
vt 0.799959 0.419075
f 131/405 94/406 92/407 129/408
vt 0.768716 0.376145
vt 0.777590 0.377334
vt 0.777590 0.399703
vt 0.768716 0.400892
f 95/409 132/410 130/411 93/412
vt 0.787250 0.218672
vt 0.860550 0.218672
vt 0.860550 0.263163
vt 0.787250 0.263163
f 96/413 95/414 93/415 94/416
vt 0.777590 0.377334
vt 0.768716 0.376145
vt 0.768716 0.400892
vt 0.777590 0.399703
f 133/417 96/418 94/419 131/420
vt 0.793462 0.354714
vt 0.799959 0.357962
vt 0.777590 0.377334
vt 0.768716 0.376145
f 97/421 134/422 132/423 95/424
vt 0.787250 0.218672
vt 0.860550 0.218672
vt 0.860550 0.263163
vt 0.787250 0.263163
f 98/425 97/426 95/427 96/428
vt 0.799959 0.357962
vt 0.793462 0.354714
vt 0.768716 0.376145
vt 0.777590 0.377334
f 135/429 98/430 96/431 133/432
vt 0.836325 0.342341
vt 0.838703 0.346778
vt 0.799959 0.357962
vt 0.793462 0.354714
f 99/433 136/434 134/435 97/436
vt 0.787250 0.218672
vt 0.860550 0.218672
vt 0.860550 0.263163
vt 0.787250 0.263163
f 100/437 99/438 97/439 98/440
vt 0.838703 0.346778
vt 0.836325 0.342341
vt 0.793462 0.354714
vt 0.799959 0.357962
f 137/441 100/442 98/443 135/444
vt 0.885819 0.342341
vt 0.883441 0.346778
vt 0.838703 0.346778
vt 0.836325 0.342341
f 101/445 138/446 136/447 99/448
vt 0.787250 0.218672
vt 0.860550 0.218672
vt 0.860550 0.263163
vt 0.787250 0.263163
f 102/449 101/450 99/451 100/452
vt 0.883441 0.346778
vt 0.885819 0.342341
vt 0.836325 0.342341
vt 0.838703 0.346778
f 139/453 102/454 100/455 137/456
vt 0.928681 0.354714
vt 0.922185 0.357962
vt 0.883441 0.346778
vt 0.885819 0.342341
f 103/457 140/458 138/459 101/460
vt 0.787250 0.218672
vt 0.860550 0.218672
vt 0.860550 0.263163
vt 0.787250 0.263163
f 104/461 103/462 101/463 102/464
vt 0.922185 0.357962
vt 0.928681 0.354714
vt 0.885819 0.342341
vt 0.883441 0.346778
f 141/465 104/466 102/467 139/468
vt 0.953428 0.376145
vt 0.944554 0.377334
vt 0.922185 0.357962
vt 0.928681 0.354714
f 105/469 142/470 140/471 103/472
vt 0.787250 0.218672
vt 0.860550 0.218672
vt 0.860550 0.263163
vt 0.787250 0.263163
f 106/473 105/474 103/475 104/476
vt 0.944554 0.377334
vt 0.953428 0.376145
vt 0.928681 0.354714
vt 0.922185 0.357962
f 143/477 106/478 104/479 141/480
vt 0.953428 0.400892
vt 0.944554 0.399703
vt 0.944554 0.377334
vt 0.953428 0.376145
f 109/481 146/482 142/483 105/484
vt 0.787250 0.218672
vt 0.860550 0.218672
vt 0.860550 0.263163
vt 0.787250 0.263163
f 110/485 109/486 105/487 106/488
vt 0.944554 0.399703
vt 0.953428 0.400892
vt 0.953428 0.376145
vt 0.944554 0.377334
f 147/489 110/490 106/491 143/492
vt 0.928681 0.422323
vt 0.922185 0.419075
vt 0.944554 0.399703
vt 0.953428 0.400892
f 107/493 144/494 146/495 109/496
vt 0.787250 0.218672
vt 0.860550 0.218672
vt 0.860550 0.263163
vt 0.787250 0.263163
f 108/497 107/498 109/499 110/500
vt 0.922185 0.419075
vt 0.928681 0.422323
vt 0.953428 0.400892
vt 0.944554 0.399703
f 145/501 108/502 110/503 147/504
vt 0.861072 0.388519
vt 0.896577 0.406271
vt 0.874068 0.412769
f 123/505 111/506 122/507
vt 0.861072 0.388519
vt 0.874068 0.412769
vt 0.848076 0.412769
f 123/508 122/509 121/510
vt 0.861072 0.388519
vt 0.848076 0.412769
vt 0.825566 0.406271
f 123/511 121/512 120/513
vt 0.861072 0.388519
vt 0.825566 0.406271
vt 0.812571 0.395017
f 123/514 120/515 119/516
vt 0.861072 0.388519
vt 0.812571 0.395017
vt 0.812571 0.382021
f 123/517 119/518 118/519
vt 0.861072 0.388519
vt 0.812571 0.382021
vt 0.825566 0.370766
f 123/520 118/521 117/522
vt 0.861072 0.388519
vt 0.825566 0.370766
vt 0.848076 0.364268
f 123/523 117/524 116/525
vt 0.861072 0.388519
vt 0.848076 0.364268
vt 0.874068 0.364268
f 123/526 116/527 115/528
vt 0.861072 0.388519
vt 0.874068 0.364268
vt 0.896577 0.370766
f 123/529 115/530 114/531
vt 0.861072 0.388519
vt 0.896577 0.370766
vt 0.909573 0.382021
f 123/532 114/533 113/534
vt 0.861072 0.388519
vt 0.909573 0.382021
vt 0.909573 0.395017
f 123/535 113/536 112/537
vt 0.861072 0.388519
vt 0.909573 0.395017
vt 0.896577 0.406271
f 123/538 112/539 111/540
vt 0.924784 0.397054
vt 0.907713 0.411839
vt 0.896577 0.406271
vt 0.909573 0.395017
f 159/541 160/542 111/543 112/544
vt 0.924784 0.379983
vt 0.924784 0.397054
vt 0.909573 0.395017
vt 0.909573 0.382021
f 158/545 159/546 112/547 113/548
vt 0.907713 0.365198
vt 0.924784 0.379983
vt 0.909573 0.382021
vt 0.896577 0.370766
f 157/549 158/550 113/551 114/552
vt 0.878144 0.356663
vt 0.907713 0.365198
vt 0.896577 0.370766
vt 0.874068 0.364268
f 156/553 157/554 114/555 115/556
vt 0.844000 0.356663
vt 0.878144 0.356663
vt 0.874068 0.364268
vt 0.848076 0.364268
f 155/557 156/558 115/559 116/560
vt 0.814431 0.365198
vt 0.844000 0.356663
vt 0.848076 0.364268
vt 0.825566 0.370766
f 154/561 155/562 116/563 117/564
vt 0.797360 0.379983
vt 0.814431 0.365198
vt 0.825566 0.370766
vt 0.812571 0.382021
f 153/565 154/566 117/567 118/568
vt 0.797359 0.397054
vt 0.797360 0.379983
vt 0.812571 0.382021
vt 0.812571 0.395017
f 152/569 153/570 118/571 119/572
vt 0.814431 0.411839
vt 0.797359 0.397054
vt 0.812571 0.395017
vt 0.825566 0.406271
f 151/573 152/574 119/575 120/576
vt 0.844000 0.420375
vt 0.814431 0.411839
vt 0.825566 0.406271
vt 0.848076 0.412769
f 150/577 151/578 120/579 121/580
vt 0.878143 0.420375
vt 0.844000 0.420375
vt 0.848076 0.412769
vt 0.874068 0.412769
f 149/581 150/582 121/583 122/584
vt 0.907713 0.411839
vt 0.878143 0.420375
vt 0.874068 0.412769
vt 0.896577 0.406271
f 160/585 149/586 122/587 111/588
vt 0.922185 0.419075
vt 0.896720 0.406343
vt 0.874120 0.412867
vt 0.883440 0.430260
f 145/589 172/590 161/591 125/592
vt 0.907713 0.411839
vt 0.922185 0.419075
vt 0.883440 0.430260
vt 0.878143 0.420375
f 160/593 144/594 124/595 149/596
vt 0.838703 0.430260
vt 0.844000 0.420375
vt 0.878143 0.420375
vt 0.883440 0.430260
f 126/597 150/598 149/599 124/600
vt 0.848024 0.412867
vt 0.838703 0.430260
vt 0.883440 0.430260
vt 0.874120 0.412867
f 162/601 127/602 125/603 161/604
vt 0.799959 0.419075
vt 0.814431 0.411839
vt 0.844000 0.420375
vt 0.838703 0.430260
f 128/605 151/606 150/607 126/608
vt 0.825424 0.406343
vt 0.799959 0.419075
vt 0.838703 0.430260
vt 0.848024 0.412867
f 163/609 129/610 127/611 162/612
vt 0.777590 0.399703
vt 0.797359 0.397054
vt 0.814431 0.411839
vt 0.799959 0.419075
f 130/613 152/614 151/615 128/616
vt 0.812376 0.395043
vt 0.777590 0.399703
vt 0.799959 0.419075
vt 0.825424 0.406343
f 164/617 131/618 129/619 163/620
vt 0.777590 0.377334
vt 0.797360 0.379983
vt 0.797359 0.397054
vt 0.777590 0.399703
f 132/621 153/622 152/623 130/624
vt 0.812376 0.381995
vt 0.777590 0.377334
vt 0.777590 0.399703
vt 0.812376 0.395043
f 165/625 133/626 131/627 164/628
vt 0.799959 0.357962
vt 0.814431 0.365198
vt 0.797360 0.379983
vt 0.777590 0.377334
f 134/629 154/630 153/631 132/632
vt 0.825424 0.370695
vt 0.799959 0.357962
vt 0.777590 0.377334
vt 0.812376 0.381995
f 166/633 135/634 133/635 165/636
vt 0.838703 0.346778
vt 0.844000 0.356663
vt 0.814431 0.365198
vt 0.799959 0.357962
f 136/637 155/638 154/639 134/640
vt 0.848024 0.364171
vt 0.838703 0.346778
vt 0.799959 0.357962
vt 0.825424 0.370695
f 167/641 137/642 135/643 166/644
vt 0.883441 0.346778
vt 0.878144 0.356663
vt 0.844000 0.356663
vt 0.838703 0.346778
f 138/645 156/646 155/647 136/648
vt 0.874120 0.364171
vt 0.883441 0.346778
vt 0.838703 0.346778
vt 0.848024 0.364171
f 168/649 139/650 137/651 167/652
vt 0.922185 0.357962
vt 0.907713 0.365198
vt 0.878144 0.356663
vt 0.883441 0.346778
f 140/653 157/654 156/655 138/656
vt 0.896720 0.370695
vt 0.922185 0.357962
vt 0.883441 0.346778
vt 0.874120 0.364171
f 169/657 141/658 139/659 168/660
vt 0.944554 0.377334
vt 0.924784 0.379983
vt 0.907713 0.365198
vt 0.922185 0.357962
f 142/661 158/662 157/663 140/664
vt 0.909768 0.381995
vt 0.944554 0.377334
vt 0.922185 0.357962
vt 0.896720 0.370695
f 170/665 143/666 141/667 169/668
vt 0.944554 0.399703
vt 0.924784 0.397054
vt 0.924784 0.379983
vt 0.944554 0.377334
f 146/669 159/670 158/671 142/672
vt 0.909768 0.395043
vt 0.944554 0.399703
vt 0.944554 0.377334
vt 0.909768 0.381995
f 171/673 147/674 143/675 170/676
vt 0.922185 0.419075
vt 0.907713 0.411839
vt 0.924784 0.397054
vt 0.944554 0.399703
f 144/677 160/678 159/679 146/680
vt 0.896720 0.406343
vt 0.922185 0.419075
vt 0.944554 0.399703
vt 0.909768 0.395043
f 172/681 145/682 147/683 171/684
vt 0.874120 0.412867
vt 0.896720 0.406343
vt 0.861072 0.388519
f 161/685 172/686 148/687
vt 0.861072 0.388519
vt 0.848024 0.412867
vt 0.874120 0.412867
f 148/688 162/689 161/690
vt 0.861072 0.388519
vt 0.825424 0.406343
vt 0.848024 0.412867
f 148/691 163/692 162/693
vt 0.861072 0.388519
vt 0.812376 0.395043
vt 0.825424 0.406343
f 148/694 164/695 163/696
vt 0.861072 0.388519
vt 0.812376 0.381995
vt 0.812376 0.395043
f 148/697 165/698 164/699
vt 0.861072 0.388519
vt 0.825424 0.370695
vt 0.812376 0.381995
f 148/700 166/701 165/702
vt 0.861072 0.388519
vt 0.848024 0.364171
vt 0.825424 0.370695
f 148/703 167/704 166/705
vt 0.861072 0.388519
vt 0.874120 0.364171
vt 0.848024 0.364171
f 148/706 168/707 167/708
vt 0.861072 0.388519
vt 0.896720 0.370695
vt 0.874120 0.364171
f 148/709 169/710 168/711
vt 0.861072 0.388519
vt 0.909768 0.381995
vt 0.896720 0.370695
f 148/712 170/713 169/714
vt 0.861072 0.388519
vt 0.909768 0.395043
vt 0.909768 0.381995
f 148/715 171/716 170/717
vt 0.861072 0.388519
vt 0.896720 0.406343
vt 0.909768 0.395043
f 148/718 172/719 171/720
vt 0.660653 0.737780
vt 0.668863 0.721850
vt 0.674980 0.729474
f 177/721 176/722 175/723
vt 0.919557 0.629242
vt 0.925674 0.636866
vt 0.939599 0.621254
f 180/724 179/725 178/726
vt 0.691319 0.733980
vt 0.674980 0.729474
vt 0.660653 0.737780
f 183/727 182/728 181/729
vt 0.903218 0.624736
vt 0.939599 0.621254
vt 0.919557 0.629242
f 174/730 173/731 184/732
vt 0.691319 0.624736
vt 0.674980 0.629242
vt 0.660579 0.621254
f 188/733 187/734 186/735
vt 0.674980 0.729474
vt 0.691319 0.733980
vt 0.660653 0.737780
f 175/736 189/737 177/738
vt 0.897820 0.737780
vt 0.889068 0.729474
vt 0.895184 0.721850
f 192/739 191/740 190/741
vt 0.919557 0.629242
vt 0.939599 0.621254
vt 0.925674 0.636866
f 184/742 173/743 193/744
vt 0.939599 0.621254
vt 0.903218 0.624736
vt 0.919557 0.629242
f 178/745 185/746 180/747
vt 0.660653 0.737780
vt 0.674980 0.729474
vt 0.668863 0.721850
f 181/748 182/749 194/750
vt 0.660579 0.621254
vt 0.668863 0.636866
vt 0.674980 0.629242
f 197/751 196/752 195/753
vt 0.872729 0.733980
vt 0.889068 0.729474
vt 0.897820 0.737780
f 198/754 191/755 192/756
vt 0.897820 0.737780
vt 0.895184 0.721850
vt 0.889068 0.729474
f 201/757 200/758 199/759
vt 0.660579 0.621254
vt 0.674980 0.629242
vt 0.691319 0.624736
f 197/760 195/761 202/762
vt 0.897820 0.737780
vt 0.889068 0.729474
vt 0.872729 0.733980
f 201/763 199/764 203/765
vt 0.674980 0.629242
vt 0.668863 0.636866
vt 0.660579 0.621254
f 187/766 204/767 186/768
vt 0.660653 0.737780
vt 0.660653 0.737780
vt 0.897820 0.737780
vt 0.897820 0.737780
f 181/769 177/770 192/771 201/772
vt 0.939599 0.621254
vt 0.939599 0.621254
vt 0.897820 0.737780
vt 0.897820 0.737780
f 173/773 178/774 201/775 192/776
vt 0.660579 0.621254
vt 0.660579 0.621254
vt 0.660653 0.737780
vt 0.660653 0.737780
f 197/777 186/778 177/779 181/780
vt 0.660579 0.621254
vt 0.660579 0.621254
vt 0.660579 0.574544
vt 0.660579 0.574544
f 186/781 197/782 205/783 206/784
vt 0.824380 0.527872
vt 0.824380 0.527872
vt 0.776634 0.574544
vt 0.776634 0.574544
f 209/785 208/786 207/787 210/788
vt 0.776634 0.574544
vt 0.776634 0.574544
vt 0.660579 0.574544
vt 0.660579 0.574544
f 210/789 207/790 206/791 205/792
vt 0.939599 0.527872
vt 0.939599 0.527872
vt 0.824380 0.527872
vt 0.824380 0.527872
f 212/793 211/794 208/795 209/796
vt 0.939599 0.621254
vt 0.939599 0.621254
vt 0.939599 0.527872
vt 0.939599 0.527872
f 178/797 173/798 211/799 212/800
vt 0.660579 0.621254
vt 0.668863 0.636866
vt 0.668863 0.721850
vt 0.660653 0.737780
f 186/801 204/802 176/803 177/804
vt 0.925674 0.636866
vt 0.895184 0.721850
vt 0.897820 0.737780
vt 0.939599 0.621254
f 179/805 200/806 201/807 178/808
vt 0.668863 0.721850
vt 0.668863 0.721850
vt 0.674980 0.729474
vt 0.674980 0.729474
f 176/809 194/810 182/811 175/812
vt 0.919557 0.629242
vt 0.925674 0.636866
vt 0.925674 0.636866
vt 0.919557 0.629242
f 184/813 193/814 179/815 180/816
vt 0.691319 0.733980
vt 0.674980 0.729474
vt 0.674980 0.729474
vt 0.691319 0.733980
f 189/817 175/818 182/819 183/820
vt 0.691319 0.733980
vt 0.872729 0.733980
vt 0.897820 0.737780
vt 0.660653 0.737780
f 189/821 198/822 192/823 177/824
vt 0.660579 0.621254
vt 0.691319 0.624736
vt 0.903218 0.624736
vt 0.939599 0.621254
f 197/825 202/826 185/827 178/828
vt 0.897820 0.737780
vt 0.872729 0.733980
vt 0.691319 0.733980
vt 0.660653 0.737780
f 201/829 203/830 183/831 181/832
vt 0.660653 0.737780
vt 0.668863 0.721850
vt 0.668863 0.636866
vt 0.660579 0.621254
f 181/833 194/834 196/835 197/836
vt 0.919557 0.629242
vt 0.919557 0.629242
vt 0.903218 0.624736
vt 0.903218 0.624736
f 184/837 180/838 185/839 174/840
vt 0.925674 0.636866
vt 0.925674 0.636866
vt 0.895184 0.721850
vt 0.895184 0.721850
f 179/841 193/842 190/843 200/844
vt 0.668863 0.636866
vt 0.668863 0.721850
vt 0.668863 0.721850
vt 0.668863 0.636866
f 196/845 194/846 176/847 204/848
vt 0.889068 0.729474
vt 0.889068 0.729474
vt 0.895184 0.721850
vt 0.895184 0.721850
f 191/849 199/850 200/851 190/852
vt 0.939599 0.621254
vt 0.897820 0.737780
vt 0.895184 0.721850
vt 0.925674 0.636866
f 173/853 192/854 190/855 193/856
vt 0.691319 0.624736
vt 0.691319 0.624736
vt 0.674980 0.629242
vt 0.674980 0.629242
f 188/857 202/858 195/859 187/860
vt 0.872729 0.733980
vt 0.872729 0.733980
vt 0.889068 0.729474
vt 0.889068 0.729474
f 198/861 203/862 199/863 191/864
vt 0.691319 0.733980
vt 0.872729 0.733980
vt 0.872729 0.733980
vt 0.691319 0.733980
f 183/865 203/866 198/867 189/868
vt 0.668863 0.636866
vt 0.674980 0.629242
vt 0.674980 0.629242
vt 0.668863 0.636866
f 204/869 187/870 195/871 196/872
vt 0.691319 0.624736
vt 0.903218 0.624736
vt 0.903218 0.624736
vt 0.691319 0.624736
f 188/873 174/874 185/875 202/876
vt 0.939599 0.621254
vt 0.903218 0.624736
vt 0.691319 0.624736
vt 0.660579 0.621254
f 173/877 174/878 188/879 186/880
vt 0.939599 0.621254
vt 0.776634 0.574544
vt 0.824380 0.527872
vt 0.939599 0.527872
f 173/881 207/882 208/883 211/884
vt 0.824380 0.527872
vt 0.776634 0.574544
vt 0.939599 0.621254
vt 0.939599 0.527872
f 209/885 210/886 178/887 212/888
vt 0.776634 0.574544
vt 0.660579 0.574544
vt 0.660579 0.621254
vt 0.939599 0.621254
f 210/889 205/890 197/891 178/892
vt 0.939599 0.621254
vt 0.660579 0.621254
vt 0.660579 0.574544
vt 0.776634 0.574544
f 173/893 186/894 206/895 207/896
vt 0.307171 0.451436
vt 0.313288 0.443813
vt 0.321497 0.459743
f 215/897 216/898 217/899
vt 0.042552 0.343217
vt 0.056477 0.358829
vt 0.062594 0.351205
f 218/900 219/901 220/902
vt 0.321498 0.459743
vt 0.307171 0.451436
vt 0.290832 0.455943
f 221/903 222/904 223/905
vt 0.062594 0.351205
vt 0.042552 0.343217
vt 0.078932 0.346698
f 224/906 213/907 214/908
vt 0.321572 0.343217
vt 0.307171 0.351205
vt 0.290832 0.346698
f 226/909 227/910 228/911
vt 0.321497 0.459743
vt 0.290832 0.455943
vt 0.307171 0.451436
f 217/912 229/913 215/914
vt 0.086966 0.443813
vt 0.093083 0.451436
vt 0.084331 0.459743
f 230/915 231/916 232/917
vt 0.056477 0.358829
vt 0.042552 0.343217
vt 0.062594 0.351205
f 233/918 213/919 224/920
vt 0.062594 0.351205
vt 0.078932 0.346698
vt 0.042552 0.343217
f 220/921 225/922 218/923
vt 0.313288 0.443813
vt 0.307171 0.451436
vt 0.321498 0.459743
f 234/924 222/925 221/926
vt 0.307171 0.351205
vt 0.313288 0.358829
vt 0.321572 0.343217
f 235/927 236/928 237/929
vt 0.084331 0.459743
vt 0.093083 0.451436
vt 0.109422 0.455943
f 232/930 231/931 238/932
vt 0.093083 0.451436
vt 0.086966 0.443813
vt 0.084331 0.459743
f 239/933 240/934 241/935
vt 0.290832 0.346698
vt 0.307171 0.351205
vt 0.321572 0.343217
f 242/936 235/937 237/938
vt 0.109422 0.455943
vt 0.093083 0.451436
vt 0.084331 0.459743
f 243/939 239/940 241/941
vt 0.321572 0.343217
vt 0.313288 0.358829
vt 0.307171 0.351205
f 226/942 244/943 227/944
vt 0.084331 0.459743
vt 0.321497 0.459743
vt 0.321498 0.459743
vt 0.084331 0.459743
f 232/945 217/946 221/947 241/948
vt 0.042552 0.343217
vt 0.084331 0.459743
vt 0.084331 0.459743
vt 0.042552 0.343217
f 213/949 232/950 241/951 218/952
vt 0.321497 0.459743
vt 0.321572 0.343217
vt 0.321572 0.343217
vt 0.321498 0.459743
f 217/953 226/954 237/955 221/956
vt 0.321572 0.296507
vt 0.321572 0.343217
vt 0.321572 0.343217
vt 0.321572 0.296507
f 245/957 237/958 226/959 246/960
vt 0.205517 0.296507
vt 0.157770 0.249835
vt 0.157770 0.249835
vt 0.205517 0.296507
f 247/961 248/962 249/963 250/964
vt 0.321572 0.296507
vt 0.205517 0.296507
vt 0.205517 0.296507
vt 0.321572 0.296507
f 246/965 247/966 250/967 245/968
vt 0.157770 0.249835
vt 0.042552 0.249835
vt 0.042552 0.249835
vt 0.157770 0.249835
f 248/969 251/970 252/971 249/972
vt 0.042552 0.249835
vt 0.042552 0.343217
vt 0.042552 0.343217
vt 0.042552 0.249835
f 251/973 213/974 218/975 252/976
vt 0.313288 0.443813
vt 0.313288 0.358829
vt 0.321572 0.343217
vt 0.321497 0.459743
f 216/977 244/978 226/979 217/980
vt 0.084331 0.459743
vt 0.086966 0.443813
vt 0.056477 0.358829
vt 0.042552 0.343217
f 241/981 240/982 219/983 218/984
vt 0.307171 0.451436
vt 0.313288 0.443813
vt 0.313288 0.443813
vt 0.307171 0.451436
f 222/985 234/986 216/987 215/988
vt 0.056477 0.358829
vt 0.056477 0.358829
vt 0.062594 0.351205
vt 0.062594 0.351205
f 219/989 233/990 224/991 220/992
vt 0.307171 0.451436
vt 0.307171 0.451436
vt 0.290832 0.455943
vt 0.290832 0.455943
f 222/993 215/994 229/995 223/996
vt 0.084331 0.459743
vt 0.109422 0.455943
vt 0.290832 0.455943
vt 0.321497 0.459743
f 232/997 238/998 229/999 217/1000
vt 0.078932 0.346698
vt 0.290832 0.346698
vt 0.321572 0.343217
vt 0.042552 0.343217
f 225/1001 242/1002 237/1003 218/1004
vt 0.290832 0.455943
vt 0.109422 0.455943
vt 0.084331 0.459743
vt 0.321498 0.459743
f 223/1005 243/1006 241/1007 221/1008
vt 0.313288 0.358829
vt 0.313288 0.443813
vt 0.321498 0.459743
vt 0.321572 0.343217
f 236/1009 234/1010 221/1011 237/1012
vt 0.078932 0.346698
vt 0.062594 0.351205
vt 0.062594 0.351205
vt 0.078932 0.346698
f 225/1013 220/1014 224/1015 214/1016
vt 0.086966 0.443813
vt 0.056477 0.358829
vt 0.056477 0.358829
vt 0.086966 0.443813
f 230/1017 233/1018 219/1019 240/1020
vt 0.313288 0.443813
vt 0.313288 0.443813
vt 0.313288 0.358829
vt 0.313288 0.358829
f 216/1021 234/1022 236/1023 244/1024
vt 0.086966 0.443813
vt 0.093083 0.451436
vt 0.093083 0.451436
vt 0.086966 0.443813
f 240/1025 239/1026 231/1027 230/1028
vt 0.042552 0.343217
vt 0.056477 0.358829
vt 0.086966 0.443813
vt 0.084331 0.459743
f 213/1029 233/1030 230/1031 232/1032
vt 0.307171 0.351205
vt 0.290832 0.346698
vt 0.290832 0.346698
vt 0.307171 0.351205
f 235/1033 242/1034 228/1035 227/1036
vt 0.093083 0.451436
vt 0.109422 0.455943
vt 0.109422 0.455943
vt 0.093083 0.451436
f 239/1037 243/1038 238/1039 231/1040
vt 0.109422 0.455943
vt 0.109422 0.455943
vt 0.290832 0.455943
vt 0.290832 0.455943
f 238/1041 243/1042 223/1043 229/1044
vt 0.307171 0.351205
vt 0.307171 0.351205
vt 0.313288 0.358829
vt 0.313288 0.358829
f 235/1045 227/1046 244/1047 236/1048
vt 0.078932 0.346698
vt 0.078932 0.346698
vt 0.290832 0.346698
vt 0.290832 0.346698
f 225/1049 214/1050 228/1051 242/1052
vt 0.042552 0.343217
vt 0.321572 0.343217
vt 0.290832 0.346698
vt 0.078932 0.346698
f 213/1053 226/1054 228/1055 214/1056
vt 0.042552 0.343217
vt 0.042552 0.249835
vt 0.157770 0.249835
vt 0.205517 0.296507
f 213/1057 251/1058 248/1059 247/1060
vt 0.042552 0.343217
vt 0.205517 0.296507
vt 0.157770 0.249835
vt 0.042552 0.249835
f 218/1061 250/1062 249/1063 252/1064
vt 0.321572 0.343217
vt 0.321572 0.296507
vt 0.205517 0.296507
vt 0.042552 0.343217
f 237/1065 245/1066 250/1067 218/1068
vt 0.042552 0.343217
vt 0.205517 0.296507
vt 0.321572 0.296507
vt 0.321572 0.343217
f 213/1069 247/1070 246/1071 226/1072
vt 0.610274 0.630172
vt 0.610274 0.644974
vt 0.568619 0.644974
vt 0.568619 0.630172
f 253/1073 257/1074 259/1075 255/1076
vt 0.568619 0.644974
vt 0.610274 0.644974
vt 0.610274 0.630172
vt 0.568619 0.630172
f 260/1077 258/1078 254/1079 256/1080
vt 0.210798 0.540506
vt 0.105393 0.540506
vt 0.105393 0.540506
vt 0.210798 0.540506
f 261/1081 263/1082 265/1083 267/1084
vt 0.105393 0.540506
vt 0.105393 0.540506
vt 0.210798 0.540506
vt 0.210798 0.540506
f 266/1085 264/1086 262/1087 268/1088
vt 0.210798 0.560683
vt 0.210798 0.560683
vt 0.105393 0.560683
vt 0.105393 0.560683
f 269/1089 275/1090 273/1091 271/1092
vt 0.105393 0.560683
vt 0.210798 0.560683
vt 0.210798 0.560683
vt 0.105393 0.560683
f 274/1093 276/1094 270/1095 272/1096
vt 0.105393 0.540506
vt 0.105393 0.560683
vt 0.105393 0.560683
vt 0.105393 0.540506
f 263/1097 271/1098 273/1099 265/1100
vt 0.105393 0.560683
vt 0.105393 0.560683
vt 0.105393 0.540506
vt 0.105393 0.540506
f 274/1101 272/1102 264/1103 266/1104
vt 0.105393 0.540506
vt 0.105393 0.560683
vt 0.210798 0.560683
vt 0.210798 0.540506
f 265/1105 273/1106 275/1107 267/1108
vt 0.210798 0.560683
vt 0.105393 0.560683
vt 0.105393 0.540506
vt 0.210798 0.540506
f 276/1109 274/1110 266/1111 268/1112
vt 0.210798 0.560683
vt 0.210798 0.540506
vt 0.210798 0.540506
vt 0.210798 0.560683
f 269/1113 261/1114 267/1115 275/1116
vt 0.210798 0.540506
vt 0.210798 0.540506
vt 0.210798 0.560683
vt 0.210798 0.560683
f 268/1117 262/1118 270/1119 276/1120
vt 0.210798 0.540506
vt 0.105393 0.540506
vt 0.105393 0.540506
vt 0.210798 0.540506
f 277/1121 279/1122 281/1123 283/1124
vt 0.105393 0.540506
vt 0.105393 0.540506
vt 0.210798 0.540506
vt 0.210798 0.540506
f 282/1125 280/1126 278/1127 284/1128
vt 0.210798 0.560683
vt 0.210798 0.560683
vt 0.105393 0.560683
vt 0.105393 0.560683
f 285/1129 291/1130 289/1131 287/1132
vt 0.105393 0.560683
vt 0.210798 0.560683
vt 0.210798 0.560683
vt 0.105393 0.560683
f 290/1133 292/1134 286/1135 288/1136
vt 0.105393 0.540506
vt 0.105393 0.560683
vt 0.105393 0.560683
vt 0.105393 0.540506
f 279/1137 287/1138 289/1139 281/1140
vt 0.105393 0.560683
vt 0.105393 0.560683
vt 0.105393 0.540506
vt 0.105393 0.540506
f 290/1141 288/1142 280/1143 282/1144
vt 0.105393 0.540506
vt 0.105393 0.560683
vt 0.210798 0.560683
vt 0.210798 0.540506
f 281/1145 289/1146 291/1147 283/1148
vt 0.210798 0.560683
vt 0.105393 0.560683
vt 0.105393 0.540506
vt 0.210798 0.540506
f 292/1149 290/1150 282/1151 284/1152
vt 0.210798 0.560683
vt 0.210798 0.540506
vt 0.210798 0.540506
vt 0.210798 0.560683
f 285/1153 277/1154 283/1155 291/1156
vt 0.210798 0.540506
vt 0.210798 0.540506
vt 0.210798 0.560683
vt 0.210798 0.560683
f 284/1157 278/1158 286/1159 292/1160
vt 0.610274 0.651982
vt 0.610274 0.674438
vt 0.568619 0.674438
vt 0.568619 0.651982
f 293/1161 297/1162 299/1163 295/1164
vt 0.568619 0.674438
vt 0.610274 0.674438
vt 0.610274 0.651982
vt 0.568619 0.651982
f 300/1165 298/1166 294/1167 296/1168
vt 0.988759 0.665814
vt 0.986708 0.665814
vt 0.962546 0.665814
vt 0.960495 0.665814
f 301/1169 302/1170 303/1171 304/1172
vt 0.987818 0.751548
vt 0.961437 0.751548
vt 0.964871 0.751548
vt 0.984383 0.751548
f 305/1173 308/1174 307/1175 306/1176
vt 0.987818 0.682552
vt 0.987818 0.751548
vt 0.984383 0.751548
vt 0.984383 0.682552
f 310/1177 305/1178 306/1179 309/1180
vt 0.984383 0.682552
vt 0.984383 0.751548
vt 0.964871 0.751548
vt 0.964871 0.682552
f 309/1181 306/1182 307/1183 311/1184
vt 0.964871 0.682552
vt 0.964871 0.751548
vt 0.961437 0.751548
vt 0.961437 0.682552
f 311/1185 307/1186 308/1187 312/1188
vt 0.987818 0.751548
vt 0.987818 0.682552
vt 0.961437 0.682552
vt 0.961437 0.751548
f 305/1189 310/1190 312/1191 308/1192
vt 0.988759 0.665814
vt 0.988759 0.676459
vt 0.986708 0.676459
vt 0.986708 0.665814
f 301/1193 314/1194 313/1195 302/1196
vt 0.988759 0.676459
vt 0.987818 0.682552
vt 0.984383 0.682552
vt 0.986708 0.676459
f 314/1197 310/1198 309/1199 313/1200
vt 0.986708 0.665814
vt 0.986708 0.676459
vt 0.962546 0.676459
vt 0.962546 0.665814
f 302/1201 313/1202 315/1203 303/1204
vt 0.986708 0.676459
vt 0.984383 0.682552
vt 0.964871 0.682552
vt 0.962546 0.676459
f 313/1205 309/1206 311/1207 315/1208
vt 0.962546 0.665814
vt 0.962546 0.676459
vt 0.960495 0.676459
vt 0.960495 0.665814
f 303/1209 315/1210 316/1211 304/1212
vt 0.962546 0.676459
vt 0.964871 0.682552
vt 0.961437 0.682552
vt 0.960495 0.676459
f 315/1213 311/1214 312/1215 316/1216
vt 0.987818 0.682552
vt 0.988759 0.676459
vt 0.960495 0.676459
vt 0.961437 0.682552
f 310/1217 314/1218 316/1219 312/1220
vt 0.988759 0.676459
vt 0.988759 0.665814
vt 0.960495 0.665814
vt 0.960495 0.676459
f 314/1221 301/1222 304/1223 316/1224
vt 0.988759 0.676459
vt 0.988759 0.665814
vt 0.960495 0.665814
vt 0.960495 0.676459
f 319/1225 332/1226 329/1227 317/1228
vt 0.987818 0.682552
vt 0.988759 0.676459
vt 0.960495 0.676459
vt 0.961437 0.682552
f 323/1229 319/1230 317/1231 321/1232
vt 0.962546 0.676459
vt 0.964871 0.682552
vt 0.961437 0.682552
vt 0.960495 0.676459
f 318/1233 322/1234 321/1235 317/1236
vt 0.962546 0.665814
vt 0.962546 0.676459
vt 0.960495 0.676459
vt 0.960495 0.665814
f 330/1237 318/1238 317/1239 329/1240
vt 0.986708 0.676459
vt 0.984383 0.682552
vt 0.964871 0.682552
vt 0.962546 0.676459
f 320/1241 324/1242 322/1243 318/1244
vt 0.986708 0.665814
vt 0.986708 0.676459
vt 0.962546 0.676459
vt 0.962546 0.665814
f 331/1245 320/1246 318/1247 330/1248
vt 0.988759 0.676459
vt 0.987818 0.682552
vt 0.984383 0.682552
vt 0.986708 0.676459
f 319/1249 323/1250 324/1251 320/1252
vt 0.988759 0.665814
vt 0.988759 0.676459
vt 0.986708 0.676459
vt 0.986708 0.665814
f 332/1253 319/1254 320/1255 331/1256
vt 0.987818 0.751548
vt 0.987818 0.682552
vt 0.961437 0.682552
vt 0.961437 0.751548
f 328/1257 323/1258 321/1259 325/1260
vt 0.964871 0.682552
vt 0.964871 0.751548
vt 0.961437 0.751548
vt 0.961437 0.682552
f 322/1261 326/1262 325/1263 321/1264
vt 0.984383 0.682552
vt 0.984383 0.751548
vt 0.964871 0.751548
vt 0.964871 0.682552
f 324/1265 327/1266 326/1267 322/1268
vt 0.987818 0.682552
vt 0.987818 0.751548
vt 0.984383 0.751548
vt 0.984383 0.682552
f 323/1269 328/1270 327/1271 324/1272
vt 0.987818 0.751548
vt 0.961437 0.751548
vt 0.964871 0.751548
vt 0.984383 0.751548
f 328/1273 325/1274 326/1275 327/1276
vt 0.988759 0.665814
vt 0.986708 0.665814
vt 0.962546 0.665814
vt 0.960495 0.665814
f 332/1277 331/1278 330/1279 329/1280
vt 0.389255 0.619445
vt 0.389255 0.619445
vt 0.001869 0.619445
vt 0.001869 0.619445
f 333/1281 334/1282 335/1283 336/1284
vt 0.389552 0.690704
vt 0.001535 0.690704
vt 0.001535 0.686535
vt 0.389552 0.686535
f 337/1285 340/1286 339/1287 338/1288
vt 0.592105 0.730651
vt 0.592105 0.766000
vt 0.600260 0.766000
vt 0.600260 0.730651
f 333/1289 337/1290 338/1291 334/1292
vt 0.389255 0.619445
vt 0.389255 0.655528
vt 0.001869 0.655528
vt 0.001869 0.619445
f 334/1293 338/1294 339/1295 335/1296
vt 0.600260 0.730651
vt 0.600260 0.766000
vt 0.592105 0.766000
vt 0.592105 0.730651
f 335/1297 339/1298 340/1299 336/1300
vt 0.001869 0.692857
vt 0.001869 0.656774
vt 0.389255 0.656774
vt 0.389255 0.692857
f 337/1301 333/1302 336/1303 340/1304
vt 0.588872 0.730733
vt 0.014437 0.730733
vt 0.014437 0.730733
vt 0.588872 0.730733
f 341/1305 344/1306 343/1307 342/1308
vt 0.014312 0.714768
vt 0.014312 0.718825
vt 0.589395 0.718825
vt 0.589394 0.714768
f 347/1309 348/1310 345/1311 346/1312
vt 0.588872 0.730733
vt 0.588872 0.730733
vt 0.588872 0.765857
vt 0.588872 0.765857
f 341/1313 342/1314 346/1315 345/1316
vt 0.588872 0.803213
vt 0.014437 0.803213
vt 0.014436 0.768088
vt 0.588872 0.768088
f 347/1317 346/1318 342/1319 343/1320
vt 0.014437 0.765857
vt 0.014436 0.765857
vt 0.014437 0.730733
vt 0.014437 0.730733
f 348/1321 347/1322 343/1323 344/1324
vt 0.014437 0.693535
vt 0.588872 0.693535
vt 0.588872 0.728659
vt 0.014437 0.728659
f 344/1325 341/1326 345/1327 348/1328
vt 0.988759 0.676459
vt 0.960495 0.676459
vt 0.960495 0.665814
vt 0.988759 0.665814
f 351/1329 349/1330 361/1331 364/1332
vt 0.960495 0.676459
vt 0.988759 0.676459
vt 0.987818 0.682552
vt 0.961437 0.682552
f 349/1333 351/1334 355/1335 353/1336
vt 0.962546 0.676459
vt 0.960495 0.676459
vt 0.961437 0.682552
vt 0.964871 0.682552
f 350/1337 349/1338 353/1339 354/1340
vt 0.960495 0.676459
vt 0.962546 0.676459
vt 0.962546 0.665814
vt 0.960495 0.665814
f 349/1341 350/1342 362/1343 361/1344
vt 0.964871 0.682552
vt 0.984383 0.682552
vt 0.986708 0.676459
vt 0.962546 0.676459
f 354/1345 356/1346 352/1347 350/1348
vt 0.962546 0.676459
vt 0.986708 0.676459
vt 0.986708 0.665814
vt 0.962546 0.665814
f 350/1349 352/1350 363/1351 362/1352
vt 0.984383 0.682552
vt 0.987818 0.682552
vt 0.988759 0.676459
vt 0.986708 0.676459
f 356/1353 355/1354 351/1355 352/1356
vt 0.986708 0.676459
vt 0.988759 0.676459
vt 0.988759 0.665814
vt 0.986708 0.665814
f 352/1357 351/1358 364/1359 363/1360
vt 0.961437 0.682552
vt 0.987818 0.682552
vt 0.987818 0.751548
vt 0.961437 0.751548
f 353/1361 355/1362 360/1363 357/1364
vt 0.961437 0.751548
vt 0.964871 0.751548
vt 0.964871 0.682552
vt 0.961437 0.682552
f 357/1365 358/1366 354/1367 353/1368
vt 0.964871 0.751548
vt 0.984383 0.751548
vt 0.984383 0.682552
vt 0.964871 0.682552
f 358/1369 359/1370 356/1371 354/1372
vt 0.984383 0.751548
vt 0.987818 0.751548
vt 0.987818 0.682552
vt 0.984383 0.682552
f 359/1373 360/1374 355/1375 356/1376
vt 0.964871 0.751548
vt 0.961437 0.751548
vt 0.987818 0.751548
vt 0.984383 0.751548
f 358/1377 357/1378 360/1379 359/1380
vt 0.962546 0.665814
vt 0.986708 0.665814
vt 0.988759 0.665814
vt 0.960495 0.665814
f 362/1381 363/1382 364/1383 361/1384
vt 0.960495 0.665814
vt 0.988759 0.665814
vt 0.988759 0.676459
vt 0.960495 0.676459
f 377/1385 380/1386 367/1387 365/1388
vt 0.960495 0.676459
vt 0.988759 0.676459
vt 0.987818 0.682552
vt 0.961437 0.682552
f 365/1389 367/1390 371/1391 369/1392
vt 0.961437 0.682552
vt 0.964871 0.682552
vt 0.962546 0.676459
vt 0.960495 0.676459
f 369/1393 370/1394 366/1395 365/1396
vt 0.960495 0.676459
vt 0.962546 0.676459
vt 0.962546 0.665814
vt 0.960495 0.665814
f 365/1397 366/1398 378/1399 377/1400
vt 0.964871 0.682552
vt 0.984383 0.682552
vt 0.986708 0.676459
vt 0.962546 0.676459
f 370/1401 372/1402 368/1403 366/1404
vt 0.962546 0.676459
vt 0.986708 0.676459
vt 0.986708 0.665814
vt 0.962546 0.665814
f 366/1405 368/1406 379/1407 378/1408
vt 0.984383 0.682552
vt 0.987818 0.682552
vt 0.988759 0.676459
vt 0.986708 0.676459
f 372/1409 371/1410 367/1411 368/1412
vt 0.986708 0.676459
vt 0.988759 0.676459
vt 0.988759 0.665814
vt 0.986708 0.665814
f 368/1413 367/1414 380/1415 379/1416
vt 0.961437 0.682552
vt 0.987818 0.682552
vt 0.987818 0.751548
vt 0.961437 0.751548
f 369/1417 371/1418 376/1419 373/1420
vt 0.961437 0.751548
vt 0.964871 0.751548
vt 0.964871 0.682552
vt 0.961437 0.682552
f 373/1421 374/1422 370/1423 369/1424
vt 0.964871 0.751548
vt 0.984383 0.751548
vt 0.984383 0.682552
vt 0.964871 0.682552
f 374/1425 375/1426 372/1427 370/1428
vt 0.984383 0.751548
vt 0.987818 0.751548
vt 0.987818 0.682552
vt 0.984383 0.682552
f 375/1429 376/1430 371/1431 372/1432
vt 0.964871 0.751548
vt 0.961437 0.751548
vt 0.987818 0.751548
vt 0.984383 0.751548
f 374/1433 373/1434 376/1435 375/1436
vt 0.962546 0.665814
vt 0.986708 0.665814
vt 0.988759 0.665814
vt 0.960495 0.665814
f 378/1437 379/1438 380/1439 377/1440
vt 0.960495 0.665814
vt 0.960495 0.676459
vt 0.988759 0.676459
vt 0.988759 0.665814
f 393/1441 381/1442 383/1443 396/1444
vt 0.960495 0.676459
vt 0.961437 0.682552
vt 0.987818 0.682552
vt 0.988759 0.676459
f 381/1445 385/1446 387/1447 383/1448
vt 0.961437 0.682552
vt 0.960495 0.676459
vt 0.962546 0.676459
vt 0.964871 0.682552
f 385/1449 381/1450 382/1451 386/1452
vt 0.960495 0.676459
vt 0.960495 0.665814
vt 0.962546 0.665814
vt 0.962546 0.676459
f 381/1453 393/1454 394/1455 382/1456
vt 0.986708 0.676459
vt 0.984383 0.682552
vt 0.964871 0.682552
vt 0.962546 0.676459
f 384/1457 388/1458 386/1459 382/1460
vt 0.986708 0.665814
vt 0.986708 0.676459
vt 0.962546 0.676459
vt 0.962546 0.665814
f 395/1461 384/1462 382/1463 394/1464
vt 0.988759 0.676459
vt 0.987818 0.682552
vt 0.984383 0.682552
vt 0.986708 0.676459
f 383/1465 387/1466 388/1467 384/1468
vt 0.988759 0.665814
vt 0.988759 0.676459
vt 0.986708 0.676459
vt 0.986708 0.665814
f 396/1469 383/1470 384/1471 395/1472
vt 0.987818 0.751548
vt 0.987818 0.682552
vt 0.961437 0.682552
vt 0.961437 0.751548
f 392/1473 387/1474 385/1475 389/1476
vt 0.964871 0.682552
vt 0.964871 0.751548
vt 0.961437 0.751548
vt 0.961437 0.682552
f 386/1477 390/1478 389/1479 385/1480
vt 0.984383 0.682552
vt 0.984383 0.751548
vt 0.964871 0.751548
vt 0.964871 0.682552
f 388/1481 391/1482 390/1483 386/1484
vt 0.987818 0.682552
vt 0.987818 0.751548
vt 0.984383 0.751548
vt 0.984383 0.682552
f 387/1485 392/1486 391/1487 388/1488
vt 0.987818 0.751548
vt 0.961437 0.751548
vt 0.964871 0.751548
vt 0.984383 0.751548
f 392/1489 389/1490 390/1491 391/1492
vt 0.988759 0.665814
vt 0.986708 0.665814
vt 0.962546 0.665814
vt 0.960495 0.665814
f 396/1493 395/1494 394/1495 393/1496
vt 0.988759 0.676459
vt 0.988759 0.665814
vt 0.960495 0.665814
vt 0.960495 0.676459
f 399/1497 412/1498 409/1499 397/1500
vt 0.987818 0.682552
vt 0.988759 0.676459
vt 0.960495 0.676459
vt 0.961437 0.682552
f 403/1501 399/1502 397/1503 401/1504
vt 0.962546 0.676459
vt 0.964871 0.682552
vt 0.961437 0.682552
vt 0.960495 0.676459
f 398/1505 402/1506 401/1507 397/1508
vt 0.962546 0.665814
vt 0.962546 0.676459
vt 0.960495 0.676459
vt 0.960495 0.665814
f 410/1509 398/1510 397/1511 409/1512
vt 0.986708 0.676459
vt 0.984383 0.682552
vt 0.964871 0.682552
vt 0.962546 0.676459
f 400/1513 404/1514 402/1515 398/1516
vt 0.986708 0.665814
vt 0.986708 0.676459
vt 0.962546 0.676459
vt 0.962546 0.665814
f 411/1517 400/1518 398/1519 410/1520
vt 0.988759 0.676459
vt 0.987818 0.682552
vt 0.984383 0.682552
vt 0.986708 0.676459
f 399/1521 403/1522 404/1523 400/1524
vt 0.988759 0.665814
vt 0.988759 0.676459
vt 0.986708 0.676459
vt 0.986708 0.665814
f 412/1525 399/1526 400/1527 411/1528
vt 0.987818 0.751548
vt 0.987818 0.682552
vt 0.961437 0.682552
vt 0.961437 0.751548
f 408/1529 403/1530 401/1531 405/1532
vt 0.964871 0.682552
vt 0.964871 0.751548
vt 0.961437 0.751548
vt 0.961437 0.682552
f 402/1533 406/1534 405/1535 401/1536
vt 0.984383 0.682552
vt 0.984383 0.751548
vt 0.964871 0.751548
vt 0.964871 0.682552
f 404/1537 407/1538 406/1539 402/1540
vt 0.987818 0.682552
vt 0.987818 0.751548
vt 0.984383 0.751548
vt 0.984383 0.682552
f 403/1541 408/1542 407/1543 404/1544
vt 0.987818 0.751548
vt 0.961437 0.751548
vt 0.964871 0.751548
vt 0.984383 0.751548
f 408/1545 405/1546 406/1547 407/1548
vt 0.988759 0.665814
vt 0.986708 0.665814
vt 0.962546 0.665814
vt 0.960495 0.665814
f 412/1549 411/1550 410/1551 409/1552
vt 0.588872 0.730733
vt 0.588872 0.730733
vt 0.014437 0.730733
vt 0.014437 0.730733
f 413/1553 414/1554 415/1555 416/1556
vt 0.589395 0.718825
vt 0.014312 0.718825
vt 0.014312 0.714768
vt 0.589394 0.714768
f 417/1557 420/1558 419/1559 418/1560
vt 0.588872 0.730733
vt 0.588872 0.765857
vt 0.588872 0.765857
vt 0.588872 0.730733
f 413/1561 417/1562 418/1563 414/1564
vt 0.588872 0.730733
vt 0.588872 0.765857
vt 0.014436 0.765857
vt 0.014437 0.730733
f 414/1565 418/1566 419/1567 415/1568
vt 0.014437 0.730733
vt 0.014436 0.765857
vt 0.014437 0.765857
vt 0.014437 0.730733
f 415/1569 419/1570 420/1571 416/1572
vt 0.588872 0.728659
vt 0.588872 0.693535
vt 0.014437 0.693535
vt 0.014437 0.728659
f 417/1573 413/1574 416/1575 420/1576
vt 0.794922 0.174934
vt 0.793483 0.174934
vt 0.793483 0.181695
vt 0.794922 0.181695
f 421/1577 422/1578 423/1579 424/1580
vt 0.794922 0.174869
vt 0.794922 0.181630
vt 0.793483 0.181630
vt 0.793483 0.174869
f 425/1581 428/1582 427/1583 426/1584
vt 0.793483 0.174934
vt 0.793483 0.174869
vt 0.793483 0.181630
vt 0.793483 0.181695
f 422/1585 426/1586 427/1587 423/1588
vt 0.794922 0.174869
vt 0.794922 0.174934
vt 0.794922 0.181695
vt 0.794922 0.181630
f 425/1589 421/1590 424/1591 428/1592
vt 0.792663 0.174168
vt 0.792663 0.174233
vt 0.780481 0.170488
vt 0.780481 0.170423
f 432/1593 436/1594 433/1595 429/1596
vt 0.793382 0.173613
vt 0.793382 0.173548
vt 0.781201 0.169803
vt 0.781201 0.169868
f 435/1597 431/1598 430/1599 434/1600
vt 0.792663 0.174168
vt 0.780481 0.170423
vt 0.781201 0.169803
vt 0.793382 0.173548
f 432/1601 429/1602 430/1603 431/1604
vt 0.792663 0.174233
vt 0.793382 0.173613
vt 0.781201 0.169868
vt 0.780481 0.170488
f 436/1605 435/1606 434/1607 433/1608
vt 0.795011 0.173609
vt 0.795730 0.174230
vt 0.807912 0.170485
vt 0.807192 0.169865
f 437/1609 438/1610 439/1611 440/1612
vt 0.795011 0.173544
vt 0.807192 0.169799
vt 0.807912 0.170420
vt 0.795730 0.174165
f 441/1613 444/1614 443/1615 442/1616
vt 0.795730 0.174230
vt 0.795730 0.174165
vt 0.807912 0.170420
vt 0.807912 0.170485
f 438/1617 442/1618 443/1619 439/1620
vt 0.795011 0.173544
vt 0.795011 0.173609
vt 0.807192 0.169865
vt 0.807192 0.169799
f 441/1621 437/1622 440/1623 444/1624
vt 0.794202 0.173904
vt 0.794202 0.172946
vt 0.795563 0.173227
f 453/1625 446/1626 445/1627
vt 0.794202 0.173904
vt 0.792842 0.173227
vt 0.794202 0.172946
f 453/1628 447/1629 446/1630
vt 0.794202 0.173904
vt 0.792279 0.173904
vt 0.792842 0.173227
f 453/1631 448/1632 447/1633
vt 0.794202 0.173904
vt 0.792842 0.174581
vt 0.792279 0.173904
f 453/1634 449/1635 448/1636
vt 0.794202 0.173904
vt 0.794202 0.174862
vt 0.792842 0.174581
f 453/1637 450/1638 449/1639
vt 0.794202 0.173904
vt 0.795563 0.174581
vt 0.794202 0.174862
f 453/1640 451/1641 450/1642
vt 0.794202 0.173904
vt 0.796126 0.173904
vt 0.795563 0.174581
f 453/1643 452/1644 451/1645
vt 0.794202 0.173904
vt 0.795563 0.173227
vt 0.796126 0.173904
f 453/1646 445/1647 452/1648
vt 0.795563 0.173597
vt 0.797260 0.172443
vt 0.794202 0.171812
vt 0.794202 0.173316
f 455/1649 463/1650 462/1651 454/1652
vt 0.797260 0.172443
vt 0.795563 0.173227
vt 0.794202 0.172946
vt 0.794202 0.171812
f 463/1653 445/1654 446/1655 462/1656
vt 0.794202 0.173316
vt 0.794202 0.171812
vt 0.791145 0.172443
vt 0.792842 0.173597
f 454/1657 462/1658 464/1659 456/1660
vt 0.794202 0.171812
vt 0.794202 0.172946
vt 0.792842 0.173227
vt 0.791145 0.172443
f 462/1661 446/1662 447/1663 464/1664
vt 0.792842 0.173597
vt 0.791145 0.172443
vt 0.789879 0.173965
vt 0.792279 0.174274
f 456/1665 464/1666 465/1667 457/1668
vt 0.791145 0.172443
vt 0.792842 0.173227
vt 0.792279 0.173904
vt 0.789879 0.173965
f 464/1669 447/1670 448/1671 465/1672
vt 0.792279 0.174274
vt 0.789879 0.173965
vt 0.791145 0.175487
vt 0.792842 0.174951
f 457/1673 465/1674 466/1675 458/1676
vt 0.789879 0.173965
vt 0.792279 0.173904
vt 0.792842 0.174581
vt 0.791145 0.175487
f 465/1677 448/1678 449/1679 466/1680
vt 0.792842 0.174951
vt 0.791145 0.175487
vt 0.794202 0.176118
vt 0.794202 0.175232
f 458/1681 466/1682 467/1683 459/1684
vt 0.791145 0.175487
vt 0.792842 0.174581
vt 0.794202 0.174862
vt 0.794202 0.176118
f 466/1685 449/1686 450/1687 467/1688
vt 0.794202 0.175232
vt 0.794202 0.176118
vt 0.797260 0.175487
vt 0.795563 0.174951
f 459/1689 467/1690 468/1691 460/1692
vt 0.794202 0.176118
vt 0.794202 0.174862
vt 0.795563 0.174581
vt 0.797260 0.175487
f 467/1693 450/1694 451/1695 468/1696
vt 0.795563 0.174951
vt 0.797260 0.175487
vt 0.798526 0.173965
vt 0.796126 0.174274
f 460/1697 468/1698 469/1699 461/1700
vt 0.797260 0.175487
vt 0.795563 0.174581
vt 0.796126 0.173904
vt 0.798526 0.173965
f 468/1701 451/1702 452/1703 469/1704
vt 0.795563 0.173227
vt 0.797260 0.172443
vt 0.798526 0.173965
vt 0.796126 0.173904
f 445/1705 463/1706 469/1707 452/1708
vt 0.797260 0.172443
vt 0.795563 0.173597
vt 0.796126 0.174274
vt 0.798526 0.173965
f 463/1709 455/1710 461/1711 469/1712
vt 0.806373 0.167878
vt 0.805048 0.168538
vt 0.798172 0.166561
vt 0.798657 0.165660
f 470/1713 482/1714 483/1715 471/1716
vt 0.798657 0.165660
vt 0.798172 0.166561
vt 0.790233 0.166561
vt 0.789747 0.165660
f 471/1717 483/1718 484/1719 472/1720
vt 0.789747 0.165660
vt 0.790233 0.166561
vt 0.783357 0.168538
vt 0.782031 0.167878
f 472/1721 484/1722 485/1723 473/1724
vt 0.782031 0.167878
vt 0.783357 0.168538
vt 0.779387 0.171962
vt 0.777577 0.171720
f 473/1725 485/1726 486/1727 474/1728
vt 0.777577 0.171720
vt 0.779387 0.171962
vt 0.779387 0.175915
vt 0.777577 0.176157
f 474/1729 486/1730 487/1731 475/1732
vt 0.777577 0.176157
vt 0.779387 0.175915
vt 0.783357 0.179339
vt 0.782031 0.179999
f 475/1733 487/1734 488/1735 476/1736
vt 0.782031 0.179999
vt 0.783357 0.179339
vt 0.790233 0.181316
vt 0.789747 0.182217
f 476/1737 488/1738 489/1739 477/1740
vt 0.789747 0.182217
vt 0.790233 0.181316
vt 0.798172 0.181316
vt 0.798657 0.182217
f 477/1741 489/1742 490/1743 478/1744
vt 0.798657 0.182217
vt 0.798172 0.181316
vt 0.805048 0.179339
vt 0.806373 0.179999
f 478/1745 490/1746 491/1747 479/1748
vt 0.806373 0.179999
vt 0.805048 0.179339
vt 0.809018 0.175915
vt 0.810828 0.176157
f 479/1749 491/1750 492/1751 480/1752
vt 0.810828 0.176157
vt 0.809018 0.175915
vt 0.809018 0.171962
vt 0.810828 0.171720
f 480/1753 492/1754 493/1755 481/1756
vt 0.805048 0.168538
vt 0.806373 0.167878
vt 0.810828 0.171720
vt 0.809018 0.171962
f 482/1757 470/1758 481/1759 493/1760
vt 0.805048 0.168538
vt 0.809018 0.171962
vt 0.809018 0.172061
vt 0.805048 0.168637
f 482/1761 493/1762 494/1763 505/1764
vt 0.809018 0.171962
vt 0.809018 0.175915
vt 0.809018 0.176015
vt 0.809018 0.172061
f 493/1765 492/1766 495/1767 494/1768
vt 0.809018 0.175915
vt 0.805048 0.179339
vt 0.805048 0.179438
vt 0.809018 0.176015
f 492/1769 491/1770 496/1771 495/1772
vt 0.805048 0.179339
vt 0.798172 0.181316
vt 0.798172 0.181415
vt 0.805048 0.179438
f 491/1773 490/1774 497/1775 496/1776
vt 0.798172 0.181316
vt 0.790233 0.181316
vt 0.790233 0.181415
vt 0.798172 0.181415
f 490/1777 489/1778 498/1779 497/1780
vt 0.790233 0.181316
vt 0.783357 0.179339
vt 0.783357 0.179438
vt 0.790233 0.181415
f 489/1781 488/1782 499/1783 498/1784
vt 0.783357 0.179339
vt 0.779387 0.175915
vt 0.779387 0.176015
vt 0.783357 0.179438
f 488/1785 487/1786 500/1787 499/1788
vt 0.779387 0.175915
vt 0.779387 0.171962
vt 0.779387 0.172061
vt 0.779387 0.176015
f 487/1789 486/1790 501/1791 500/1792
vt 0.779387 0.171962
vt 0.783357 0.168538
vt 0.783357 0.168637
vt 0.779387 0.172061
f 486/1793 485/1794 502/1795 501/1796
vt 0.783357 0.168538
vt 0.790233 0.166561
vt 0.790233 0.166661
vt 0.783357 0.168637
f 485/1797 484/1798 503/1799 502/1800
vt 0.790233 0.166561
vt 0.798172 0.166561
vt 0.798172 0.166661
vt 0.790233 0.166661
f 484/1801 483/1802 504/1803 503/1804
vt 0.798172 0.166561
vt 0.805048 0.168538
vt 0.805048 0.168637
vt 0.798172 0.166661
f 483/1805 482/1806 505/1807 504/1808
vt 0.810828 0.171720
vt 0.806373 0.167878
vt 0.806373 0.167977
vt 0.810828 0.171819
f 481/1809 470/1810 517/1811 506/1812
vt 0.810828 0.176157
vt 0.810828 0.171720
vt 0.810828 0.171819
vt 0.810828 0.176256
f 480/1813 481/1814 506/1815 507/1816
vt 0.806373 0.179999
vt 0.810828 0.176157
vt 0.810828 0.176256
vt 0.806373 0.180098
f 479/1817 480/1818 507/1819 508/1820
vt 0.798657 0.182217
vt 0.806373 0.179999
vt 0.806373 0.180098
vt 0.798657 0.182316
f 478/1821 479/1822 508/1823 509/1824
vt 0.789747 0.182217
vt 0.798657 0.182217
vt 0.798657 0.182316
vt 0.789747 0.182316
f 477/1825 478/1826 509/1827 510/1828
vt 0.782031 0.179999
vt 0.789747 0.182217
vt 0.789747 0.182316
vt 0.782031 0.180098
f 476/1829 477/1830 510/1831 511/1832
vt 0.777577 0.176157
vt 0.782031 0.179999
vt 0.782031 0.180098
vt 0.777577 0.176256
f 475/1833 476/1834 511/1835 512/1836
vt 0.777577 0.171720
vt 0.777577 0.176157
vt 0.777577 0.176256
vt 0.777577 0.171819
f 474/1837 475/1838 512/1839 513/1840
vt 0.782031 0.167878
vt 0.777577 0.171720
vt 0.777577 0.171819
vt 0.782031 0.167977
f 473/1841 474/1842 513/1843 514/1844
vt 0.789747 0.165660
vt 0.782031 0.167878
vt 0.782031 0.167977
vt 0.789747 0.165759
f 472/1845 473/1846 514/1847 515/1848
vt 0.798657 0.165660
vt 0.789747 0.165660
vt 0.789747 0.165759
vt 0.798657 0.165759
f 471/1849 472/1850 515/1851 516/1852
vt 0.806373 0.167878
vt 0.798657 0.165660
vt 0.798657 0.165759
vt 0.806373 0.167977
f 470/1853 471/1854 516/1855 517/1856
vt 0.798172 0.166661
vt 0.805048 0.168637
vt 0.806373 0.167977
vt 0.798657 0.165759
f 504/1857 505/1858 517/1859 516/1860
vt 0.790233 0.166661
vt 0.798172 0.166661
vt 0.798657 0.165759
vt 0.789747 0.165759
f 503/1861 504/1862 516/1863 515/1864
vt 0.783357 0.168637
vt 0.790233 0.166661
vt 0.789747 0.165759
vt 0.782031 0.167977
f 502/1865 503/1866 515/1867 514/1868
vt 0.779387 0.172061
vt 0.783357 0.168637
vt 0.782031 0.167977
vt 0.777577 0.171819
f 501/1869 502/1870 514/1871 513/1872
vt 0.779387 0.176015
vt 0.779387 0.172061
vt 0.777577 0.171819
vt 0.777577 0.176256
f 500/1873 501/1874 513/1875 512/1876
vt 0.783357 0.179438
vt 0.779387 0.176015
vt 0.777577 0.176256
vt 0.782031 0.180098
f 499/1877 500/1878 512/1879 511/1880
vt 0.790233 0.181415
vt 0.783357 0.179438
vt 0.782031 0.180098
vt 0.789747 0.182316
f 498/1881 499/1882 511/1883 510/1884
vt 0.798172 0.181415
vt 0.790233 0.181415
vt 0.789747 0.182316
vt 0.798657 0.182316
f 497/1885 498/1886 510/1887 509/1888
vt 0.805048 0.179438
vt 0.798172 0.181415
vt 0.798657 0.182316
vt 0.806373 0.180098
f 496/1889 497/1890 509/1891 508/1892
vt 0.809018 0.176015
vt 0.805048 0.179438
vt 0.806373 0.180098
vt 0.810828 0.176256
f 495/1893 496/1894 508/1895 507/1896
vt 0.809018 0.172061
vt 0.809018 0.176015
vt 0.810828 0.176256
vt 0.810828 0.171819
f 494/1897 495/1898 507/1899 506/1900
vt 0.805048 0.168637
vt 0.809018 0.172061
vt 0.810828 0.171819
vt 0.806373 0.167977
f 505/1901 494/1902 506/1903 517/1904
vt 0.795563 0.173948
vt 0.795563 0.173597
vt 0.794202 0.173316
vt 0.794202 0.173668
f 519/1905 455/1906 454/1907 518/1908
vt 0.794202 0.173668
vt 0.794202 0.173316
vt 0.792842 0.173597
vt 0.792842 0.173948
f 518/1909 454/1910 456/1911 520/1912
vt 0.792842 0.173948
vt 0.792842 0.173597
vt 0.792279 0.174274
vt 0.792279 0.174626
f 520/1913 456/1914 457/1915 521/1916
vt 0.792279 0.174626
vt 0.792279 0.174274
vt 0.792842 0.174951
vt 0.792842 0.175303
f 521/1917 457/1918 458/1919 522/1920
vt 0.792842 0.175303
vt 0.792842 0.174951
vt 0.794202 0.175232
vt 0.794202 0.175584
f 522/1921 458/1922 459/1923 523/1924
vt 0.794202 0.175584
vt 0.794202 0.175232
vt 0.795563 0.174951
vt 0.795563 0.175303
f 523/1925 459/1926 460/1927 524/1928
vt 0.795563 0.175303
vt 0.795563 0.174951
vt 0.796126 0.174274
vt 0.796126 0.174626
f 524/1929 460/1930 461/1931 525/1932
vt 0.795563 0.173597
vt 0.795563 0.173948
vt 0.796126 0.174626
vt 0.796126 0.174274
f 455/1933 519/1934 525/1935 461/1936
vt 0.691063 0.516132
vt 0.726711 0.533955
vt 0.739760 0.522655
f 574/1937 526/1938 528/1939
vt 0.739760 0.522655
vt 0.726711 0.533955
vt 0.691063 0.516132
f 529/1940 527/1941 575/1942
vt 0.691063 0.516132
vt 0.739760 0.522655
vt 0.739760 0.509607
f 574/1943 528/1944 530/1945
vt 0.739760 0.509607
vt 0.739760 0.522655
vt 0.691063 0.516132
f 531/1946 529/1947 575/1948
vt 0.691063 0.516132
vt 0.739760 0.509607
vt 0.726711 0.498308
f 574/1949 530/1950 532/1951
vt 0.726711 0.498308
vt 0.739760 0.509607
vt 0.691063 0.516132
f 533/1952 531/1953 575/1954
vt 0.691063 0.516132
vt 0.726711 0.498308
vt 0.704112 0.491783
f 574/1955 532/1956 534/1957
vt 0.704112 0.491783
vt 0.726711 0.498308
vt 0.691063 0.516132
f 535/1958 533/1959 575/1960
vt 0.691063 0.516132
vt 0.704112 0.491783
vt 0.678015 0.491783
f 574/1961 534/1962 536/1963
vt 0.678015 0.491783
vt 0.704112 0.491783
vt 0.691063 0.516132
f 537/1964 535/1965 575/1966
vt 0.691063 0.516132
vt 0.678015 0.491783
vt 0.655415 0.498308
f 574/1967 536/1968 538/1969
vt 0.655415 0.498308
vt 0.678015 0.491783
vt 0.691063 0.516132
f 539/1970 537/1971 575/1972
vt 0.691063 0.516132
vt 0.655415 0.498308
vt 0.642367 0.509607
f 574/1973 538/1974 540/1975
vt 0.642367 0.509607
vt 0.655415 0.498308
vt 0.691063 0.516132
f 541/1976 539/1977 575/1978
vt 0.691063 0.516132
vt 0.642367 0.509607
vt 0.642367 0.522655
f 574/1979 540/1980 542/1981
vt 0.642367 0.522655
vt 0.642367 0.509607
vt 0.691063 0.516132
f 543/1982 541/1983 575/1984
vt 0.691063 0.516132
vt 0.642367 0.522655
vt 0.655415 0.533955
f 574/1985 542/1986 544/1987
vt 0.655415 0.533955
vt 0.642367 0.522655
vt 0.691063 0.516132
f 545/1988 543/1989 575/1990
vt 0.691063 0.516132
vt 0.655415 0.533955
vt 0.678015 0.540480
f 574/1991 544/1992 546/1993
vt 0.678015 0.540480
vt 0.655415 0.533955
vt 0.691063 0.516132
f 547/1994 545/1995 575/1996
vt 0.691063 0.516132
vt 0.678015 0.540480
vt 0.704111 0.540480
f 574/1997 546/1998 548/1999
vt 0.704111 0.540480
vt 0.678015 0.540480
vt 0.691063 0.516132
f 549/2000 547/2001 575/2002
vt 0.704111 0.540480
vt 0.726711 0.533955
vt 0.691063 0.516132
f 548/2003 526/2004 574/2005
vt 0.691063 0.516132
vt 0.726711 0.533955
vt 0.704111 0.540480
f 575/2006 527/2007 549/2008
vt 0.726711 0.533955
vt 0.752176 0.546688
vt 0.774545 0.527316
vt 0.739760 0.522655
f 526/2009 580/2010 576/2011 528/2012
vt 0.774545 0.527316
vt 0.752176 0.546688
vt 0.726711 0.533955
vt 0.739760 0.522655
f 577/2013 581/2014 527/2015 529/2016
vt 0.752176 0.546688
vt 0.737704 0.539452
vt 0.754776 0.524667
vt 0.774545 0.527316
f 582/2017 550/2018 552/2019 578/2020
vt 0.754776 0.524667
vt 0.737704 0.539452
vt 0.752176 0.546688
vt 0.774545 0.527316
f 553/2021 551/2022 583/2023 579/2024
vt 0.739760 0.522655
vt 0.774545 0.527316
vt 0.774545 0.504947
vt 0.739760 0.509607
f 528/2025 576/2026 584/2027 530/2028
vt 0.774545 0.504947
vt 0.774545 0.527316
vt 0.739760 0.522655
vt 0.739760 0.509607
f 585/2029 577/2030 529/2031 531/2032
vt 0.774545 0.527316
vt 0.754776 0.524667
vt 0.754776 0.507596
vt 0.774545 0.504947
f 578/2033 552/2034 554/2035 586/2036
vt 0.754776 0.507596
vt 0.754776 0.524667
vt 0.774545 0.527316
vt 0.774545 0.504947
f 555/2037 553/2038 579/2039 587/2040
vt 0.739760 0.509607
vt 0.774545 0.504947
vt 0.752176 0.485575
vt 0.726711 0.498308
f 530/2041 584/2042 588/2043 532/2044
vt 0.752176 0.485575
vt 0.774545 0.504947
vt 0.739760 0.509607
vt 0.726711 0.498308
f 589/2045 585/2046 531/2047 533/2048
vt 0.774545 0.504947
vt 0.754776 0.507596
vt 0.737704 0.492811
vt 0.752176 0.485575
f 586/2049 554/2050 556/2051 590/2052
vt 0.737704 0.492811
vt 0.754776 0.507596
vt 0.774545 0.504947
vt 0.752176 0.485575
f 557/2053 555/2054 587/2055 591/2056
vt 0.726711 0.498308
vt 0.752176 0.485575
vt 0.713432 0.474391
vt 0.704112 0.491783
f 532/2057 588/2058 592/2059 534/2060
vt 0.713432 0.474391
vt 0.752176 0.485575
vt 0.726711 0.498308
vt 0.704112 0.491783
f 593/2061 589/2062 533/2063 535/2064
vt 0.752176 0.485575
vt 0.737704 0.492811
vt 0.708135 0.484275
vt 0.713432 0.474391
f 590/2065 556/2066 558/2067 594/2068
vt 0.708135 0.484275
vt 0.737704 0.492811
vt 0.752176 0.485575
vt 0.713432 0.474391
f 559/2069 557/2070 591/2071 595/2072
vt 0.704112 0.491783
vt 0.713432 0.474391
vt 0.668695 0.474391
vt 0.678015 0.491783
f 534/2073 592/2074 596/2075 536/2076
vt 0.668695 0.474391
vt 0.713432 0.474391
vt 0.704112 0.491783
vt 0.678015 0.491783
f 597/2077 593/2078 535/2079 537/2080
vt 0.713432 0.474391
vt 0.708135 0.484275
vt 0.673992 0.484275
vt 0.668695 0.474391
f 594/2081 558/2082 560/2083 598/2084
vt 0.673992 0.484275
vt 0.708135 0.484275
vt 0.713432 0.474391
vt 0.668695 0.474391
f 561/2085 559/2086 595/2087 599/2088
vt 0.678015 0.491783
vt 0.668695 0.474391
vt 0.629950 0.485575
vt 0.655415 0.498308
f 536/2089 596/2090 600/2091 538/2092
vt 0.629950 0.485575
vt 0.668695 0.474391
vt 0.678015 0.491783
vt 0.655415 0.498308
f 601/2093 597/2094 537/2095 539/2096
vt 0.668695 0.474391
vt 0.673992 0.484275
vt 0.644423 0.492811
vt 0.629950 0.485575
f 598/2097 560/2098 562/2099 602/2100
vt 0.644423 0.492811
vt 0.673992 0.484275
vt 0.668695 0.474391
vt 0.629950 0.485575
f 563/2101 561/2102 599/2103 603/2104
vt 0.655415 0.498308
vt 0.629950 0.485575
vt 0.607581 0.504947
vt 0.642367 0.509607
f 538/2105 600/2106 604/2107 540/2108
vt 0.607581 0.504947
vt 0.629950 0.485575
vt 0.655415 0.498308
vt 0.642367 0.509607
f 605/2109 601/2110 539/2111 541/2112
vt 0.629950 0.485575
vt 0.644423 0.492811
vt 0.627351 0.507596
vt 0.607582 0.504947
f 602/2113 562/2114 564/2115 606/2116
vt 0.627351 0.507596
vt 0.644423 0.492811
vt 0.629950 0.485575
vt 0.607582 0.504947
f 565/2117 563/2118 603/2119 607/2120
vt 0.642367 0.509607
vt 0.607581 0.504947
vt 0.607581 0.527316
vt 0.642367 0.522655
f 540/2121 604/2122 608/2123 542/2124
vt 0.607581 0.527316
vt 0.607581 0.504947
vt 0.642367 0.509607
vt 0.642367 0.522655
f 609/2125 605/2126 541/2127 543/2128
vt 0.607582 0.504947
vt 0.627351 0.507596
vt 0.627351 0.524667
vt 0.607581 0.527316
f 606/2129 564/2130 566/2131 610/2132
vt 0.627351 0.524667
vt 0.627351 0.507596
vt 0.607582 0.504947
vt 0.607581 0.527316
f 567/2133 565/2134 607/2135 611/2136
vt 0.642367 0.522655
vt 0.607581 0.527316
vt 0.629950 0.546688
vt 0.655415 0.533955
f 542/2137 608/2138 612/2139 544/2140
vt 0.629950 0.546688
vt 0.607581 0.527316
vt 0.642367 0.522655
vt 0.655415 0.533955
f 613/2141 609/2142 543/2143 545/2144
vt 0.607581 0.527316
vt 0.627351 0.524667
vt 0.644423 0.539452
vt 0.629950 0.546688
f 610/2145 566/2146 568/2147 614/2148
vt 0.644423 0.539452
vt 0.627351 0.524667
vt 0.607581 0.527316
vt 0.629950 0.546688
f 569/2149 567/2150 611/2151 615/2152
vt 0.655415 0.533955
vt 0.629950 0.546688
vt 0.668694 0.557872
vt 0.678015 0.540480
f 544/2153 612/2154 616/2155 546/2156
vt 0.668694 0.557872
vt 0.629950 0.546688
vt 0.655415 0.533955
vt 0.678015 0.540480
f 617/2157 613/2158 545/2159 547/2160
vt 0.629950 0.546688
vt 0.644423 0.539452
vt 0.673992 0.547988
vt 0.668694 0.557872
f 614/2161 568/2162 570/2163 618/2164
vt 0.673992 0.547988
vt 0.644423 0.539452
vt 0.629950 0.546688
vt 0.668694 0.557872
f 571/2165 569/2166 615/2167 619/2168
vt 0.678015 0.540480
vt 0.668694 0.557872
vt 0.713432 0.557872
vt 0.704111 0.540480
f 546/2169 616/2170 620/2171 548/2172
vt 0.713432 0.557872
vt 0.668694 0.557872
vt 0.678015 0.540480
vt 0.704111 0.540480
f 621/2173 617/2174 547/2175 549/2176
vt 0.668694 0.557872
vt 0.673992 0.547988
vt 0.708135 0.547988
vt 0.713432 0.557872
f 618/2177 570/2178 572/2179 622/2180
vt 0.708135 0.547988
vt 0.673992 0.547988
vt 0.668694 0.557872
vt 0.713432 0.557872
f 573/2181 571/2182 619/2183 623/2184
vt 0.737704 0.539452
vt 0.752176 0.546688
vt 0.713432 0.557872
vt 0.708135 0.547988
f 550/2185 582/2186 622/2187 572/2188
vt 0.713432 0.557872
vt 0.752176 0.546688
vt 0.737704 0.539452
vt 0.708135 0.547988
f 623/2189 583/2190 551/2191 573/2192
vt 0.752176 0.546688
vt 0.726711 0.533955
vt 0.704111 0.540480
vt 0.713432 0.557872
f 580/2193 526/2194 548/2195 620/2196
vt 0.704111 0.540480
vt 0.726711 0.533955
vt 0.752176 0.546688
vt 0.713432 0.557872
f 549/2197 527/2198 581/2199 621/2200
vt 0.737704 0.539452
vt 0.708135 0.547988
vt 0.704059 0.540382
vt 0.726569 0.533884
f 550/2201 572/2202 626/2203 648/2204
vt 0.704059 0.540382
vt 0.708135 0.547988
vt 0.737704 0.539452
vt 0.726569 0.533884
f 627/2205 573/2206 551/2207 649/2208
vt 0.708135 0.547988
vt 0.673992 0.547988
vt 0.678067 0.540382
vt 0.704059 0.540382
f 572/2209 570/2210 628/2211 626/2212
vt 0.678067 0.540382
vt 0.673992 0.547988
vt 0.708135 0.547988
vt 0.704059 0.540382
f 629/2213 571/2214 573/2215 627/2216
vt 0.673992 0.547988
vt 0.644423 0.539452
vt 0.655558 0.533884
vt 0.678067 0.540382
f 570/2217 568/2218 630/2219 628/2220
vt 0.655558 0.533884
vt 0.644423 0.539452
vt 0.673992 0.547988
vt 0.678067 0.540382
f 631/2221 569/2222 571/2223 629/2224
vt 0.644423 0.539452
vt 0.627351 0.524667
vt 0.642562 0.522629
vt 0.655558 0.533884
f 568/2225 566/2226 632/2227 630/2228
vt 0.642562 0.522629
vt 0.627351 0.524667
vt 0.644423 0.539452
vt 0.655558 0.533884
f 633/2229 567/2230 569/2231 631/2232
vt 0.627351 0.524667
vt 0.627351 0.507596
vt 0.642562 0.509634
vt 0.642562 0.522629
f 566/2233 564/2234 634/2235 632/2236
vt 0.642562 0.509634
vt 0.627351 0.507596
vt 0.627351 0.524667
vt 0.642562 0.522629
f 635/2237 565/2238 567/2239 633/2240
vt 0.627351 0.507596
vt 0.644423 0.492811
vt 0.655558 0.498379
vt 0.642562 0.509634
f 564/2241 562/2242 636/2243 634/2244
vt 0.655558 0.498379
vt 0.644423 0.492811
vt 0.627351 0.507596
vt 0.642562 0.509634
f 637/2245 563/2246 565/2247 635/2248
vt 0.644423 0.492811
vt 0.673992 0.484275
vt 0.678067 0.491881
vt 0.655558 0.498379
f 562/2249 560/2250 638/2251 636/2252
vt 0.678067 0.491881
vt 0.673992 0.484275
vt 0.644423 0.492811
vt 0.655558 0.498379
f 639/2253 561/2254 563/2255 637/2256
vt 0.673992 0.484275
vt 0.708135 0.484275
vt 0.704059 0.491881
vt 0.678067 0.491881
f 560/2257 558/2258 640/2259 638/2260
vt 0.704059 0.491881
vt 0.708135 0.484275
vt 0.673992 0.484275
vt 0.678067 0.491881
f 641/2261 559/2262 561/2263 639/2264
vt 0.708135 0.484275
vt 0.737704 0.492811
vt 0.726569 0.498379
vt 0.704059 0.491881
f 558/2265 556/2266 642/2267 640/2268
vt 0.726569 0.498379
vt 0.737704 0.492811
vt 0.708135 0.484275
vt 0.704059 0.491881
f 643/2269 557/2270 559/2271 641/2272
vt 0.737704 0.492811
vt 0.754776 0.507596
vt 0.739565 0.509634
vt 0.726569 0.498379
f 556/2273 554/2274 644/2275 642/2276
vt 0.739565 0.509634
vt 0.754776 0.507596
vt 0.737704 0.492811
vt 0.726569 0.498379
f 645/2277 555/2278 557/2279 643/2280
vt 0.754776 0.507596
vt 0.754776 0.524667
vt 0.739565 0.522630
vt 0.739565 0.509634
f 554/2281 552/2282 646/2283 644/2284
vt 0.739565 0.522630
vt 0.754776 0.524667
vt 0.754776 0.507596
vt 0.739565 0.509634
f 647/2285 553/2286 555/2287 645/2288
vt 0.754776 0.524667
vt 0.737704 0.539452
vt 0.726569 0.533884
vt 0.739565 0.522630
f 552/2289 550/2290 648/2291 646/2292
vt 0.726569 0.533884
vt 0.737704 0.539452
vt 0.754776 0.524667
vt 0.739565 0.522630
f 649/2293 551/2294 553/2295 647/2296
vt 0.691063 0.516132
vt 0.739565 0.522630
vt 0.726569 0.533884
f 624/2297 646/2298 648/2299
vt 0.726569 0.533884
vt 0.739565 0.522630
vt 0.691063 0.516132
f 649/2300 647/2301 625/2302
vt 0.691063 0.516132
vt 0.739565 0.509634
vt 0.739565 0.522630
f 624/2303 644/2304 646/2305
vt 0.739565 0.522630
vt 0.739565 0.509634
vt 0.691063 0.516132
f 647/2306 645/2307 625/2308
vt 0.691063 0.516132
vt 0.726569 0.498379
vt 0.739565 0.509634
f 624/2309 642/2310 644/2311
vt 0.739565 0.509634
vt 0.726569 0.498379
vt 0.691063 0.516132
f 645/2312 643/2313 625/2314
vt 0.691063 0.516132
vt 0.704059 0.491881
vt 0.726569 0.498379
f 624/2315 640/2316 642/2317
vt 0.726569 0.498379
vt 0.704059 0.491881
vt 0.691063 0.516132
f 643/2318 641/2319 625/2320
vt 0.691063 0.516132
vt 0.678067 0.491881
vt 0.704059 0.491881
f 624/2321 638/2322 640/2323
vt 0.704059 0.491881
vt 0.678067 0.491881
vt 0.691063 0.516132
f 641/2324 639/2325 625/2326
vt 0.691063 0.516132
vt 0.655558 0.498379
vt 0.678067 0.491881
f 624/2327 636/2328 638/2329
vt 0.678067 0.491881
vt 0.655558 0.498379
vt 0.691063 0.516132
f 639/2330 637/2331 625/2332
vt 0.691063 0.516132
vt 0.642562 0.509634
vt 0.655558 0.498379
f 624/2333 634/2334 636/2335
vt 0.655558 0.498379
vt 0.642562 0.509634
vt 0.691063 0.516132
f 637/2336 635/2337 625/2338
vt 0.691063 0.516132
vt 0.642562 0.522629
vt 0.642562 0.509634
f 624/2339 632/2340 634/2341
vt 0.642562 0.509634
vt 0.642562 0.522629
vt 0.691063 0.516132
f 635/2342 633/2343 625/2344
vt 0.691063 0.516132
vt 0.655558 0.533884
vt 0.642562 0.522629
f 624/2345 630/2346 632/2347
vt 0.642562 0.522629
vt 0.655558 0.533884
vt 0.691063 0.516132
f 633/2348 631/2349 625/2350
vt 0.691063 0.516132
vt 0.678067 0.540382
vt 0.655558 0.533884
f 624/2351 628/2352 630/2353
vt 0.655558 0.533884
vt 0.678067 0.540382
vt 0.691063 0.516132
f 631/2354 629/2355 625/2356
vt 0.691063 0.516132
vt 0.704059 0.540382
vt 0.678067 0.540382
f 624/2357 626/2358 628/2359
vt 0.678067 0.540382
vt 0.704059 0.540382
vt 0.691063 0.516132
f 629/2360 627/2361 625/2362
vt 0.691063 0.516132
vt 0.726569 0.533884
vt 0.704059 0.540382
f 624/2363 648/2364 626/2365
vt 0.704059 0.540382
vt 0.726569 0.533884
vt 0.691063 0.516132
f 627/2366 649/2367 625/2368
vt 0.752176 0.546688
vt 0.758673 0.549936
vt 0.783420 0.528505
vt 0.774545 0.527316
f 580/2369 654/2370 650/2371 576/2372
vt 0.783420 0.528505
vt 0.758673 0.549936
vt 0.752176 0.546688
vt 0.774545 0.527316
f 651/2373 655/2374 581/2375 577/2376
vt 0.787250 0.218672
vt 0.860550 0.218672
vt 0.860550 0.263163
vt 0.787250 0.263163
f 654/2377 656/2378 652/2379 650/2380
vt 0.860550 0.263163
vt 0.860550 0.218672
vt 0.787250 0.218672
vt 0.787250 0.263163
f 653/2381 657/2382 655/2383 651/2384
vt 0.758673 0.549936
vt 0.752176 0.546688
vt 0.774545 0.527316
vt 0.783420 0.528505
f 656/2385 582/2386 578/2387 652/2388
vt 0.774545 0.527316
vt 0.752176 0.546688
vt 0.758673 0.549936
vt 0.783420 0.528505
f 579/2389 583/2390 657/2391 653/2392
vt 0.774545 0.527316
vt 0.783420 0.528505
vt 0.783420 0.503758
vt 0.774545 0.504947
f 576/2393 650/2394 658/2395 584/2396
vt 0.783420 0.503758
vt 0.783420 0.528505
vt 0.774545 0.527316
vt 0.774545 0.504947
f 659/2397 651/2398 577/2399 585/2400
vt 0.787250 0.218672
vt 0.860550 0.218672
vt 0.860550 0.263163
vt 0.787250 0.263163
f 650/2401 652/2402 660/2403 658/2404
vt 0.860550 0.263163
vt 0.860550 0.218672
vt 0.787250 0.218672
vt 0.787250 0.263163
f 661/2405 653/2406 651/2407 659/2408
vt 0.783420 0.528505
vt 0.774545 0.527316
vt 0.774545 0.504947
vt 0.783420 0.503758
f 652/2409 578/2410 586/2411 660/2412
vt 0.774545 0.504947
vt 0.774545 0.527316
vt 0.783420 0.528505
vt 0.783420 0.503758
f 587/2413 579/2414 653/2415 661/2416
vt 0.774545 0.504947
vt 0.783420 0.503758
vt 0.758673 0.482327
vt 0.752176 0.485575
f 584/2417 658/2418 662/2419 588/2420
vt 0.758673 0.482327
vt 0.783420 0.503758
vt 0.774545 0.504947
vt 0.752176 0.485575
f 663/2421 659/2422 585/2423 589/2424
vt 0.787250 0.218672
vt 0.860550 0.218672
vt 0.860550 0.263163
vt 0.787250 0.263163
f 658/2425 660/2426 664/2427 662/2428
vt 0.860550 0.263163
vt 0.860550 0.218672
vt 0.787250 0.218672
vt 0.787250 0.263163
f 665/2429 661/2430 659/2431 663/2432
vt 0.783420 0.503758
vt 0.774545 0.504947
vt 0.752176 0.485575
vt 0.758673 0.482327
f 660/2433 586/2434 590/2435 664/2436
vt 0.752176 0.485575
vt 0.774545 0.504947
vt 0.783420 0.503758
vt 0.758673 0.482327
f 591/2437 587/2438 661/2439 665/2440
vt 0.752176 0.485575
vt 0.758673 0.482327
vt 0.715810 0.469954
vt 0.713432 0.474391
f 588/2441 662/2442 666/2443 592/2444
vt 0.715810 0.469954
vt 0.758673 0.482327
vt 0.752176 0.485575
vt 0.713432 0.474391
f 667/2445 663/2446 589/2447 593/2448
vt 0.787250 0.218672
vt 0.860550 0.218672
vt 0.860550 0.263163
vt 0.787250 0.263163
f 662/2449 664/2450 668/2451 666/2452
vt 0.860550 0.263163
vt 0.860550 0.218672
vt 0.787250 0.218672
vt 0.787250 0.263163
f 669/2453 665/2454 663/2455 667/2456
vt 0.758673 0.482327
vt 0.752176 0.485575
vt 0.713432 0.474391
vt 0.715810 0.469954
f 664/2457 590/2458 594/2459 668/2460
vt 0.713432 0.474391
vt 0.752176 0.485575
vt 0.758673 0.482327
vt 0.715810 0.469954
f 595/2461 591/2462 665/2463 669/2464
vt 0.713432 0.474391
vt 0.715810 0.469954
vt 0.666317 0.469954
vt 0.668695 0.474391
f 592/2465 666/2466 670/2467 596/2468
vt 0.666317 0.469954
vt 0.715810 0.469954
vt 0.713432 0.474391
vt 0.668695 0.474391
f 671/2469 667/2470 593/2471 597/2472
vt 0.787250 0.218672
vt 0.860550 0.218672
vt 0.860550 0.263163
vt 0.787250 0.263163
f 666/2473 668/2474 672/2475 670/2476
vt 0.860550 0.263163
vt 0.860550 0.218672
vt 0.787250 0.218672
vt 0.787250 0.263163
f 673/2477 669/2478 667/2479 671/2480
vt 0.715810 0.469954
vt 0.713432 0.474391
vt 0.668695 0.474391
vt 0.666317 0.469954
f 668/2481 594/2482 598/2483 672/2484
vt 0.668695 0.474391
vt 0.713432 0.474391
vt 0.715810 0.469954
vt 0.666317 0.469954
f 599/2485 595/2486 669/2487 673/2488
vt 0.668695 0.474391
vt 0.666317 0.469954
vt 0.623454 0.482327
vt 0.629950 0.485575
f 596/2489 670/2490 674/2491 600/2492
vt 0.623454 0.482327
vt 0.666317 0.469954
vt 0.668695 0.474391
vt 0.629950 0.485575
f 675/2493 671/2494 597/2495 601/2496
vt 0.787250 0.218672
vt 0.860550 0.218672
vt 0.860550 0.263163
vt 0.787250 0.263163
f 670/2497 672/2498 676/2499 674/2500
vt 0.860550 0.263163
vt 0.860550 0.218672
vt 0.787250 0.218672
vt 0.787250 0.263163
f 677/2501 673/2502 671/2503 675/2504
vt 0.666317 0.469954
vt 0.668695 0.474391
vt 0.629950 0.485575
vt 0.623454 0.482327
f 672/2505 598/2506 602/2507 676/2508
vt 0.629950 0.485575
vt 0.668695 0.474391
vt 0.666317 0.469954
vt 0.623454 0.482327
f 603/2509 599/2510 673/2511 677/2512
vt 0.629950 0.485575
vt 0.623454 0.482327
vt 0.598707 0.503758
vt 0.607581 0.504947
f 600/2513 674/2514 678/2515 604/2516
vt 0.598707 0.503758
vt 0.623454 0.482327
vt 0.629950 0.485575
vt 0.607581 0.504947
f 679/2517 675/2518 601/2519 605/2520
vt 0.787250 0.218672
vt 0.860550 0.218672
vt 0.860550 0.263163
vt 0.787250 0.263163
f 674/2521 676/2522 680/2523 678/2524
vt 0.860550 0.263163
vt 0.860550 0.218672
vt 0.787250 0.218672
vt 0.787250 0.263163
f 681/2525 677/2526 675/2527 679/2528
vt 0.623454 0.482327
vt 0.629950 0.485575
vt 0.607582 0.504947
vt 0.598707 0.503758
f 676/2529 602/2530 606/2531 680/2532
vt 0.607582 0.504947
vt 0.629950 0.485575
vt 0.623454 0.482327
vt 0.598707 0.503758
f 607/2533 603/2534 677/2535 681/2536
vt 0.607581 0.504947
vt 0.598707 0.503758
vt 0.598707 0.528505
vt 0.607581 0.527316
f 604/2537 678/2538 682/2539 608/2540
vt 0.598707 0.528505
vt 0.598707 0.503758
vt 0.607581 0.504947
vt 0.607581 0.527316
f 683/2541 679/2542 605/2543 609/2544
vt 0.787250 0.218672
vt 0.860550 0.218672
vt 0.860550 0.263163
vt 0.787250 0.263163
f 678/2545 680/2546 684/2547 682/2548
vt 0.860550 0.263163
vt 0.860550 0.218672
vt 0.787250 0.218672
vt 0.787250 0.263163
f 685/2549 681/2550 679/2551 683/2552
vt 0.598707 0.503758
vt 0.607582 0.504947
vt 0.607581 0.527316
vt 0.598707 0.528505
f 680/2553 606/2554 610/2555 684/2556
vt 0.607581 0.527316
vt 0.607582 0.504947
vt 0.598707 0.503758
vt 0.598707 0.528505
f 611/2557 607/2558 681/2559 685/2560
vt 0.607581 0.527316
vt 0.598707 0.528505
vt 0.623454 0.549936
vt 0.629950 0.546688
f 608/2561 682/2562 686/2563 612/2564
vt 0.623454 0.549936
vt 0.598707 0.528505
vt 0.607581 0.527316
vt 0.629950 0.546688
f 687/2565 683/2566 609/2567 613/2568
vt 0.787250 0.218672
vt 0.860550 0.218672
vt 0.860550 0.263163
vt 0.787250 0.263163
f 682/2569 684/2570 688/2571 686/2572
vt 0.860550 0.263163
vt 0.860550 0.218672
vt 0.787250 0.218672
vt 0.787250 0.263163
f 689/2573 685/2574 683/2575 687/2576
vt 0.598707 0.528505
vt 0.607581 0.527316
vt 0.629950 0.546688
vt 0.623454 0.549936
f 684/2577 610/2578 614/2579 688/2580
vt 0.629950 0.546688
vt 0.607581 0.527316
vt 0.598707 0.528505
vt 0.623454 0.549936
f 615/2581 611/2582 685/2583 689/2584
vt 0.629950 0.546688
vt 0.623454 0.549936
vt 0.666317 0.562310
vt 0.668694 0.557872
f 612/2585 686/2586 690/2587 616/2588
vt 0.666317 0.562310
vt 0.623454 0.549936
vt 0.629950 0.546688
vt 0.668694 0.557872
f 691/2589 687/2590 613/2591 617/2592
vt 0.787250 0.218672
vt 0.860550 0.218672
vt 0.860550 0.263163
vt 0.787250 0.263163
f 686/2593 688/2594 692/2595 690/2596
vt 0.860550 0.263163
vt 0.860550 0.218672
vt 0.787250 0.218672
vt 0.787250 0.263163
f 693/2597 689/2598 687/2599 691/2600
vt 0.623454 0.549936
vt 0.629950 0.546688
vt 0.668694 0.557872
vt 0.666316 0.562310
f 688/2601 614/2602 618/2603 692/2604
vt 0.668694 0.557872
vt 0.629950 0.546688
vt 0.623454 0.549936
vt 0.666316 0.562310
f 619/2605 615/2606 689/2607 693/2608
vt 0.668694 0.557872
vt 0.666317 0.562310
vt 0.715810 0.562310
vt 0.713432 0.557872
f 616/2609 690/2610 694/2611 620/2612
vt 0.715810 0.562310
vt 0.666317 0.562310
vt 0.668694 0.557872
vt 0.713432 0.557872
f 695/2613 691/2614 617/2615 621/2616
vt 0.787250 0.218672
vt 0.860550 0.218672
vt 0.860550 0.263163
vt 0.787250 0.263163
f 690/2617 692/2618 696/2619 694/2620
vt 0.860550 0.263163
vt 0.860550 0.218672
vt 0.787250 0.218672
vt 0.787250 0.263163
f 697/2621 693/2622 691/2623 695/2624
vt 0.666316 0.562310
vt 0.668694 0.557872
vt 0.713432 0.557872
vt 0.715810 0.562310
f 692/2625 618/2626 622/2627 696/2628
vt 0.713432 0.557872
vt 0.668694 0.557872
vt 0.666316 0.562310
vt 0.715810 0.562310
f 623/2629 619/2630 693/2631 697/2632
vt 0.752176 0.546688
vt 0.758673 0.549936
vt 0.715810 0.562310
vt 0.713432 0.557872
f 582/2633 656/2634 696/2635 622/2636
vt 0.715810 0.562310
vt 0.758673 0.549936
vt 0.752176 0.546688
vt 0.713432 0.557872
f 697/2637 657/2638 583/2639 623/2640
vt 0.860550 0.263163
vt 0.787250 0.263163
vt 0.787250 0.218672
vt 0.860550 0.218672
f 656/2641 654/2642 694/2643 696/2644
vt 0.787250 0.218672
vt 0.787250 0.263163
vt 0.860550 0.263163
vt 0.860550 0.218672
f 695/2645 655/2646 657/2647 697/2648
vt 0.758673 0.549936
vt 0.752176 0.546688
vt 0.713432 0.557872
vt 0.715810 0.562310
f 654/2649 580/2650 620/2651 694/2652
vt 0.713432 0.557872
vt 0.752176 0.546688
vt 0.758673 0.549936
vt 0.715810 0.562310
f 621/2653 581/2654 655/2655 695/2656
vt 0.085239 0.505593
vt 0.081426 0.505593
vt 0.081426 0.505593
vt 0.085239 0.505593
f 698/2657 699/2658 700/2659 701/2660
vt 0.085239 0.505593
vt 0.085239 0.532424
vt 0.081426 0.532424
vt 0.081426 0.505593
f 698/2661 702/2662 703/2663 699/2664
vt 0.081426 0.505593
vt 0.081426 0.532424
vt 0.081426 0.532424
vt 0.081426 0.505593
f 699/2665 703/2666 704/2667 700/2668
vt 0.081426 0.505593
vt 0.081426 0.532424
vt 0.085239 0.532424
vt 0.085239 0.505593
f 700/2669 704/2670 705/2671 701/2672
vt 0.085239 0.532424
vt 0.085239 0.505593
vt 0.085239 0.505593
vt 0.085239 0.532424
f 702/2673 698/2674 701/2675 705/2676
vt 0.085239 0.532424
vt 0.085598 0.533010
vt 0.085598 0.533010
vt 0.085239 0.532424
f 705/2677 710/2678 712/2679 702/2680
vt 0.085598 0.533010
vt 0.087854 0.534138
vt 0.087854 0.534138
vt 0.085598 0.533010
f 710/2681 711/2682 713/2683 712/2684
vt 0.087854 0.534138
vt 0.089302 0.534337
vt 0.089302 0.534337
vt 0.087854 0.534138
f 711/2685 706/2686 709/2687 713/2688
vt 0.081426 0.532424
vt 0.082901 0.534359
vt 0.085598 0.533010
vt 0.085239 0.532424
f 704/2689 714/2690 710/2691 705/2692
vt 0.082901 0.534359
vt 0.085157 0.535487
vt 0.087854 0.534138
vt 0.085598 0.533010
f 714/2693 715/2694 711/2695 710/2696
vt 0.085157 0.535487
vt 0.089302 0.536244
vt 0.089302 0.534337
vt 0.087854 0.534138
f 715/2697 707/2698 706/2699 711/2700
vt 0.081426 0.532424
vt 0.082901 0.534359
vt 0.082901 0.534359
vt 0.081426 0.532424
f 703/2701 716/2702 714/2703 704/2704
vt 0.082901 0.534359
vt 0.085157 0.535487
vt 0.085157 0.535487
vt 0.082901 0.534359
f 716/2705 717/2706 715/2707 714/2708
vt 0.085157 0.535487
vt 0.089302 0.536244
vt 0.089302 0.536244
vt 0.085157 0.535487
f 717/2709 708/2710 707/2711 715/2712
vt 0.085239 0.532424
vt 0.085598 0.533010
vt 0.082901 0.534359
vt 0.081426 0.532424
f 702/2713 712/2714 716/2715 703/2716
vt 0.085598 0.533010
vt 0.087854 0.534138
vt 0.085157 0.535487
vt 0.082901 0.534359
f 712/2717 713/2718 717/2719 716/2720
vt 0.087854 0.534138
vt 0.089302 0.534337
vt 0.089302 0.536244
vt 0.085157 0.535487
f 713/2721 709/2722 708/2723 717/2724
vt 0.089302 0.536244
vt 0.089302 0.534337
vt 0.112607 0.534337
vt 0.112607 0.536244
f 708/2725 709/2726 718/2727 719/2728
vt 0.089302 0.536244
vt 0.089302 0.536244
vt 0.112607 0.536244
vt 0.112607 0.536244
f 707/2729 708/2730 719/2731 720/2732
vt 0.089302 0.534337
vt 0.089302 0.536244
vt 0.112607 0.536244
vt 0.112607 0.534337
f 706/2733 707/2734 720/2735 721/2736
vt 0.089302 0.534337
vt 0.089302 0.534337
vt 0.112607 0.534337
vt 0.112607 0.534337
f 709/2737 706/2738 721/2739 718/2740
vt 0.112607 0.534337
vt 0.112607 0.534337
vt 0.112607 0.536244
vt 0.112607 0.536244
f 718/2741 721/2742 720/2743 719/2744
vt 0.991796 0.658607
vt 0.991796 0.654604
vt 0.991796 0.519541
vt 0.991796 0.515538
f 722/2745 724/2746 726/2747 728/2748
vt 0.991796 0.519541
vt 0.991796 0.654604
vt 0.991796 0.658607
vt 0.991796 0.515538
f 727/2749 725/2750 723/2751 729/2752
vt 0.973198 0.658607
vt 0.973198 0.515538
vt 0.973198 0.519541
vt 0.973198 0.654604
f 730/2753 736/2754 734/2755 732/2756
vt 0.973198 0.519541
vt 0.973198 0.515538
vt 0.973198 0.658607
vt 0.973198 0.654604
f 735/2757 737/2758 731/2759 733/2760
vt 0.991796 0.658607
vt 0.973198 0.658607
vt 0.973198 0.654604
vt 0.991796 0.654604
f 722/2761 730/2762 732/2763 724/2764
vt 0.973198 0.654604
vt 0.973198 0.658607
vt 0.991796 0.658607
vt 0.991796 0.654604
f 733/2765 731/2766 723/2767 725/2768
vt 0.991796 0.654604
vt 0.973198 0.654604
vt 0.973198 0.519541
vt 0.991796 0.519541
f 724/2769 732/2770 734/2771 726/2772
vt 0.973198 0.519541
vt 0.973198 0.654604
vt 0.991796 0.654604
vt 0.991796 0.519541
f 735/2773 733/2774 725/2775 727/2776
vt 0.991796 0.519541
vt 0.973198 0.519541
vt 0.973198 0.515538
vt 0.991796 0.515538
f 726/2777 734/2778 736/2779 728/2780
vt 0.973198 0.515538
vt 0.973198 0.519541
vt 0.991796 0.519541
vt 0.991796 0.515538
f 737/2781 735/2782 727/2783 729/2784
vt 0.983269 0.148665
vt 0.977641 0.146080
vt 0.977641 0.146080
vt 0.983269 0.148665
f 738/2785 740/2786 742/2787 744/2788
vt 0.977641 0.146080
vt 0.977641 0.146080
vt 0.983269 0.148665
vt 0.983269 0.148665
f 743/2789 741/2790 739/2791 745/2792
vt 0.983269 0.148665
vt 0.983859 0.188032
vt 0.978232 0.185447
vt 0.977641 0.146080
f 738/2793 746/2794 748/2795 740/2796
vt 0.978232 0.185447
vt 0.983859 0.188032
vt 0.983269 0.148665
vt 0.977641 0.146080
f 749/2797 747/2798 739/2799 741/2800
vt 0.977641 0.146080
vt 0.978232 0.185447
vt 0.977601 0.185790
vt 0.977641 0.146080
f 740/2801 748/2802 750/2803 742/2804
vt 0.977601 0.185790
vt 0.978232 0.185447
vt 0.977641 0.146080
vt 0.977641 0.146080
f 751/2805 749/2806 741/2807 743/2808
vt 0.977641 0.146080
vt 0.977601 0.185790
vt 0.983229 0.188375
vt 0.983269 0.148665
f 742/2809 750/2810 752/2811 744/2812
vt 0.983229 0.188375
vt 0.977601 0.185790
vt 0.977641 0.146080
vt 0.983269 0.148665
f 753/2813 751/2814 743/2815 745/2816
vt 0.983859 0.188032
vt 0.983269 0.148665
vt 0.983269 0.148665
vt 0.983229 0.188375
f 746/2817 738/2818 744/2819 752/2820
vt 0.983269 0.148665
vt 0.983269 0.148665
vt 0.983859 0.188032
vt 0.983229 0.188375
f 745/2821 739/2822 747/2823 753/2824
vt 0.983859 0.188032
vt 0.983229 0.188375
vt 0.974952 0.192879
vt 0.975583 0.192536
f 746/2825 752/2826 754/2827 760/2828
vt 0.974952 0.192879
vt 0.983229 0.188375
vt 0.983859 0.188032
vt 0.975583 0.192536
f 755/2829 753/2830 747/2831 761/2832
vt 0.983229 0.188375
vt 0.977601 0.185790
vt 0.969325 0.190294
vt 0.974952 0.192879
f 752/2833 750/2834 756/2835 754/2836
vt 0.969325 0.190294
vt 0.977601 0.185790
vt 0.983229 0.188375
vt 0.974952 0.192879
f 757/2837 751/2838 753/2839 755/2840
vt 0.977601 0.185790
vt 0.978232 0.185447
vt 0.969956 0.189951
vt 0.969325 0.190294
f 750/2841 748/2842 758/2843 756/2844
vt 0.969956 0.189951
vt 0.978232 0.185447
vt 0.977601 0.185790
vt 0.969325 0.190294
f 759/2845 749/2846 751/2847 757/2848
vt 0.978232 0.185447
vt 0.983859 0.188032
vt 0.975583 0.192536
vt 0.969956 0.189951
f 748/2849 746/2850 760/2851 758/2852
vt 0.975583 0.192536
vt 0.983859 0.188032
vt 0.978232 0.185447
vt 0.969956 0.189951
f 761/2853 747/2854 749/2855 759/2856
vt 0.975583 0.192536
vt 0.974952 0.192879
vt 0.969325 0.190294
vt 0.969956 0.189951
f 760/2857 754/2858 756/2859 758/2860
vt 0.969325 0.190294
vt 0.974952 0.192879
vt 0.975583 0.192536
vt 0.969956 0.189951
f 757/2861 755/2862 761/2863 759/2864
vt 0.986564 0.146188
vt 0.934717 0.145912
vt 0.944728 0.158194
vt 0.973597 0.158347
f 762/2865 764/2866 766/2867 768/2868
vt 0.944728 0.158194
vt 0.934717 0.145912
vt 0.986564 0.146188
vt 0.973597 0.158347
f 767/2869 765/2870 763/2871 769/2872
vt 0.987291 0.198874
vt 0.974002 0.187684
vt 0.945133 0.187531
vt 0.935444 0.198599
f 770/2873 776/2874 774/2875 772/2876
vt 0.945133 0.187531
vt 0.974002 0.187684
vt 0.987291 0.198874
vt 0.935444 0.198599
f 775/2877 777/2878 771/2879 773/2880
vt 0.986441 0.086243
vt 0.986164 0.140153
vt 0.934606 0.139621
vt 0.934883 0.085712
f 762/2881 770/2882 772/2883 764/2884
vt 0.934606 0.139621
vt 0.986164 0.140153
vt 0.986441 0.086243
vt 0.934883 0.085712
f 773/2885 771/2886 763/2887 765/2888
vt 0.934717 0.145912
vt 0.935444 0.198599
vt 0.945133 0.187531
vt 0.944728 0.158194
f 764/2889 772/2890 774/2891 766/2892
vt 0.945133 0.187531
vt 0.935444 0.198599
vt 0.934717 0.145912
vt 0.944728 0.158194
f 775/2893 773/2894 765/2895 767/2896
vt 0.944728 0.158194
vt 0.945133 0.187531
vt 0.974002 0.187684
vt 0.973597 0.158347
f 766/2897 774/2898 776/2899 768/2900
vt 0.974002 0.187684
vt 0.945133 0.187531
vt 0.944728 0.158194
vt 0.973597 0.158347
f 777/2901 775/2902 767/2903 769/2904
vt 0.987291 0.198874
vt 0.986564 0.146188
vt 0.973597 0.158347
vt 0.974002 0.187684
f 770/2905 762/2906 768/2907 776/2908
vt 0.973597 0.158347
vt 0.986564 0.146188
vt 0.987291 0.198874
vt 0.974002 0.187684
f 769/2909 763/2910 771/2911 777/2912
vt 0.923664 0.474063
vt 0.970239 0.474063
vt 0.981095 0.456389
f 778/2913 780/2914 782/2915
vt 0.981095 0.456389
vt 0.970239 0.474063
vt 0.923664 0.474063
f 783/2916 781/2917 779/2918
vt 0.923664 0.504912
vt 0.923664 0.474063
vt 0.804681 0.504912
f 784/2919 778/2920 786/2921
vt 0.804681 0.504912
vt 0.923664 0.474063
vt 0.923664 0.504912
f 786/2922 779/2923 785/2924
vt 0.993140 0.456389
vt 0.993141 0.504912
vt 0.993140 0.504912
vt 0.993140 0.456389
f 787/2925 789/2926 791/2927 793/2928
vt 0.993140 0.504912
vt 0.993141 0.504912
vt 0.993140 0.456389
vt 0.993140 0.456389
f 792/2929 790/2930 788/2931 794/2932
vt 0.804681 0.456389
vt 0.981095 0.456389
vt 0.982575 0.456389
vt 0.804680 0.456389
f 795/2933 782/2934 796/2935 798/2936
vt 0.982575 0.456389
vt 0.981095 0.456389
vt 0.804681 0.456389
vt 0.804680 0.456389
f 797/2937 783/2938 795/2939 798/2940
vt 0.804681 0.504912
vt 0.923664 0.474063
vt 0.981095 0.456389
vt 0.804681 0.456389
f 786/2941 778/2942 782/2943 795/2944
vt 0.981095 0.456389
vt 0.923664 0.474063
vt 0.804681 0.504912
vt 0.804681 0.456389
f 783/2945 779/2946 786/2947 795/2948
vt 0.981095 0.456389
vt 0.984039 0.456389
vt 0.987581 0.456389
vt 0.982575 0.456389
f 782/2949 799/2950 801/2951 796/2952
vt 0.987581 0.456389
vt 0.984039 0.456389
vt 0.981095 0.456389
vt 0.982575 0.456389
f 802/2953 800/2954 783/2955 797/2956
vt 0.982575 0.504912
vt 0.987581 0.504912
vt 0.984039 0.504912
vt 0.981095 0.504912
f 803/2957 805/2958 807/2959 809/2960
vt 0.984039 0.504912
vt 0.987581 0.504912
vt 0.982575 0.504912
vt 0.981095 0.504912
f 808/2961 806/2962 804/2963 810/2964
vt 0.981095 0.504912
vt 0.984039 0.504912
vt 0.984039 0.456389
vt 0.981095 0.456389
f 809/2965 807/2966 799/2967 782/2968
vt 0.984039 0.456389
vt 0.984039 0.504912
vt 0.981095 0.504912
vt 0.981095 0.456389
f 800/2969 808/2970 810/2971 783/2972
vt 0.987581 0.504912
vt 0.982575 0.504912
vt 0.982575 0.456389
vt 0.987581 0.456389
f 805/2973 803/2974 796/2975 801/2976
vt 0.982575 0.456389
vt 0.982575 0.504912
vt 0.987581 0.504912
vt 0.987581 0.456389
f 797/2977 804/2978 806/2979 802/2980
vt 0.993140 0.456389
vt 0.987826 0.456389
vt 0.987826 0.504912
vt 0.993141 0.504912
f 787/2981 811/2982 813/2983 789/2984
vt 0.987826 0.504912
vt 0.987826 0.456389
vt 0.993140 0.456389
vt 0.993141 0.504912
f 814/2985 812/2986 788/2987 790/2988
vt 0.993140 0.504912
vt 0.990912 0.504912
vt 0.990912 0.456389
vt 0.993140 0.456389
f 791/2989 815/2990 817/2991 793/2992
vt 0.990912 0.456389
vt 0.990912 0.504912
vt 0.993140 0.504912
vt 0.993140 0.456389
f 818/2993 816/2994 792/2995 794/2996
vt 0.990912 0.504912
vt 0.987581 0.504912
vt 0.987581 0.456389
vt 0.990912 0.456389
f 815/2997 805/2998 801/2999 817/3000
vt 0.987581 0.456389
vt 0.987581 0.504912
vt 0.990912 0.504912
vt 0.990912 0.456389
f 802/3001 806/3002 816/3003 818/3004
vt 0.987828 0.504912
vt 0.987826 0.504912
vt 0.987826 0.456389
vt 0.987828 0.456389
f 819/3005 813/3006 811/3007 821/3008
vt 0.987826 0.456389
vt 0.987826 0.504912
vt 0.987828 0.504912
vt 0.987828 0.456389
f 812/3009 814/3010 820/3011 822/3012
vt 0.984039 0.504912
vt 0.986316 0.504912
vt 0.986315 0.456389
vt 0.984039 0.456389
f 807/3013 823/3014 825/3015 799/3016
vt 0.986315 0.456389
vt 0.986316 0.504912
vt 0.984039 0.504912
vt 0.984039 0.456389
f 826/3017 824/3018 808/3019 800/3020
vt 0.986316 0.504912
vt 0.987828 0.504912
vt 0.987828 0.456389
vt 0.986315 0.456389
f 823/3021 819/3022 821/3023 825/3024
vt 0.987828 0.456389
vt 0.987828 0.504912
vt 0.986316 0.504912
vt 0.986315 0.456389
f 822/3025 820/3026 824/3027 826/3028
vt 0.984039 0.456389
vt 0.986315 0.456389
vt 0.990912 0.456389
vt 0.987581 0.456389
f 799/3029 825/3030 817/3031 801/3032
vt 0.990912 0.456389
vt 0.986315 0.456389
vt 0.984039 0.456389
vt 0.987581 0.456389
f 818/3033 826/3034 800/3035 802/3036
vt 0.993140 0.456389
vt 0.990912 0.456389
vt 0.986315 0.456389
vt 0.987828 0.456389
f 793/3037 817/3038 825/3039 821/3040
vt 0.986315 0.456389
vt 0.990912 0.456389
vt 0.993140 0.456389
vt 0.987828 0.456389
f 826/3041 818/3042 794/3043 822/3044
vt 0.993140 0.456389
vt 0.993140 0.456389
vt 0.987828 0.456389
vt 0.987826 0.456389
f 787/3045 793/3046 821/3047 811/3048
vt 0.987828 0.456389
vt 0.993140 0.456389
vt 0.993140 0.456389
vt 0.987826 0.456389
f 822/3049 794/3050 788/3051 812/3052
vt 0.984039 0.504912
vt 0.987581 0.504912
vt 0.990912 0.504912
vt 0.986316 0.504912
f 807/3053 805/3054 815/3055 823/3056
vt 0.990912 0.504912
vt 0.987581 0.504912
vt 0.984039 0.504912
vt 0.986316 0.504912
f 816/3057 806/3058 808/3059 824/3060
vt 0.993140 0.504912
vt 0.987828 0.504912
vt 0.986316 0.504912
vt 0.990912 0.504912
f 791/3061 819/3062 823/3063 815/3064
vt 0.986316 0.504912
vt 0.987828 0.504912
vt 0.993140 0.504912
vt 0.990912 0.504912
f 824/3065 820/3066 792/3067 816/3068
vt 0.993141 0.504912
vt 0.987826 0.504912
vt 0.987828 0.504912
vt 0.993140 0.504912
f 789/3069 813/3070 819/3071 791/3072
vt 0.987828 0.504912
vt 0.987826 0.504912
vt 0.993141 0.504912
vt 0.993140 0.504912
f 820/3073 814/3074 790/3075 792/3076
vt 0.970239 0.504912
vt 0.981095 0.504912
vt 0.981095 0.456389
vt 0.970239 0.474063
f 827/3077 809/3078 782/3079 780/3080
vt 0.981095 0.456389
vt 0.981095 0.504912
vt 0.970239 0.504912
vt 0.970239 0.474063
f 783/3081 810/3082 828/3083 781/3084
vt 0.982575 0.456389
vt 0.970239 0.474063
vt 0.923664 0.474063
vt 0.804680 0.456389
f 796/3085 829/3086 831/3087 798/3088
vt 0.923664 0.474063
vt 0.970239 0.474063
vt 0.982575 0.456389
vt 0.804680 0.456389
f 832/3089 830/3090 797/3091 798/3092
vt 0.982575 0.504912
vt 0.970239 0.504912
vt 0.970239 0.474063
vt 0.982575 0.456389
f 803/3093 833/3094 829/3095 796/3096
vt 0.970239 0.474063
vt 0.970239 0.504912
vt 0.982575 0.504912
vt 0.982575 0.456389
f 830/3097 834/3098 804/3099 797/3100
vt 0.970239 0.504912
vt 0.970239 0.504912
vt 0.982575 0.504912
vt 0.981095 0.504912
f 827/3101 833/3102 803/3103 809/3104
vt 0.982575 0.504912
vt 0.970239 0.504912
vt 0.970239 0.504912
vt 0.981095 0.504912
f 804/3105 834/3106 828/3107 810/3108
vt 0.970239 0.474063
vt 0.923664 0.474063
vt 0.923664 0.474063
vt 0.970239 0.474063
f 780/3109 778/3110 831/3111 829/3112
vt 0.923664 0.474063
vt 0.923664 0.474063
vt 0.970239 0.474063
vt 0.970239 0.474063
f 832/3113 779/3114 781/3115 830/3116
vt 0.804680 0.456389
vt 0.923664 0.474063
vt 0.923664 0.504912
vt 0.804680 0.504912
f 798/3117 831/3118 835/3119 837/3120
vt 0.923664 0.504912
vt 0.923664 0.474063
vt 0.804680 0.456389
vt 0.804680 0.504912
f 836/3121 832/3122 798/3123 837/3124
vt 0.804680 0.504912
vt 0.923664 0.504912
vt 0.923664 0.504912
vt 0.804681 0.504912
f 837/3125 835/3126 784/3127 786/3128
vt 0.923664 0.504912
vt 0.923664 0.504912
vt 0.804680 0.504912
vt 0.804681 0.504912
f 785/3129 836/3130 837/3131 786/3132
vt 0.970239 0.474063
vt 0.970239 0.504912
vt 0.970239 0.504912
vt 0.970239 0.474063
f 829/3133 833/3134 827/3135 780/3136
vt 0.970239 0.504912
vt 0.970239 0.504912
vt 0.970239 0.474063
vt 0.970239 0.474063
f 828/3137 834/3138 830/3139 781/3140
vt 0.923664 0.474063
vt 0.923664 0.504912
vt 0.923664 0.504912
vt 0.923664 0.474063
f 778/3141 784/3142 835/3143 831/3144
vt 0.923664 0.504912
vt 0.923664 0.504912
vt 0.923664 0.474063
vt 0.923664 0.474063
f 836/3145 785/3146 779/3147 832/3148
vt 0.352971 0.041316
vt 0.352971 0.022331
vt 0.744286 0.022331
vt 0.744286 0.041316
f 839/3149 838/3150 840/3151 841/3152
vt 0.352971 0.041316
vt 0.744286 0.041316
vt 0.744286 0.176804
vt 0.352971 0.176804
f 839/3153 841/3154 842/3155 843/3156
vt 0.930352 0.751754
vt 0.659275 0.757454
vt 0.659275 0.746673
vt 0.928174 0.746673
f 842/3157 841/3158 846/3159 845/3160
vt 0.321944 0.480354
vt 0.050867 0.474655
vt 0.053045 0.468132
vt 0.321944 0.468132
f 839/3161 843/3162 844/3163 848/3164
vt 0.994483 0.992245
vt 0.602978 0.992245
vt 0.602978 0.987163
vt 0.994483 0.987163
f 843/3165 842/3166 845/3167 844/3168
vt 0.659275 0.757454
vt 0.621291 0.757454
vt 0.621291 0.746673
vt 0.659275 0.746673
f 841/3169 840/3170 847/3171 846/3172
vt 0.590960 0.997948
vt 0.199455 0.997948
vt 0.199455 0.987166
vt 0.590960 0.987166
f 840/3173 838/3174 849/3175 847/3176
vt 0.359928 0.480354
vt 0.321944 0.480354
vt 0.321944 0.468132
vt 0.359928 0.468132
f 838/3177 839/3178 848/3179 849/3180
vt 0.359929 0.468132
vt 0.359928 0.468132
vt 0.321944 0.468132
vt 0.321944 0.468132
f 847/3181 849/3182 848/3183 846/3184
vt 0.744286 0.175719
vt 0.744286 0.041320
vt 0.352971 0.041320
vt 0.352971 0.175719
f 845/3185 846/3186 848/3187 844/3188
vt 0.356171 0.478905
vt 0.321944 0.478905
vt 0.321944 0.461275
f 850/3189 851/3190 852/3191
vt 0.625048 0.756004
vt 0.659275 0.738374
vt 0.659275 0.756004
f 853/3192 854/3193 855/3194
vt 0.968031 0.970506
vt 0.974185 0.962837
vt 0.991588 0.991444
f 856/3195 857/3196 858/3197
vt 0.075284 0.470407
vt 0.069041 0.452918
vt 0.070659 0.457452
f 859/3198 860/3199 861/3200
vt 0.623277 0.962837
vt 0.629431 0.970506
vt 0.605874 0.991444
f 862/3201 863/3202 864/3203
vt 0.030179 0.344057
vt 0.033047 0.352093
vt 0.035785 0.359761
f 865/3204 866/3205 867/3206
vt 0.605874 0.862282
vt 0.629431 0.869668
vt 0.623277 0.877338
f 868/3207 869/3208 870/3209
vt 0.991588 0.991444
vt 0.951593 0.975040
vt 0.968031 0.970506
f 858/3210 871/3211 856/3212
vt 0.968031 0.869668
vt 0.951593 0.865134
vt 0.991588 0.862282
f 872/3213 873/3214 874/3215
vt 0.033047 0.352093
vt 0.031429 0.347559
vt 0.030179 0.344057
f 875/3216 876/3217 877/3218
vt 0.629431 0.970506
vt 0.645868 0.975040
vt 0.605874 0.991444
f 863/3219 878/3220 864/3221
vt 0.066303 0.445250
vt 0.069041 0.452918
vt 0.075284 0.470407
f 879/3222 860/3223 859/3224
vt 0.030179 0.344057
vt 0.031429 0.347559
vt 0.033047 0.352093
f 865/3225 880/3226 866/3227
vt 0.035785 0.359761
vt 0.033047 0.352093
vt 0.030179 0.344057
f 881/3228 875/3229 877/3230
vt 0.070659 0.457452
vt 0.069041 0.452918
vt 0.075284 0.470407
f 882/3231 883/3232 884/3233
vt 0.069041 0.452918
vt 0.066303 0.445250
vt 0.075284 0.470407
f 883/3234 885/3235 884/3236
vt 0.605874 0.862282
vt 0.645868 0.865134
vt 0.629431 0.869668
f 868/3237 886/3238 869/3239
vt 0.991588 0.862282
vt 0.974185 0.877338
vt 0.968031 0.869668
f 874/3240 887/3241 872/3242
vt 0.347917 0.452918
vt 0.347921 0.445250
vt 0.347904 0.474880
f 888/3243 889/3244 890/3245
vt 0.588065 0.862285
vt 0.570662 0.877341
vt 0.564508 0.869671
f 891/3246 892/3247 893/3248
vt 0.202351 0.996499
vt 0.225908 0.970509
vt 0.242346 0.975043
f 850/3249 894/3250 895/3251
vt 0.225908 0.869671
vt 0.219754 0.877341
vt 0.202351 0.862285
f 896/3252 897/3253 898/3254
vt 0.347977 0.347559
vt 0.347974 0.352093
vt 0.347979 0.344057
f 899/3255 900/3256 901/3257
vt 0.202351 0.862285
vt 0.242346 0.865137
vt 0.225908 0.869671
f 898/3258 902/3259 896/3260
vt 0.347979 0.344057
vt 0.347974 0.352093
vt 0.347977 0.347559
f 903/3261 904/3262 905/3263
vt 0.347904 0.474880
vt 0.347914 0.457452
vt 0.347917 0.452918
f 890/3264 906/3265 888/3266
vt 0.588064 0.996499
vt 0.548070 0.975043
vt 0.564508 0.970509
f 853/3267 907/3268 908/3269
vt 0.225908 0.970509
vt 0.202351 0.996499
vt 0.219754 0.962839
f 894/3270 850/3271 909/3272
vt 0.347921 0.445250
vt 0.347917 0.452918
vt 0.347904 0.474880
f 910/3273 911/3274 912/3275
vt 0.347974 0.352093
vt 0.347970 0.359761
vt 0.347979 0.344057
f 900/3276 913/3277 901/3278
vt 0.564508 0.869671
vt 0.548070 0.865137
vt 0.588065 0.862285
f 893/3279 914/3280 891/3281
vt 0.347979 0.344057
vt 0.347970 0.359761
vt 0.347974 0.352093
f 903/3282 915/3283 904/3284
vt 0.347917 0.452918
vt 0.347914 0.457452
vt 0.347904 0.474880
f 911/3285 916/3286 912/3287
vt 0.564508 0.970509
vt 0.570662 0.962839
vt 0.588064 0.996499
f 908/3288 917/3289 853/3290
vt 0.588065 0.809177
vt 0.588065 0.862285
vt 0.202351 0.862285
vt 0.202351 0.809177
f 920/3291 891/3292 898/3293 921/3294
vt 0.083371 0.461275
vt 0.321944 0.461275
vt 0.321944 0.478905
vt 0.068179 0.473853
f 922/3295 852/3296 851/3297 858/3298
vt 0.020442 0.344707
vt 0.041343 0.344057
vt 0.083371 0.461275
vt 0.068179 0.473853
f 874/3299 923/3300 922/3301 858/3302
vt 0.028000 0.244636
vt 0.169010 0.244636
vt 0.157246 0.250121
vt 0.041343 0.250121
f 918/3303 925/3304 926/3305 924/3306
vt 0.169010 0.244636
vt 0.214865 0.291605
vt 0.205275 0.297070
vt 0.157246 0.250121
f 925/3307 927/3308 928/3309 926/3310
vt 0.356171 0.291605
vt 0.322019 0.297070
vt 0.205275 0.297070
vt 0.214865 0.291605
f 921/3311 929/3312 928/3313 927/3314
vt 0.356171 0.291605
vt 0.356171 0.344707
vt 0.322019 0.344057
vt 0.322019 0.297070
f 921/3315 898/3316 930/3317 929/3318
vt 0.356171 0.344707
vt 0.356171 0.478905
vt 0.321944 0.461275
vt 0.322019 0.344057
f 898/3319 850/3320 852/3321 930/3322
vt 0.960777 0.621806
vt 0.913040 0.750953
vt 0.897848 0.738374
vt 0.939876 0.621156
f 868/3323 864/3324 933/3325 931/3326
vt 0.953219 0.521735
vt 0.939876 0.527220
vt 0.823973 0.527220
vt 0.812209 0.521735
f 919/3327 932/3328 934/3329 935/3330
vt 0.812209 0.521735
vt 0.823973 0.527220
vt 0.775944 0.574169
vt 0.766354 0.568704
f 935/3331 934/3332 936/3333 937/3334
vt 0.625048 0.568704
vt 0.766354 0.568704
vt 0.775944 0.574169
vt 0.659200 0.574169
f 920/3335 937/3336 936/3337 938/3338
vt 0.625048 0.568704
vt 0.659200 0.574169
vt 0.659200 0.621156
vt 0.625048 0.621806
f 920/3339 938/3340 939/3341 891/3342
vt 0.625048 0.621806
vt 0.659200 0.621156
vt 0.659275 0.738374
vt 0.625048 0.756004
f 891/3343 939/3344 854/3345 853/3346
vt 0.897848 0.738374
vt 0.913040 0.750953
vt 0.659275 0.756004
vt 0.659275 0.738374
f 933/3347 864/3348 855/3349 854/3350
vt 0.083371 0.461275
vt 0.083371 0.461275
vt 0.321944 0.461275
vt 0.321944 0.461275
f 922/3351 940/3352 941/3353 852/3354
vt 0.083371 0.461275
vt 0.083371 0.461275
vt 0.321944 0.461275
vt 0.321944 0.461275
f 942/3355 933/3356 854/3357 943/3358
vt 0.083371 0.461275
vt 0.083371 0.461275
vt 0.041343 0.344057
vt 0.041343 0.344057
f 933/3359 942/3360 944/3361 931/3362
vt 0.083371 0.461275
vt 0.083371 0.461275
vt 0.041343 0.344057
vt 0.041343 0.344057
f 940/3363 922/3364 923/3365 945/3366
vt 0.321944 0.461275
vt 0.321944 0.461275
vt 0.322019 0.344057
vt 0.322019 0.344057
f 852/3367 941/3368 946/3369 930/3370
vt 0.321944 0.461275
vt 0.321944 0.461275
vt 0.322019 0.344057
vt 0.322019 0.344057
f 943/3371 854/3372 939/3373 947/3374
vt 0.322019 0.297070
vt 0.322019 0.297070
vt 0.322019 0.344057
vt 0.322019 0.344057
f 938/3375 948/3376 947/3377 939/3378
vt 0.322019 0.297070
vt 0.322019 0.297070
vt 0.322019 0.344057
vt 0.322019 0.344057
f 949/3379 929/3380 930/3381 946/3382
vt 0.205275 0.297070
vt 0.205275 0.297070
vt 0.157246 0.250121
vt 0.157246 0.250121
f 928/3383 950/3384 951/3385 926/3386
vt 0.205276 0.297070
vt 0.205276 0.297070
vt 0.157246 0.250121
vt 0.157246 0.250121
f 952/3387 936/3388 934/3389 953/3390
vt 0.322019 0.297070
vt 0.322019 0.297070
vt 0.205275 0.297070
vt 0.205275 0.297070
f 929/3391 949/3392 950/3393 928/3394
vt 0.322019 0.297070
vt 0.322019 0.297070
vt 0.205276 0.297070
vt 0.205276 0.297070
f 948/3395 938/3396 936/3397 952/3398
vt 0.157246 0.250121
vt 0.157246 0.250121
vt 0.041343 0.250121
vt 0.041343 0.250121
f 926/3399 951/3400 954/3401 924/3402
vt 0.157246 0.250121
vt 0.157246 0.250121
vt 0.041344 0.250121
vt 0.041344 0.250121
f 953/3403 934/3404 932/3405 955/3406
vt 0.041343 0.250121
vt 0.041343 0.250121
vt 0.041343 0.344057
vt 0.041343 0.344057
f 924/3407 954/3408 945/3409 923/3410
vt 0.041344 0.250121
vt 0.041344 0.250121
vt 0.041343 0.344057
vt 0.041343 0.344057
f 955/3411 932/3412 931/3413 944/3414
vt 0.321944 0.461275
vt 0.322019 0.344057
vt 0.347979 0.344057
vt 0.347904 0.474880
f 943/3415 947/3416 901/3417 912/3418
vt 0.083371 0.461275
vt 0.321944 0.461275
vt 0.347904 0.474880
vt 0.075284 0.470407
f 942/3419 943/3420 912/3421 884/3422
vt 0.083371 0.461275
vt 0.075284 0.470407
vt 0.030179 0.344057
vt 0.041343 0.344057
f 942/3423 884/3424 877/3425 944/3426
vt 0.083371 0.461275
vt 0.075284 0.470407
vt 0.347904 0.474880
vt 0.321944 0.461275
f 940/3427 859/3428 890/3429 941/3430
vt 0.321944 0.461275
vt 0.347904 0.474880
vt 0.347979 0.344057
vt 0.322019 0.344057
f 941/3431 890/3432 903/3433 946/3434
vt 0.083371 0.461275
vt 0.041343 0.344057
vt 0.030179 0.344057
vt 0.075284 0.470407
f 940/3435 945/3436 865/3437 859/3438
vt 0.205276 0.297070
vt 0.157246 0.250121
vt 0.157246 0.244642
vt 0.205276 0.291605
f 952/3439 953/3440 956/3441 957/3442
vt 0.157246 0.250121
vt 0.205275 0.297070
vt 0.205275 0.291605
vt 0.157246 0.244642
f 951/3443 950/3444 958/3445 959/3446
vt 0.322019 0.344057
vt 0.347979 0.344057
vt 0.347979 0.291605
vt 0.322019 0.297070
f 946/3447 903/3448 960/3449 949/3450
vt 0.205275 0.297070
vt 0.322019 0.297070
vt 0.347979 0.291605
vt 0.205275 0.291605
f 950/3451 949/3452 960/3453 958/3454
vt 0.205276 0.297070
vt 0.205276 0.291605
vt 0.347979 0.291605
vt 0.322019 0.297070
f 952/3455 957/3456 961/3457 948/3458
vt 0.322019 0.344057
vt 0.322019 0.297070
vt 0.347979 0.291605
vt 0.347979 0.344057
f 947/3459 948/3460 961/3461 901/3462
vt 0.347979 0.344057
vt 0.347979 0.344057
vt 0.347979 0.291605
vt 0.347979 0.291605
f 903/3463 901/3464 961/3465 960/3466
vt 0.041343 0.344057
vt 0.030179 0.344057
vt 0.030179 0.244636
vt 0.041344 0.250121
f 944/3467 877/3468 962/3469 955/3470
vt 0.157246 0.250121
vt 0.041344 0.250121
vt 0.030179 0.244636
vt 0.157246 0.244642
f 953/3471 955/3472 962/3473 956/3474
vt 0.030179 0.344057
vt 0.030179 0.344057
vt 0.030179 0.244636
vt 0.030179 0.244636
f 877/3475 865/3476 963/3477 962/3478
vt 0.157246 0.250121
vt 0.157246 0.244642
vt 0.030179 0.244636
vt 0.041343 0.250121
f 951/3479 959/3480 963/3481 954/3482
vt 0.623277 0.877338
vt 0.623277 0.962837
vt 0.605874 0.991444
vt 0.605874 0.862282
f 870/3483 862/3484 864/3485 868/3486
vt 0.991588 0.862282
vt 0.991588 0.991444
vt 0.974185 0.962837
vt 0.974185 0.877338
f 874/3487 858/3488 857/3489 887/3490
vt 0.075284 0.470407
vt 0.070659 0.457452
vt 0.070659 0.457452
vt 0.075284 0.470407
f 859/3491 861/3492 882/3493 884/3494
vt 0.991588 0.862282
vt 0.951593 0.865134
vt 0.645868 0.865134
vt 0.605874 0.862282
f 874/3495 873/3496 886/3497 868/3498
vt 0.284293 0.967109
vt 0.281740 0.959960
vt 0.273633 0.959960
vt 0.276276 0.967109
f 860/3499 879/3500 857/3501 856/3502
vt 0.250739 0.873119
vt 0.241533 0.873119
vt 0.244176 0.880268
vt 0.253291 0.880268
f 866/3503 872/3504 887/3505 867/3506
vt 0.066303 0.445250
vt 0.035785 0.359761
vt 0.030179 0.344057
vt 0.075284 0.470407
f 885/3507 881/3508 877/3509 884/3510
vt 0.244176 0.880268
vt 0.241533 0.873119
vt 0.250739 0.873119
vt 0.253291 0.880268
f 870/3511 869/3512 875/3513 881/3514
vt 0.284293 0.967109
vt 0.276276 0.967109
vt 0.277838 0.971335
vt 0.285801 0.971335
f 860/3515 856/3516 871/3517 861/3518
vt 0.250739 0.873119
vt 0.249231 0.868893
vt 0.239971 0.868893
vt 0.241533 0.873119
f 866/3519 880/3520 873/3521 872/3522
vt 0.035785 0.359761
vt 0.066303 0.445250
vt 0.075284 0.470407
vt 0.030179 0.344057
f 867/3523 879/3524 859/3525 865/3526
vt 0.605874 0.991444
vt 0.645868 0.975040
vt 0.951593 0.975040
vt 0.991588 0.991444
f 864/3527 878/3528 871/3529 858/3530
vt 0.285801 0.971335
vt 0.285801 0.971335
vt 0.277838 0.971335
vt 0.277838 0.971335
f 882/3531 861/3532 871/3533 878/3534
vt 0.285801 0.971335
vt 0.277838 0.971335
vt 0.276276 0.967109
vt 0.284293 0.967109
f 882/3535 878/3536 863/3537 883/3538
vt 0.241533 0.873119
vt 0.239971 0.868893
vt 0.249231 0.868893
vt 0.250739 0.873119
f 869/3539 886/3540 876/3541 875/3542
vt 0.273633 0.959960
vt 0.281740 0.959960
vt 0.253291 0.880268
vt 0.244176 0.880268
f 857/3543 879/3544 867/3545 887/3546
vt 0.031429 0.347559
vt 0.031429 0.347559
vt 0.030179 0.344057
vt 0.030179 0.344057
f 876/3547 880/3548 865/3549 877/3550
vt 0.244176 0.880268
vt 0.253291 0.880268
vt 0.281741 0.959960
vt 0.273633 0.959960
f 870/3551 881/3552 885/3553 862/3554
vt 0.281741 0.959960
vt 0.284293 0.967109
vt 0.276276 0.967109
vt 0.273633 0.959960
f 885/3555 883/3556 863/3557 862/3558
vt 0.239971 0.868893
vt 0.249231 0.868893
vt 0.249231 0.868893
vt 0.239971 0.868893
f 873/3559 880/3560 876/3561 886/3562
vt 0.347977 0.347559
vt 0.347977 0.347559
vt 0.347979 0.344057
vt 0.347979 0.344057
f 905/3563 899/3564 901/3565 903/3566
vt 0.347921 0.445250
vt 0.347970 0.359761
vt 0.347979 0.344057
vt 0.347904 0.474880
f 889/3567 915/3568 903/3569 890/3570
vt 0.588064 0.996499
vt 0.570662 0.962839
vt 0.570662 0.877341
vt 0.588065 0.862285
f 853/3571 917/3572 892/3573 891/3574
vt 0.202351 0.996499
vt 0.202351 0.862285
vt 0.219754 0.877341
vt 0.219754 0.962839
f 850/3575 898/3576 897/3577 909/3578
vt 0.551955 0.967109
vt 0.551955 0.959960
vt 0.544264 0.959960
vt 0.544260 0.967109
f 894/3579 909/3580 889/3581 888/3582
vt 0.551955 0.880268
vt 0.544310 0.880268
vt 0.544314 0.873119
vt 0.551955 0.873119
f 892/3583 913/3584 900/3585 893/3586
vt 0.548070 0.865137
vt 0.242346 0.865137
vt 0.202351 0.862285
vt 0.588065 0.862285
f 914/3587 902/3588 898/3589 891/3590
vt 0.551955 0.967109
vt 0.544260 0.967109
vt 0.544258 0.971335
vt 0.551955 0.971335
f 894/3591 888/3592 906/3593 895/3594
vt 0.551955 0.868893
vt 0.551955 0.873119
vt 0.544314 0.873119
vt 0.544316 0.868893
f 914/3595 893/3596 900/3597 899/3598
vt 0.347904 0.474880
vt 0.347914 0.457452
vt 0.347914 0.457452
vt 0.347904 0.474880
f 912/3599 916/3600 906/3601 890/3602
vt 0.551955 0.873119
vt 0.551955 0.868893
vt 0.544316 0.868893
vt 0.544314 0.873119
f 896/3603 902/3604 905/3605 904/3606
vt 0.588064 0.996499
vt 0.202351 0.996499
vt 0.242346 0.975043
vt 0.548070 0.975043
f 853/3607 850/3608 895/3609 907/3610
vt 0.544264 0.959960
vt 0.544310 0.880268
vt 0.551955 0.880268
vt 0.551955 0.959960
f 910/3611 913/3612 892/3613 917/3614
vt 0.551955 0.868893
vt 0.544316 0.868893
vt 0.544316 0.868893
vt 0.551955 0.868893
f 914/3615 899/3616 905/3617 902/3618
vt 0.551955 0.873119
vt 0.544314 0.873119
vt 0.544310 0.880268
vt 0.551955 0.880268
f 896/3619 904/3620 915/3621 897/3622
vt 0.544258 0.971335
vt 0.544260 0.967109
vt 0.551955 0.967109
vt 0.551955 0.971335
f 916/3623 911/3624 908/3625 907/3626
vt 0.551955 0.959960
vt 0.551955 0.967109
vt 0.544260 0.967109
vt 0.544264 0.959960
f 917/3627 908/3628 911/3629 910/3630
vt 0.551955 0.971335
vt 0.551955 0.971335
vt 0.544258 0.971335
vt 0.544258 0.971335
f 907/3631 895/3632 906/3633 916/3634
vt 0.347979 0.344057
vt 0.347970 0.359761
vt 0.347921 0.445250
vt 0.347904 0.474880
f 901/3635 913/3636 910/3637 912/3638
vt 0.544310 0.880268
vt 0.544264 0.959960
vt 0.551955 0.959960
vt 0.551955 0.880268
f 915/3639 889/3640 909/3641 897/3642
vt 0.605874 0.862282
vt 0.605874 0.816944
vt 0.991588 0.816944
vt 0.991588 0.862282
f 868/3643 964/3644 965/3645 874/3646
vt 0.030179 0.344057
vt 0.041343 0.344057
vt 0.041343 0.250121
vt 0.030179 0.244636
f 865/3647 945/3648 954/3649 963/3650
vt 0.991588 0.816944
vt 0.605874 0.816944
vt 0.605874 0.816944
vt 0.991588 0.816944
f 965/3651 964/3652 966/3653 967/3654
vt 0.991588 0.762200
vt 0.991588 0.816944
vt 0.605874 0.816944
vt 0.605874 0.762200
f 918/3655 967/3656 966/3657 919/3658
vt 0.020442 0.344707
vt 0.020442 0.299374
vt 0.028000 0.299374
vt 0.041343 0.344057
f 874/3659 965/3660 967/3661 923/3662
vt 0.028000 0.244636
vt 0.041343 0.250121
vt 0.041343 0.344057
vt 0.028000 0.299374
f 918/3663 924/3664 923/3665 967/3666
vt 0.960777 0.621806
vt 0.939876 0.621156
vt 0.953219 0.576473
vt 0.960777 0.576473
f 868/3667 931/3668 966/3669 964/3670
vt 0.939876 0.621156
vt 0.939876 0.527220
vt 0.953219 0.521735
vt 0.953219 0.576473
f 931/3671 932/3672 919/3673 966/3674
vt 0.028713 0.241198
vt 0.028713 0.248232
vt 0.028713 0.248232
vt 0.028713 0.241198
f 968/3675 972/3676 973/3677 969/3678
vt 0.169010 0.241198
vt 0.028713 0.241198
vt 0.028713 0.241198
vt 0.169010 0.241198
f 975/3679 968/3680 969/3681 974/3682
vt 0.140391 0.200330
vt 0.008228 0.200330
vt 0.008228 0.002060
vt 0.140391 0.002060
f 976/3683 973/3684 972/3685 977/3686
vt 0.028713 0.241198
vt 0.169010 0.241198
vt 0.160924 0.248232
vt 0.028713 0.248232
f 968/3687 975/3688 977/3689 972/3690
vt 0.812209 0.518298
vt 0.952506 0.518298
vt 0.952506 0.525331
vt 0.820295 0.525331
f 974/3691 969/3692 973/3693 976/3694
vt 0.356171 0.288275
vt 0.214865 0.288277
vt 0.214865 0.288277
vt 0.356171 0.288277
f 979/3695 983/3696 982/3697 978/3698
vt 0.214865 0.288277
vt 0.169010 0.241198
vt 0.169010 0.241198
vt 0.214865 0.288277
f 983/3699 975/3700 974/3701 982/3702
vt 0.335565 0.200330
vt 0.186228 0.200330
vt 0.186228 0.002060
vt 0.335565 0.002060
f 980/3703 984/3704 985/3705 981/3706
vt 0.186228 0.200330
vt 0.140391 0.200330
vt 0.140391 0.002060
vt 0.186228 0.002060
f 984/3707 976/3708 977/3709 985/3710
vt 0.356171 0.295156
vt 0.206779 0.295156
vt 0.214865 0.288277
vt 0.356171 0.288275
f 981/3711 985/3712 983/3713 979/3714
vt 0.206779 0.295156
vt 0.160924 0.248232
vt 0.169010 0.241198
vt 0.214865 0.288277
f 985/3715 977/3716 975/3717 983/3718
vt 0.625048 0.565376
vt 0.766354 0.565376
vt 0.774440 0.572255
vt 0.625048 0.572255
f 978/3719 982/3720 984/3721 980/3722
vt 0.766354 0.565376
vt 0.812209 0.518298
vt 0.820295 0.525331
vt 0.774440 0.572255
f 982/3723 974/3724 976/3725 984/3726
vt 0.939192 0.295156
vt 0.939192 0.288275
vt 0.939192 0.288275
vt 0.939192 0.295156
f 971/3727 987/3728 986/3729 970/3730
vt 0.356171 0.288275
vt 0.939192 0.288275
vt 0.939192 0.295156
vt 0.356171 0.295156
f 979/3731 987/3732 971/3733 981/3734
vt 0.918371 0.200330
vt 0.335565 0.200330
vt 0.335565 0.002060
vt 0.918370 0.002060
f 970/3735 980/3736 981/3737 971/3738
vt 0.625048 0.565376
vt 0.625048 0.572255
vt 0.042027 0.572255
vt 0.042027 0.565374
f 978/3739 980/3740 970/3741 986/3742
vt 0.356171 0.288277
vt 0.939192 0.288275
vt 0.939192 0.288275
vt 0.356171 0.288275
f 978/3743 986/3744 987/3745 979/3746
vt 0.433559 0.406424
vt 0.433559 0.418483
vt 0.367951 0.418483
vt 0.367951 0.406424
f 988/3747 994/3748 992/3749 990/3750
vt 0.755426 0.418483
vt 0.689818 0.418483
vt 0.689818 0.406424
vt 0.755426 0.406424
f 993/3751 995/3752 989/3753 991/3754
vt 0.433559 0.406424
vt 0.367951 0.406424
vt 0.367951 0.418483
vt 0.433559 0.418483
f 996/3755 998/3756 1000/3757 1002/3758
vt 0.755426 0.418483
vt 0.755426 0.406424
vt 0.689818 0.406424
vt 0.689818 0.418483
f 1001/3759 999/3760 997/3761 1003/3762
vt 0.369070 0.405946
vt 0.436830 0.405946
vt 0.436830 0.420328
vt 0.369070 0.420328
f 992/3763 994/3764 1002/3765 1000/3766
vt 0.687023 0.420328
vt 0.687023 0.405946
vt 0.754783 0.405946
vt 0.754783 0.420328
f 1003/3767 995/3768 993/3769 1001/3770
vt 0.939566 0.276280
vt 0.960777 0.276280
vt 0.960777 0.291919
vt 0.939566 0.291919
f 994/3771 988/3772 996/3773 1002/3774
vt 0.041654 0.553379
vt 0.041654 0.569018
vt 0.020442 0.569018
vt 0.020442 0.553379
f 995/3775 1003/3776 997/3777 989/3778
vt 0.194141 0.897027
vt 0.194141 0.982155
vt 0.001288 0.982155
vt 0.001288 0.897027
f 1014/3779 1010/3780 1011/3781 1015/3782
vt 0.700899 0.337264
vt 0.413664 0.337264
vt 0.413665 0.241198
vt 0.700899 0.241198
f 1015/3783 1011/3784 1009/3785 1013/3786
vt 0.280320 0.518298
vt 0.567554 0.518298
vt 0.567554 0.614363
vt 0.280320 0.614363
f 1012/3787 1008/3788 1010/3789 1014/3790
vt 0.194141 0.820006
vt 0.194141 0.826277
vt 0.001288 0.826278
vt 0.001288 0.820006
f 1006/3791 1018/3792 1019/3793 1007/3794
vt 0.756997 0.288277
vt 0.700899 0.241198
vt 0.700899 0.241198
vt 0.756997 0.288277
f 1021/3795 1013/3796 1012/3797 1020/3798
vt 0.194141 0.880401
vt 0.194141 0.897027
vt 0.001288 0.897027
vt 0.001288 0.880401
f 1022/3799 1014/3800 1015/3801 1023/3802
vt 0.756997 0.337264
vt 0.700899 0.337264
vt 0.700899 0.241198
vt 0.756997 0.288277
f 1023/3803 1015/3804 1013/3805 1021/3806
vt 0.224222 0.565376
vt 0.280320 0.518298
vt 0.280320 0.614363
vt 0.224222 0.614363
f 1020/3807 1012/3808 1014/3809 1022/3810
vt 0.939616 0.241198
vt 0.882091 0.288277
vt 0.882091 0.288277
vt 0.939565 0.241198
f 1017/3811 1025/3812 1024/3813 1016/3814
vt 0.882091 0.288277
vt 0.756997 0.288277
vt 0.756997 0.288277
vt 0.882091 0.288277
f 1025/3815 1021/3816 1020/3817 1024/3818
vt 0.194141 0.826277
vt 0.194141 0.843326
vt 0.001288 0.843326
vt 0.001288 0.826278
f 1018/3819 1026/3820 1027/3821 1019/3822
vt 0.194141 0.843326
vt 0.194141 0.880401
vt 0.001288 0.880401
vt 0.001288 0.843326
f 1026/3823 1022/3824 1023/3825 1027/3826
vt 0.882091 0.337264
vt 0.756997 0.337264
vt 0.756997 0.288277
vt 0.882091 0.288277
f 1027/3827 1023/3828 1021/3829 1025/3830
vt 0.099128 0.565376
vt 0.224222 0.565376
vt 0.224222 0.614363
vt 0.099128 0.614363
f 1024/3831 1020/3832 1022/3833 1026/3834
vt 0.413665 0.241198
vt 0.356171 0.288277
vt 0.356171 0.288277
vt 0.413665 0.241198
f 1009/3835 1029/3836 1028/3837 1008/3838
vt 0.194141 0.982155
vt 0.194141 0.999195
vt 0.001288 0.999195
vt 0.001288 0.982155
f 1010/3839 1030/3840 1031/3841 1011/3842
vt 0.413664 0.337264
vt 0.356171 0.337264
vt 0.356171 0.288277
vt 0.413665 0.241198
f 1011/3843 1031/3844 1029/3845 1009/3846
vt 0.567554 0.518298
vt 0.625048 0.565376
vt 0.625048 0.614363
vt 0.567554 0.614363
f 1008/3847 1028/3848 1030/3849 1010/3850
vt 0.939616 0.241198
vt 0.939565 0.241198
vt 0.939616 0.213379
vt 0.939616 0.213379
f 1017/3851 1016/3852 1033/3853 1032/3854
vt 0.960777 0.241198
vt 0.939616 0.241198
vt 0.939616 0.213379
vt 0.960777 0.213379
f 1005/3855 1017/3856 1032/3857 1038/3858
vt 0.041654 0.518298
vt 0.020442 0.518298
vt 0.020442 0.490479
vt 0.041603 0.490479
f 1016/3859 1004/3860 1039/3861 1033/3862
vt 0.700899 0.241198
vt 0.700899 0.241198
vt 0.700899 0.213379
vt 0.700899 0.213379
f 1012/3863 1013/3864 1034/3865 1035/3866
vt 0.700899 0.241198
vt 0.413665 0.241198
vt 0.413665 0.213379
vt 0.700899 0.213379
f 1013/3867 1009/3868 1036/3869 1034/3870
vt 0.567554 0.518298
vt 0.280320 0.518298
vt 0.280320 0.490479
vt 0.567554 0.490479
f 1008/3871 1012/3872 1035/3873 1037/3874
vt 0.413665 0.241198
vt 0.413665 0.241198
vt 0.413665 0.213379
vt 0.413665 0.213379
f 1009/3875 1008/3876 1037/3877 1036/3878
vt 0.754783 0.370231
vt 0.369070 0.370231
vt 0.395810 0.342409
vt 0.728044 0.342409
f 1004/3879 1005/3880 1038/3881 1039/3882
vt 0.700899 0.213379
vt 0.413665 0.213379
vt 0.413665 0.213379
vt 0.700899 0.213379
f 1034/3883 1036/3884 1037/3885 1035/3886
vt 0.939616 0.213379
vt 0.960777 0.213379
vt 0.960777 0.213379
vt 0.939616 0.213379
f 1033/3887 1039/3888 1038/3889 1032/3890
vt 0.436830 0.405317
vt 0.687023 0.405317
vt 0.687023 0.420957
vt 0.436830 0.420957
f 988/3891 989/3892 997/3893 996/3894
vt 0.436830 0.405317
vt 0.369070 0.405317
vt 0.369070 0.370231
f 988/3895 990/3896 1005/3897
vt 0.687023 0.405317
vt 0.754783 0.370231
vt 0.754783 0.405317
f 989/3898 1004/3899 991/3900
vt 0.436830 0.405317
vt 0.369070 0.370231
vt 0.754783 0.370231
vt 0.687023 0.405317
f 988/3901 1005/3902 1004/3903 989/3904
vt 0.436830 0.420957
vt 0.369070 0.466308
vt 0.369070 0.420957
f 996/3905 1007/3906 998/3907
vt 0.687023 0.420957
vt 0.754784 0.420957
vt 0.754783 0.466308
f 997/3908 999/3909 1006/3910
vt 0.754783 0.466308
vt 0.369070 0.466308
vt 0.436830 0.420957
vt 0.687023 0.420957
f 1006/3911 1007/3912 996/3913 997/3914
vt 0.020442 0.569018
vt 0.041654 0.569018
vt 0.041603 0.614363
vt 0.020442 0.614363
f 999/3915 1001/3916 1018/3917 1006/3918
vt 0.020442 0.553379
vt 0.020442 0.518298
vt 0.041654 0.518298
vt 0.041654 0.553379
f 991/3919 1004/3920 1016/3921 993/3922
vt 0.041603 0.614363
vt 0.041654 0.569018
vt 0.099128 0.565376
vt 0.099128 0.614363
f 1018/3923 1001/3924 1024/3925 1026/3926
vt 0.041654 0.553379
vt 0.041654 0.518298
vt 0.099128 0.565376
vt 0.041654 0.569018
f 993/3927 1016/3928 1024/3929 1001/3930
vt 0.960777 0.291919
vt 0.960777 0.337264
vt 0.939616 0.337264
vt 0.939565 0.291919
f 998/3931 1007/3932 1019/3933 1000/3934
vt 0.960777 0.276280
vt 0.939565 0.276280
vt 0.939616 0.241198
vt 0.960777 0.241198
f 990/3935 992/3936 1017/3937 1005/3938
vt 0.939616 0.337264
vt 0.882091 0.337264
vt 0.882091 0.288277
vt 0.939565 0.291919
f 1019/3939 1027/3940 1025/3941 1000/3942
vt 0.939565 0.276280
vt 0.939565 0.291919
vt 0.882091 0.288277
vt 0.939616 0.241198
f 992/3943 1000/3944 1025/3945 1017/3946
vt 0.564121 0.627789
vt 0.617708 0.627789
vt 0.617708 0.627789
vt 0.564121 0.627789
f 1040/3947 1042/3948 1044/3949 1046/3950
vt 0.617708 0.627789
vt 0.617708 0.627789
vt 0.564121 0.627789
vt 0.564121 0.627789
f 1045/3951 1043/3952 1041/3953 1047/3954
vt 0.564121 0.676507
vt 0.564121 0.676507
vt 0.617708 0.676507
vt 0.617708 0.676507
f 1048/3955 1054/3956 1052/3957 1050/3958
vt 0.617708 0.676507
vt 0.564121 0.676507
vt 0.564121 0.676507
vt 0.617708 0.676507
f 1053/3959 1055/3960 1049/3961 1051/3962
vt 0.617708 0.627789
vt 0.617708 0.676507
vt 0.617708 0.676507
vt 0.617708 0.627789
f 1042/3963 1050/3964 1052/3965 1044/3966
vt 0.617708 0.676507
vt 0.617708 0.676507
vt 0.617708 0.627789
vt 0.617708 0.627789
f 1053/3967 1051/3968 1043/3969 1045/3970
vt 0.617708 0.627789
vt 0.617708 0.676507
vt 0.564121 0.676507
vt 0.564121 0.627789
f 1044/3971 1052/3972 1054/3973 1046/3974
vt 0.564121 0.676507
vt 0.617708 0.676507
vt 0.617708 0.627789
vt 0.564121 0.627789
f 1055/3975 1053/3976 1045/3977 1047/3978
vt 0.564121 0.676507
vt 0.564121 0.627789
vt 0.564121 0.627789
vt 0.564121 0.676507
f 1048/3979 1040/3980 1046/3981 1054/3982
vt 0.564121 0.627789
vt 0.564121 0.627789
vt 0.564121 0.676507
vt 0.564121 0.676507
f 1047/3983 1041/3984 1049/3985 1055/3986
vt 0.400542 0.209352
vt 0.400542 0.209352
vt 0.013030 0.209352
vt 0.013030 0.209352
f 1056/3987 1057/3988 1058/3989 1059/3990
vt 0.400542 0.209352
vt 0.400541 0.231153
vt 0.034707 0.231153
vt 0.013030 0.209352
f 1057/3991 1061/3992 1062/3993 1058/3994
vt 0.400542 0.231153
vt 0.400542 0.209352
vt 0.013030 0.209352
vt 0.034708 0.231153
f 1060/3995 1056/3996 1059/3997 1063/3998
vt 0.149874 0.189058
vt 0.006859 0.189058
vt 0.006859 0.013302
vt 0.149874 0.013302
f 1068/3999 1071/4000 1070/4001 1069/4002
vt 0.149874 0.013302
vt 0.149874 0.013302
vt 0.006859 0.013302
vt 0.006859 0.013302
f 1065/4003 1069/4004 1070/4005 1066/4006
vt 0.149874 0.189058
vt 0.149874 0.189058
vt 0.006859 0.189058
vt 0.006859 0.189058
f 1068/4007 1064/4008 1067/4009 1071/4010
vt 0.917249 0.192526
vt 0.917249 0.009048
vt 0.917249 0.002347
vt 0.917249 0.199228
f 1072/4011 1073/4012 1074/4013 1075/4014
vt 0.820736 0.185436
vt 0.763022 0.191519
vt 0.763022 0.012808
vt 0.820736 0.018891
f 1076/4015 1079/4016 1078/4017 1077/4018
vt 0.917249 0.192526
vt 0.831982 0.192526
vt 0.831982 0.009048
vt 0.917249 0.009048
f 1072/4019 1076/4020 1077/4021 1073/4022
vt 0.917249 0.009048
vt 0.831982 0.009048
vt 0.801995 0.002347
vt 0.917249 0.002347
f 1073/4023 1077/4024 1078/4025 1074/4026
vt 0.831982 0.192526
vt 0.917249 0.192526
vt 0.917249 0.199228
vt 0.801995 0.199228
f 1076/4027 1072/4028 1075/4029 1079/4030
vt 0.432868 0.630183
vt 0.512568 0.630321
vt 0.511799 0.626376
vt 0.433735 0.619048
f 1082/4031 1090/4032 1092/4033 1084/4034
vt 0.511799 0.626376
vt 0.512568 0.630321
vt 0.432868 0.630183
vt 0.433735 0.619048
f 1093/4035 1091/4036 1083/4037 1085/4038
vt 0.512568 0.630321
vt 0.432868 0.630183
vt 0.433735 0.619048
vt 0.511799 0.626376
f 1088/4039 1080/4040 1086/4041 1094/4042
vt 0.433735 0.619048
vt 0.432868 0.630183
vt 0.512568 0.630321
vt 0.511799 0.626376
f 1087/4043 1081/4044 1089/4045 1095/4046
vt 0.433735 0.619048
vt 0.432868 0.630183
vt 0.424908 0.627611
vt 0.424900 0.619899
f 1086/4047 1080/4048 1102/4049 1096/4050
vt 0.424908 0.627611
vt 0.432868 0.630183
vt 0.433735 0.619048
vt 0.424900 0.619899
f 1103/4051 1081/4052 1087/4053 1097/4054
vt 0.432868 0.630183
vt 0.433735 0.619048
vt 0.424900 0.619899
vt 0.424908 0.627611
f 1082/4055 1084/4056 1098/4057 1100/4058
vt 0.424900 0.619899
vt 0.433735 0.619048
vt 0.432868 0.630183
vt 0.424908 0.627611
f 1099/4059 1085/4060 1083/4061 1101/4062
vt 0.529841 0.624682
vt 0.536465 0.634817
vt 0.532083 0.634817
vt 0.525459 0.624682
f 1094/4063 1118/4064 1112/4065 1088/4066
vt 0.532083 0.634817
vt 0.536465 0.634817
vt 0.529841 0.624682
vt 0.525459 0.624682
f 1113/4067 1119/4068 1095/4069 1089/4070
vt 0.536465 0.634817
vt 0.536465 0.674926
vt 0.532083 0.674926
vt 0.532083 0.634817
f 1118/4071 1116/4072 1114/4073 1112/4074
vt 0.532083 0.674926
vt 0.536465 0.674926
vt 0.536465 0.634817
vt 0.532083 0.634817
f 1115/4075 1117/4076 1119/4077 1113/4078
vt 0.536465 0.674926
vt 0.529841 0.685061
vt 0.525459 0.685061
vt 0.532083 0.674926
f 1116/4079 1092/4080 1090/4081 1114/4082
vt 0.525459 0.685061
vt 0.529841 0.685061
vt 0.536465 0.674926
vt 0.532083 0.674926
f 1091/4083 1093/4084 1117/4085 1115/4086
vt 0.420998 0.634817
vt 0.420998 0.621543
vt 0.525459 0.624682
vt 0.532083 0.634817
f 1104/4087 1080/4088 1088/4089 1112/4090
vt 0.525459 0.624682
vt 0.420998 0.621543
vt 0.420998 0.634817
vt 0.532083 0.634817
f 1089/4091 1081/4092 1105/4093 1113/4094
vt 0.532083 0.634817
vt 0.532083 0.674926
vt 0.420998 0.674926
vt 0.420998 0.634817
f 1112/4095 1114/4096 1106/4097 1104/4098
vt 0.420998 0.674926
vt 0.532083 0.674926
vt 0.532083 0.634817
vt 0.420998 0.634817
f 1107/4099 1115/4100 1113/4101 1105/4102
vt 0.532083 0.674926
vt 0.525459 0.685061
vt 0.420998 0.688200
vt 0.420998 0.674926
f 1114/4103 1090/4104 1082/4105 1106/4106
vt 0.420998 0.688200
vt 0.525459 0.685061
vt 0.532083 0.674926
vt 0.420998 0.674926
f 1083/4107 1091/4108 1115/4109 1107/4110
vt 0.529841 0.685061
vt 0.536465 0.674926
vt 0.437356 0.674926
vt 0.437356 0.688200
f 1092/4111 1116/4112 1108/4113 1084/4114
vt 0.437356 0.674926
vt 0.536465 0.674926
vt 0.529841 0.685061
vt 0.437356 0.688200
f 1109/4115 1117/4116 1093/4117 1085/4118
vt 0.536465 0.674926
vt 0.536465 0.634817
vt 0.437356 0.634817
vt 0.437356 0.674926
f 1116/4119 1118/4120 1110/4121 1108/4122
vt 0.437356 0.634817
vt 0.536465 0.634817
vt 0.536465 0.674926
vt 0.437356 0.674926
f 1111/4123 1119/4124 1117/4125 1109/4126
vt 0.536465 0.634817
vt 0.529841 0.624682
vt 0.437356 0.621543
vt 0.437356 0.634817
f 1118/4127 1094/4128 1086/4129 1110/4130
vt 0.437356 0.621543
vt 0.529841 0.624682
vt 0.536465 0.634817
vt 0.437356 0.634817
f 1087/4131 1095/4132 1119/4133 1111/4134
vt 0.437356 0.688200
vt 0.437356 0.674926
vt 0.424593 0.674926
vt 0.424593 0.683149
f 1084/4135 1108/4136 1122/4137 1098/4138
vt 0.424593 0.674926
vt 0.437356 0.674926
vt 0.437356 0.688200
vt 0.424593 0.683149
f 1123/4139 1109/4140 1085/4141 1099/4142
vt 0.437356 0.674926
vt 0.437356 0.634817
vt 0.424593 0.634817
vt 0.424593 0.674926
f 1108/4143 1110/4144 1120/4145 1122/4146
vt 0.424593 0.634817
vt 0.437356 0.634817
vt 0.437356 0.674926
vt 0.424593 0.674926
f 1121/4147 1111/4148 1109/4149 1123/4150
vt 0.437356 0.634817
vt 0.437356 0.621543
vt 0.424593 0.626595
vt 0.424593 0.634817
f 1110/4151 1086/4152 1096/4153 1120/4154
vt 0.424593 0.626595
vt 0.437356 0.621543
vt 0.437356 0.634817
vt 0.424593 0.634817
f 1097/4155 1087/4156 1111/4157 1121/4158
vt 0.420998 0.621543
vt 0.420998 0.634817
vt 0.407418 0.634817
vt 0.414062 0.626595
f 1080/4159 1104/4160 1126/4161 1102/4162
vt 0.407418 0.634817
vt 0.420998 0.634817
vt 0.420998 0.621543
vt 0.414062 0.626595
f 1127/4163 1105/4164 1081/4165 1103/4166
vt 0.420998 0.634817
vt 0.420998 0.674926
vt 0.407418 0.674926
vt 0.407418 0.634817
f 1104/4167 1106/4168 1124/4169 1126/4170
vt 0.407418 0.674926
vt 0.420998 0.674926
vt 0.420998 0.634817
vt 0.407418 0.634817
f 1125/4171 1107/4172 1105/4173 1127/4174
vt 0.420998 0.674926
vt 0.420998 0.688200
vt 0.414062 0.683149
vt 0.407418 0.674926
f 1106/4175 1082/4176 1100/4177 1124/4178
vt 0.414062 0.683149
vt 0.420998 0.688200
vt 0.420998 0.674926
vt 0.407418 0.674926
f 1101/4179 1083/4180 1107/4181 1125/4182
vt 0.414062 0.626595
vt 0.407418 0.634817
vt 0.424593 0.634817
vt 0.424593 0.626595
f 1102/4183 1126/4184 1120/4185 1096/4186
vt 0.424593 0.634817
vt 0.407418 0.634817
vt 0.414062 0.626595
vt 0.424593 0.626595
f 1121/4187 1127/4188 1103/4189 1097/4190
vt 0.407418 0.634817
vt 0.407418 0.674926
vt 0.424593 0.674926
vt 0.424593 0.634817
f 1126/4191 1124/4192 1122/4193 1120/4194
vt 0.424593 0.674926
vt 0.407418 0.674926
vt 0.407418 0.634817
vt 0.424593 0.634817
f 1123/4195 1125/4196 1127/4197 1121/4198
vt 0.407418 0.674926
vt 0.414062 0.683149
vt 0.424593 0.683149
vt 0.424593 0.674926
f 1124/4199 1100/4200 1098/4201 1122/4202
vt 0.424593 0.683149
vt 0.414062 0.683149
vt 0.407418 0.674926
vt 0.424593 0.674926
f 1099/4203 1101/4204 1125/4205 1123/4206
vt 0.428952 0.630065
vt 0.422602 0.621811
vt 0.510567 0.625346
vt 0.506717 0.629414
f 1130/4207 1144/4208 1148/4209 1132/4210
vt 0.510567 0.625346
vt 0.422602 0.621811
vt 0.428952 0.630065
vt 0.506717 0.629414
f 1149/4211 1145/4212 1131/4213 1133/4214
vt 0.422602 0.621811
vt 0.434527 0.619416
vt 0.507572 0.622460
vt 0.510567 0.625346
f 1144/4215 1138/4216 1140/4217 1148/4218
vt 0.507572 0.622460
vt 0.434527 0.619416
vt 0.422602 0.621811
vt 0.510567 0.625346
f 1141/4219 1139/4220 1145/4221 1149/4222
vt 0.434527 0.619416
vt 0.422602 0.621811
vt 0.510567 0.625346
vt 0.507572 0.622460
f 1136/4223 1146/4224 1150/4225 1142/4226
vt 0.510567 0.625346
vt 0.422602 0.621811
vt 0.434527 0.619416
vt 0.507572 0.622460
f 1151/4227 1147/4228 1137/4229 1143/4230
vt 0.422602 0.621811
vt 0.428952 0.630065
vt 0.506717 0.629414
vt 0.510567 0.625346
f 1146/4231 1128/4232 1134/4233 1150/4234
vt 0.506717 0.629414
vt 0.428952 0.630065
vt 0.422602 0.621811
vt 0.510567 0.625346
f 1135/4235 1129/4236 1147/4237 1151/4238
vt 0.417121 0.624369
vt 0.414666 0.634322
vt 0.522047 0.634322
vt 0.514930 0.624369
f 1128/4239 1152/4240 1158/4241 1134/4242
vt 0.522047 0.634322
vt 0.414666 0.634322
vt 0.417121 0.624369
vt 0.514930 0.624369
f 1159/4243 1153/4244 1129/4245 1135/4246
vt 0.414666 0.634322
vt 0.414666 0.675486
vt 0.522047 0.675486
vt 0.522047 0.634322
f 1152/4247 1154/4248 1156/4249 1158/4250
vt 0.522047 0.675486
vt 0.414666 0.675486
vt 0.414666 0.634322
vt 0.522047 0.634322
f 1157/4251 1155/4252 1153/4253 1159/4254
vt 0.414666 0.675486
vt 0.417121 0.685439
vt 0.514930 0.685439
vt 0.522047 0.675486
f 1154/4255 1130/4256 1132/4257 1156/4258
vt 0.514930 0.685439
vt 0.417121 0.685439
vt 0.414666 0.675486
vt 0.522047 0.675486
f 1133/4259 1131/4260 1155/4261 1157/4262
vt 0.516006 0.624369
vt 0.523123 0.634322
vt 0.421678 0.634322
vt 0.424133 0.624369
f 1142/4263 1166/4264 1160/4265 1136/4266
vt 0.421678 0.634322
vt 0.523123 0.634322
vt 0.516006 0.624369
vt 0.424133 0.624369
f 1161/4267 1167/4268 1143/4269 1137/4270
vt 0.523123 0.634322
vt 0.523123 0.675486
vt 0.421678 0.675486
vt 0.421678 0.634322
f 1166/4271 1164/4272 1162/4273 1160/4274
vt 0.421678 0.675486
vt 0.523123 0.675486
vt 0.523123 0.634322
vt 0.421678 0.634322
f 1163/4275 1165/4276 1167/4277 1161/4278
vt 0.523123 0.675486
vt 0.516006 0.685439
vt 0.424133 0.685439
vt 0.421678 0.675486
f 1164/4279 1140/4280 1138/4281 1162/4282
vt 0.424133 0.685439
vt 0.516006 0.685439
vt 0.523123 0.675486
vt 0.421678 0.675486
f 1139/4283 1141/4284 1165/4285 1163/4286
vt 0.414666 0.634322
vt 0.417121 0.624369
vt 0.409134 0.624369
vt 0.406679 0.634322
f 1152/4287 1128/4288 1146/4289 1170/4290
vt 0.409134 0.624369
vt 0.417121 0.624369
vt 0.414666 0.634322
vt 0.406679 0.634322
f 1147/4291 1129/4292 1153/4293 1171/4294
vt 0.406679 0.634322
vt 0.406679 0.675486
vt 0.414666 0.675486
vt 0.414666 0.634322
f 1170/4295 1168/4296 1154/4297 1152/4298
vt 0.414666 0.675486
vt 0.406679 0.675486
vt 0.406679 0.634322
vt 0.414666 0.634322
f 1155/4299 1169/4300 1171/4301 1153/4302
vt 0.406679 0.675486
vt 0.409134 0.685439
vt 0.417121 0.685439
vt 0.414666 0.675486
f 1168/4303 1144/4304 1130/4305 1154/4306
vt 0.417121 0.685439
vt 0.409134 0.685439
vt 0.406679 0.675486
vt 0.414666 0.675486
f 1131/4307 1145/4308 1169/4309 1155/4310
vt 0.424133 0.624369
vt 0.421678 0.634322
vt 0.406679 0.634322
vt 0.409134 0.624369
f 1136/4311 1160/4312 1170/4313 1146/4314
vt 0.406679 0.634322
vt 0.421678 0.634322
vt 0.424133 0.624369
vt 0.409134 0.624369
f 1171/4315 1161/4316 1137/4317 1147/4318
vt 0.421678 0.634322
vt 0.421678 0.675486
vt 0.406679 0.675486
vt 0.406679 0.634322
f 1160/4319 1162/4320 1168/4321 1170/4322
vt 0.406679 0.675486
vt 0.421678 0.675486
vt 0.421678 0.634322
vt 0.406679 0.634322
f 1169/4323 1163/4324 1161/4325 1171/4326
vt 0.421678 0.675486
vt 0.424133 0.685439
vt 0.409134 0.685439
vt 0.406679 0.675486
f 1162/4327 1138/4328 1144/4329 1168/4330
vt 0.409134 0.685439
vt 0.424133 0.685439
vt 0.421678 0.675486
vt 0.406679 0.675486
f 1145/4331 1139/4332 1163/4333 1169/4334
vt 0.519773 0.685439
vt 0.526890 0.675486
vt 0.522047 0.675486
vt 0.514930 0.685439
f 1148/4335 1172/4336 1156/4337 1132/4338
vt 0.522047 0.675486
vt 0.526890 0.675486
vt 0.519773 0.685439
vt 0.514930 0.685439
f 1157/4339 1173/4340 1149/4341 1133/4342
vt 0.526890 0.675486
vt 0.526890 0.634322
vt 0.522047 0.634322
vt 0.522047 0.675486
f 1172/4343 1174/4344 1158/4345 1156/4346
vt 0.522047 0.634322
vt 0.526890 0.634322
vt 0.526890 0.675486
vt 0.522047 0.675486
f 1159/4347 1175/4348 1173/4349 1157/4350
vt 0.526890 0.634322
vt 0.519773 0.624369
vt 0.514930 0.624369
vt 0.522047 0.634322
f 1174/4351 1150/4352 1134/4353 1158/4354
vt 0.514930 0.624369
vt 0.519773 0.624369
vt 0.526890 0.634322
vt 0.522047 0.634322
f 1135/4355 1151/4356 1175/4357 1159/4358
vt 0.516006 0.685439
vt 0.523123 0.675486
vt 0.526890 0.675486
vt 0.519773 0.685439
f 1140/4359 1164/4360 1172/4361 1148/4362
vt 0.526890 0.675486
vt 0.523123 0.675486
vt 0.516006 0.685439
vt 0.519773 0.685439
f 1173/4363 1165/4364 1141/4365 1149/4366
vt 0.523123 0.675486
vt 0.523123 0.634322
vt 0.526890 0.634322
vt 0.526890 0.675486
f 1164/4367 1166/4368 1174/4369 1172/4370
vt 0.526890 0.634322
vt 0.523123 0.634322
vt 0.523123 0.675486
vt 0.526890 0.675486
f 1175/4371 1167/4372 1165/4373 1173/4374
vt 0.523123 0.634322
vt 0.516006 0.624369
vt 0.519773 0.624369
vt 0.526890 0.634322
f 1166/4375 1142/4376 1150/4377 1174/4378
vt 0.519773 0.624369
vt 0.516006 0.624369
vt 0.523123 0.634322
vt 0.526890 0.634322
f 1151/4379 1143/4380 1167/4381 1175/4382
vt 0.494990 0.623996
vt 0.448422 0.623996
vt 0.448422 0.623996
vt 0.494990 0.623996
f 1176/4383 1178/4384 1180/4385 1182/4386
vt 0.448422 0.623996
vt 0.448422 0.623996
vt 0.494990 0.623996
vt 0.494990 0.623996
f 1181/4387 1179/4388 1177/4389 1183/4390
vt 0.494990 0.684360
vt 0.494990 0.684360
vt 0.448422 0.684360
vt 0.448422 0.684360
f 1184/4391 1190/4392 1188/4393 1186/4394
vt 0.448422 0.684360
vt 0.494990 0.684360
vt 0.494990 0.684360
vt 0.448422 0.684360
f 1189/4395 1191/4396 1185/4397 1187/4398
vt 0.494990 0.623996
vt 0.494990 0.630410
vt 0.448422 0.630410
vt 0.448422 0.623996
f 1176/4399 1196/4400 1192/4401 1178/4402
vt 0.448422 0.630410
vt 0.494990 0.630410
vt 0.494990 0.623996
vt 0.448422 0.623996
f 1193/4403 1197/4404 1177/4405 1179/4406
vt 0.494990 0.678862
vt 0.494990 0.684360
vt 0.448422 0.684360
vt 0.448422 0.678862
f 1198/4407 1184/4408 1186/4409 1194/4410
vt 0.448422 0.684360
vt 0.494990 0.684360
vt 0.494990 0.678862
vt 0.448422 0.678862
f 1187/4411 1185/4412 1199/4413 1195/4414
vt 0.494868 0.623588
vt 0.494868 0.630093
vt 0.448292 0.630093
vt 0.448292 0.623588
f 1178/4415 1192/4416 1200/4417 1180/4418
vt 0.448292 0.630093
vt 0.494868 0.630093
vt 0.494868 0.623588
vt 0.448292 0.623588
f 1201/4419 1193/4420 1179/4421 1181/4422
vt 0.494868 0.678721
vt 0.494868 0.684266
vt 0.448292 0.684266
vt 0.448292 0.678721
f 1194/4423 1186/4424 1188/4425 1202/4426
vt 0.448292 0.684266
vt 0.494868 0.684266
vt 0.494868 0.678721
vt 0.448292 0.678721
f 1189/4427 1187/4428 1195/4429 1203/4430
vt 0.448422 0.623996
vt 0.448422 0.630410
vt 0.494990 0.630410
vt 0.494990 0.623996
f 1180/4431 1200/4432 1204/4433 1182/4434
vt 0.494990 0.630410
vt 0.448422 0.630410
vt 0.448422 0.623996
vt 0.494990 0.623996
f 1205/4435 1201/4436 1181/4437 1183/4438
vt 0.448422 0.678862
vt 0.448422 0.684360
vt 0.494990 0.684360
vt 0.494990 0.678862
f 1202/4439 1188/4440 1190/4441 1206/4442
vt 0.494990 0.684360
vt 0.448422 0.684360
vt 0.448422 0.678862
vt 0.494990 0.678862
f 1191/4443 1189/4444 1203/4445 1207/4446
vt 0.494868 0.684266
vt 0.494868 0.678721
vt 0.448292 0.678721
vt 0.448292 0.684266
f 1184/4447 1198/4448 1206/4449 1190/4450
vt 0.448292 0.678721
vt 0.494868 0.678721
vt 0.494868 0.684266
vt 0.448292 0.684266
f 1207/4451 1199/4452 1185/4453 1191/4454
vt 0.494868 0.630093
vt 0.494868 0.623588
vt 0.448292 0.623588
vt 0.448292 0.630093
f 1196/4455 1176/4456 1182/4457 1204/4458
vt 0.448292 0.623588
vt 0.494868 0.623588
vt 0.494868 0.630093
vt 0.448292 0.630093
f 1183/4459 1177/4460 1197/4461 1205/4462
vt 0.494990 0.630410
vt 0.497439 0.643200
vt 0.445974 0.643200
vt 0.448422 0.630410
f 1196/4463 1212/4464 1208/4465 1192/4466
vt 0.445974 0.643200
vt 0.497439 0.643200
vt 0.494990 0.630410
vt 0.448422 0.630410
f 1209/4467 1213/4468 1197/4469 1193/4470
vt 0.497439 0.643200
vt 0.497439 0.673805
vt 0.445974 0.673805
vt 0.445974 0.643200
f 1212/4471 1214/4472 1210/4473 1208/4474
vt 0.445974 0.673805
vt 0.497439 0.673805
vt 0.497439 0.643200
vt 0.445974 0.643200
f 1211/4475 1215/4476 1213/4477 1209/4478
vt 0.497439 0.673805
vt 0.494990 0.678862
vt 0.448422 0.678862
vt 0.445974 0.673805
f 1214/4479 1198/4480 1194/4481 1210/4482
vt 0.448422 0.678862
vt 0.494990 0.678862
vt 0.497439 0.673805
vt 0.445974 0.673805
f 1195/4483 1199/4484 1215/4485 1211/4486
vt 0.494868 0.630093
vt 0.497317 0.642898
vt 0.445843 0.642898
vt 0.448292 0.630093
f 1192/4487 1208/4488 1218/4489 1200/4490
vt 0.445843 0.642898
vt 0.497317 0.642898
vt 0.494868 0.630093
vt 0.448292 0.630093
f 1219/4491 1209/4492 1193/4493 1201/4494
vt 0.497317 0.642898
vt 0.497317 0.673648
vt 0.445843 0.673648
vt 0.445843 0.642898
f 1208/4495 1210/4496 1216/4497 1218/4498
vt 0.445843 0.673648
vt 0.497317 0.673648
vt 0.497317 0.642898
vt 0.445843 0.642898
f 1217/4499 1211/4500 1209/4501 1219/4502
vt 0.497317 0.673648
vt 0.494868 0.678721
vt 0.448292 0.678721
vt 0.445843 0.673648
f 1210/4503 1194/4504 1202/4505 1216/4506
vt 0.448292 0.678721
vt 0.494868 0.678721
vt 0.497317 0.673648
vt 0.445843 0.673648
f 1203/4507 1195/4508 1211/4509 1217/4510
vt 0.448422 0.630410
vt 0.445974 0.643200
vt 0.497439 0.643200
vt 0.494990 0.630410
f 1200/4511 1218/4512 1222/4513 1204/4514
vt 0.497439 0.643200
vt 0.445974 0.643200
vt 0.448422 0.630410
vt 0.494990 0.630410
f 1223/4515 1219/4516 1201/4517 1205/4518
vt 0.445974 0.643200
vt 0.445974 0.673805
vt 0.497439 0.673805
vt 0.497439 0.643200
f 1218/4519 1216/4520 1220/4521 1222/4522
vt 0.497439 0.673805
vt 0.445974 0.673805
vt 0.445974 0.643200
vt 0.497439 0.643200
f 1221/4523 1217/4524 1219/4525 1223/4526
vt 0.445974 0.673805
vt 0.448422 0.678862
vt 0.494990 0.678862
vt 0.497439 0.673805
f 1216/4527 1202/4528 1206/4529 1220/4530
vt 0.494990 0.678862
vt 0.448422 0.678862
vt 0.445974 0.673805
vt 0.497439 0.673805
f 1207/4531 1203/4532 1217/4533 1221/4534
vt 0.494868 0.678721
vt 0.497317 0.673648
vt 0.445843 0.673648
vt 0.448292 0.678721
f 1198/4535 1214/4536 1220/4537 1206/4538
vt 0.445843 0.673648
vt 0.497317 0.673648
vt 0.494868 0.678721
vt 0.448292 0.678721
f 1221/4539 1215/4540 1199/4541 1207/4542
vt 0.497317 0.673648
vt 0.497317 0.642898
vt 0.445843 0.642898
vt 0.445843 0.673648
f 1214/4543 1212/4544 1222/4545 1220/4546
vt 0.445843 0.642898
vt 0.497317 0.642898
vt 0.497317 0.673648
vt 0.445843 0.673648
f 1223/4547 1213/4548 1215/4549 1221/4550
vt 0.497317 0.642898
vt 0.494868 0.630093
vt 0.448292 0.630093
vt 0.445843 0.642898
f 1212/4551 1196/4552 1204/4553 1222/4554
vt 0.448292 0.630093
vt 0.494868 0.630093
vt 0.497317 0.642898
vt 0.445843 0.642898
f 1205/4555 1197/4556 1213/4557 1223/4558
vt 0.184846 0.497213
vt 0.135958 0.497213
vt 0.111899 0.508431
vt 0.208905 0.508431
f 1224/4559 1225/4560 1226/4561 1227/4562
vt 0.184846 0.497213
vt 0.208905 0.508431
vt 0.111899 0.508431
vt 0.135958 0.497213
f 1228/4563 1231/4564 1230/4565 1229/4566
vt 0.184846 0.497213
vt 0.184846 0.497213
vt 0.135958 0.497213
vt 0.135958 0.497213
f 1224/4567 1228/4568 1229/4569 1225/4570
vt 0.135958 0.497213
vt 0.135958 0.497213
vt 0.111899 0.508431
vt 0.111899 0.508431
f 1225/4571 1229/4572 1230/4573 1226/4574
vt 0.184846 0.497213
vt 0.184846 0.497213
vt 0.208905 0.508431
vt 0.208905 0.508431
f 1228/4575 1224/4576 1227/4577 1231/4578
vt 0.184846 0.497213
vt 0.184846 0.497213
vt 0.208905 0.508431
vt 0.208905 0.508431
f 1235/4579 1239/4580 1236/4581 1232/4582
vt 0.135958 0.497213
vt 0.135958 0.497213
vt 0.111899 0.508431
vt 0.111899 0.508431
f 1238/4583 1234/4584 1233/4585 1237/4586
vt 0.184846 0.497213
vt 0.184846 0.497213
vt 0.135958 0.497213
vt 0.135958 0.497213
f 1239/4587 1235/4588 1234/4589 1238/4590
vt 0.184846 0.497213
vt 0.208905 0.508431
vt 0.111899 0.508431
vt 0.135958 0.497213
f 1235/4591 1232/4592 1233/4593 1234/4594
vt 0.184846 0.497213
vt 0.135958 0.497213
vt 0.111899 0.508431
vt 0.208905 0.508431
f 1239/4595 1238/4596 1237/4597 1236/4598
vt 0.184846 0.497213
vt 0.135958 0.497213
vt 0.111899 0.508431
vt 0.208905 0.508431
f 1240/4599 1241/4600 1242/4601 1243/4602
vt 0.184846 0.497213
vt 0.208905 0.508431
vt 0.111899 0.508431
vt 0.135958 0.497213
f 1244/4603 1247/4604 1246/4605 1245/4606
vt 0.184846 0.497213
vt 0.184846 0.497213
vt 0.135958 0.497213
vt 0.135958 0.497213
f 1240/4607 1244/4608 1245/4609 1241/4610
vt 0.135958 0.497213
vt 0.135958 0.497213
vt 0.111899 0.508431
vt 0.111899 0.508431
f 1241/4611 1245/4612 1246/4613 1242/4614
vt 0.184846 0.497213
vt 0.184846 0.497213
vt 0.208905 0.508431
vt 0.208905 0.508431
f 1244/4615 1240/4616 1243/4617 1247/4618
vt 0.184846 0.497213
vt 0.184846 0.497213
vt 0.208905 0.508431
vt 0.208905 0.508431
f 1251/4619 1255/4620 1252/4621 1248/4622
vt 0.135958 0.497213
vt 0.135958 0.497213
vt 0.111899 0.508431
vt 0.111899 0.508431
f 1254/4623 1250/4624 1249/4625 1253/4626
vt 0.184846 0.497213
vt 0.184846 0.497213
vt 0.135958 0.497213
vt 0.135958 0.497213
f 1255/4627 1251/4628 1250/4629 1254/4630
vt 0.184846 0.497213
vt 0.208905 0.508431
vt 0.111899 0.508431
vt 0.135958 0.497213
f 1251/4631 1248/4632 1249/4633 1250/4634
vt 0.184846 0.497213
vt 0.135958 0.497213
vt 0.111899 0.508431
vt 0.208905 0.508431
f 1255/4635 1254/4636 1253/4637 1252/4638
vt 0.238898 0.486000
vt 0.082445 0.486000
vt 0.082445 0.486000
vt 0.238898 0.486000
f 1256/4639 1257/4640 1258/4641 1259/4642
vt 0.238898 0.536810
vt 0.238898 0.536810
vt 0.082445 0.536810
vt 0.082445 0.536810
f 1260/4643 1263/4644 1262/4645 1261/4646
vt 0.238898 0.486000
vt 0.238898 0.536810
vt 0.082445 0.536810
vt 0.082445 0.486000
f 1256/4647 1260/4648 1261/4649 1257/4650
vt 0.082445 0.486000
vt 0.082445 0.536810
vt 0.082445 0.536810
vt 0.082445 0.486000
f 1257/4651 1261/4652 1262/4653 1258/4654
vt 0.238898 0.536810
vt 0.238898 0.486000
vt 0.238898 0.486000
vt 0.238898 0.536810
f 1260/4655 1256/4656 1259/4657 1263/4658
vt 0.895196 0.055911
vt 0.895196 0.135244
vt 0.847345 0.135244
vt 0.847345 0.055911
f 1264/4659 1268/4660 1269/4661 1265/4662
vt 0.919084 0.054963
vt 0.918902 0.117722
vt 0.844197 0.113774
vt 0.857317 0.051699
f 1265/4663 1269/4664 1270/4665 1266/4666
vt 0.918902 0.117722
vt 0.919084 0.054963
vt 0.857317 0.051699
vt 0.844197 0.113774
f 1268/4667 1264/4668 1267/4669 1271/4670
vt 0.389255 0.619445
vt 0.389255 0.619445
vt 0.001869 0.619445
vt 0.001869 0.619445
f 1272/4671 1273/4672 1274/4673 1275/4674
vt 0.389276 0.691614
vt 0.002191 0.691614
vt 0.002191 0.687455
vt 0.389276 0.687455
f 1276/4675 1279/4676 1278/4677 1277/4678
vt 0.001745 0.730651
vt 0.001745 0.766000
vt 0.009901 0.766000
vt 0.009900 0.730651
f 1272/4679 1276/4680 1277/4681 1273/4682
vt 0.389255 0.656800
vt 0.389255 0.692883
vt 0.001869 0.692883
vt 0.001869 0.656800
f 1273/4683 1277/4684 1278/4685 1274/4686
vt 0.009901 0.730651
vt 0.009901 0.766000
vt 0.001745 0.766000
vt 0.001745 0.730651
f 1274/4687 1278/4688 1279/4689 1275/4690
vt 0.001869 0.692857
vt 0.001869 0.656774
vt 0.389255 0.656774
vt 0.389255 0.692857
f 1276/4691 1272/4692 1275/4693 1279/4694
vt 0.919393 0.074065
vt 0.919393 0.046546
vt 0.919393 0.046546
vt 0.919393 0.074065
f 1280/4695 1281/4696 1282/4697 1283/4698
vt 0.919393 0.074065
vt 0.849516 0.074065
vt 0.849516 0.046545
vt 0.919393 0.046546
f 1280/4699 1284/4700 1285/4701 1281/4702
vt 0.918917 0.158002
vt 0.919035 0.199343
vt 0.851429 0.199556
vt 0.854790 0.154024
f 1281/4703 1285/4704 1286/4705 1282/4706
vt 0.919393 0.046546
vt 0.825448 0.046546
vt 0.825448 0.074065
vt 0.919393 0.074065
f 1282/4707 1286/4708 1287/4709 1283/4710
vt 0.919035 0.199343
vt 0.918917 0.158002
vt 0.854790 0.154024
vt 0.851429 0.199556
f 1284/4711 1280/4712 1283/4713 1287/4714
vt 0.425057 0.680172
vt 0.493920 0.680068
vt 0.474303 0.660012
vt 0.449192 0.660050
f 1284/4715 1287/4716 1288/4717 1291/4718
vt 0.493920 0.680068
vt 0.493920 0.680068
vt 0.474303 0.660012
vt 0.474303 0.660012
f 1287/4719 1286/4720 1289/4721 1288/4722
vt 0.493920 0.680068
vt 0.425057 0.680172
vt 0.449192 0.660050
vt 0.474303 0.660012
f 1286/4723 1285/4724 1290/4725 1289/4726
vt 0.425057 0.680172
vt 0.425057 0.680172
vt 0.449192 0.660050
vt 0.449192 0.660050
f 1285/4727 1284/4728 1291/4729 1290/4730
vt 0.449192 0.660050
vt 0.474303 0.660012
vt 0.474303 0.660012
vt 0.449192 0.660050
f 1291/4731 1288/4732 1289/4733 1290/4734
o luggage-truck-fenster
v -0.41275 1.36558 0.35197
v -0.45714 1.407 0.35197
v -0.47375 1.36558 0.35197
v -0.41275 1.43149 0.35197
v -0.41275 0.90386 0.35197
v -0.45714 0.86245 0.35197
v -0.41275 0.83796 0.35197
v -0.47375 0.90386 0.35197
v 0.41275 0.90386 0.35197
v 0.45714 0.86245 0.35197
v 0.47375 0.90386 0.35197
v 0.41275 0.83796 0.35197
v 0.41275 1.36558 0.35197
v 0.45714 1.407 0.35197
v 0.41275 1.43149 0.35197
v 0.47375 1.36558 0.35197
v -0.41275 0.83796 1.2473
v -0.45714 0.86245 1.24277
v -0.47375 0.90386 1.23512
v 0.45714 1.407 1.14213
v 0.47375 1.36558 1.14978
v 0.47375 0.90386 1.23512
v 0.41275 0.83796 1.22889
v 0.45714 0.86245 1.22452
v 0.47375 0.90386 1.21713
v 0.47375 1.36558 1.13471
v 0.45714 1.407 1.12732
v 0.41275 1.43149 1.1376
v -0.47375 1.36558 1.14978
v 0.41275 0.83796 1.2473
v 0.45714 0.86245 1.24277
v -0.41275 1.43149 1.1376
v -0.45714 1.407 1.14213
v -0.41275 0.83796 1.22889
v -0.45714 0.86245 1.22452
v -0.45714 1.407 1.12732
v -0.41275 1.43149 1.12295
v -0.47375 1.36558 1.13471
v -0.47375 0.90386 1.21713
v 0.41275 1.43149 1.12295
v 0.47375 1.36558 0.36666
v 0.41275 1.43149 0.36666
v 0.45714 1.407 0.36666
v 0.41275 1.36558 0.36666
v 0.41275 0.83796 0.36666
v 0.47375 0.90386 0.36666
v 0.45714 0.86245 0.36666
v 0.41275 0.90386 0.36666
v -0.47375 0.90386 0.36666
v -0.41275 0.83796 0.36666
v -0.45714 0.86245 0.36666
v -0.41275 0.90386 0.36666
v -0.41275 1.43149 0.36666
v -0.47375 1.36558 0.36666
v -0.45714 1.407 0.36666
v -0.41275 1.36558 0.36666
v -0.49839 0.83796 1.09933
v -0.49839 0.83796 0.5237
v -0.49839 1.43149 1.0165
v -0.49839 1.43149 0.5237
v -0.49839 0.90386 0.5237
v -0.49839 1.36558 0.5237
v -0.49839 0.90386 1.09933
v -0.49839 1.36558 1.0165
v -0.49839 1.36558 0.4627
v -0.49839 0.90386 0.4627
v -0.49839 1.36558 1.0775
v -0.49839 0.90386 1.16033
v -0.49839 1.407 1.06089
v -0.49839 0.86245 1.14371
v -0.49839 0.86245 0.47932
v -0.49839 1.407 0.47932
v -0.52082 1.407 0.47932
v -0.52082 0.86245 0.47932
v -0.52082 0.86245 1.14371
v -0.52082 1.407 1.06089
v -0.52082 0.90386 1.16033
v -0.52082 1.36558 1.0775
v -0.52082 0.90386 0.4627
v -0.52082 1.36558 0.4627
v -0.52082 1.36558 1.0165
v -0.52082 0.90386 1.09933
v -0.52082 1.36558 0.5237
v -0.52082 0.90386 0.5237
v -0.52082 1.43149 0.5237
v -0.52082 1.43149 1.0165
v -0.52082 0.83796 0.5237
v -0.52082 0.83796 1.09933
v 0.49839 0.83796 1.09933
v 0.49839 0.83796 0.5237
v 0.49839 1.43149 1.0165
v 0.49839 1.43149 0.5237
v 0.49839 0.90386 0.5237
v 0.49839 1.36558 0.5237
v 0.49839 0.90386 1.09933
v 0.49839 1.36558 1.0165
v 0.49839 1.36558 0.4627
v 0.49839 0.90386 0.4627
v 0.49839 1.36558 1.0775
v 0.49839 0.90386 1.16033
v 0.49839 1.407 1.06089
v 0.49839 0.86245 1.14371
v 0.49839 0.86245 0.47932
v 0.49839 1.407 0.47932
v 0.52082 1.407 0.47932
v 0.52082 0.86245 0.47932
v 0.52082 0.86245 1.14371
v 0.52082 1.407 1.06089
v 0.52082 0.90386 1.16033
v 0.52082 1.36558 1.0775
v 0.52082 0.90386 0.4627
v 0.52082 1.36558 0.4627
v 0.52082 1.36558 1.0165
v 0.52082 0.90386 1.09933
v 0.52082 1.36558 0.5237
v 0.52082 0.90386 0.5237
v 0.52082 1.43149 0.5237
v 0.52082 1.43149 1.0165
v 0.52082 0.83796 0.5237
v 0.52082 0.83796 1.09933
usemtl mat1
vt 0.695538 0.943051
vt 0.740883 0.943051
vt 0.728531 0.958445
f 1292/4735 1294/4736 1293/4737
vt 0.695538 0.943051
vt 0.728531 0.958445
vt 0.695538 0.967545
f 1292/4738 1293/4739 1295/4740
vt 0.695538 0.771442
vt 0.695538 0.746947
vt 0.728531 0.756048
f 1296/4741 1298/4742 1297/4743
vt 0.695538 0.771442
vt 0.728531 0.756048
vt 0.740883 0.771442
f 1296/4744 1297/4745 1299/4746
vt 0.081901 0.771442
vt 0.036555 0.771442
vt 0.048907 0.756048
f 1300/4747 1302/4748 1301/4749
vt 0.081901 0.771442
vt 0.048907 0.756048
vt 0.081901 0.746947
f 1300/4750 1301/4751 1303/4752
vt 0.081900 0.943051
vt 0.081900 0.967545
vt 0.048907 0.958445
f 1304/4753 1306/4754 1305/4755
vt 0.081900 0.943051
vt 0.048907 0.958445
vt 0.036555 0.943051
f 1304/4756 1305/4757 1307/4758
vt 0.695537 0.746947
vt 0.740883 0.771442
vt 0.728531 0.756048
f 1308/4759 1310/4760 1309/4761
vt 0.048907 0.958445
vt 0.036555 0.771442
vt 0.036555 0.943051
f 1311/4762 1313/4763 1312/4764
vt 0.081901 0.746947
vt 0.036555 0.771442
vt 0.048907 0.756048
f 1314/4765 1316/4766 1315/4767
vt 0.036555 0.771442
vt 0.048907 0.958445
vt 0.036555 0.943051
f 1316/4768 1318/4769 1317/4770
vt 0.081901 0.771442
vt 0.081901 0.746947
vt 0.695538 0.746947
vt 0.695538 0.771442
f 1300/4771 1303/4772 1298/4773 1296/4774
vt 0.695538 0.771442
vt 0.695538 0.943051
vt 0.081900 0.943051
vt 0.081901 0.771442
f 1296/4775 1292/4776 1304/4777 1300/4778
vt 0.695538 0.943051
vt 0.695538 0.967545
vt 0.081900 0.967545
vt 0.081900 0.943051
f 1292/4779 1295/4780 1306/4781 1304/4782
vt 0.036555 0.943051
vt 0.036555 0.771442
vt 0.081901 0.771442
vt 0.081900 0.943051
f 1307/4783 1302/4784 1300/4785 1304/4786
vt 0.695538 0.943051
vt 0.695538 0.771442
vt 0.740883 0.771442
vt 0.740883 0.943051
f 1292/4787 1296/4788 1299/4789 1294/4790
vt 0.048907 0.958445
vt 0.740883 0.771442
vt 0.695537 0.746947
vt 0.081901 0.746947
f 1311/4791 1310/4792 1308/4793 1321/4794
vt 0.740883 0.771442
vt 0.048907 0.958445
vt 0.081900 0.967545
vt 0.695537 0.967545
f 1310/4795 1311/4796 1319/4797 1323/4798
vt 0.036555 0.771442
vt 0.048907 0.958445
vt 0.081901 0.746947
vt 0.048907 0.756048
f 1313/4799 1311/4800 1321/4801 1322/4802
vt 0.695537 0.746947
vt 0.048907 0.958445
vt 0.036555 0.771442
vt 0.081901 0.746947
f 1325/4803 1318/4804 1316/4805 1314/4806
vt 0.740883 0.943051
vt 0.740883 0.771442
vt 0.695537 0.967545
vt 0.728531 0.958445
f 1320/4807 1310/4808 1323/4809 1324/4810
vt 0.695537 0.746947
vt 0.728531 0.756048
vt 0.740883 0.771442
vt 0.740883 0.943051
f 1325/4811 1326/4812 1330/4813 1329/4814
vt 0.081900 0.967545
vt 0.048907 0.958445
vt 0.695537 0.746947
vt 0.740883 0.943051
f 1331/4815 1318/4816 1325/4817 1329/4818
vt 0.081900 0.967545
vt 0.740883 0.943051
vt 0.728531 0.958445
vt 0.695537 0.967545
f 1331/4819 1329/4820 1327/4821 1328/4822
vt 0.740883 0.771442
vt 0.695538 0.771442
vt 0.695538 0.943051
vt 0.740883 0.943051
f 1340/4823 1343/4824 1347/4825 1345/4826
vt 0.036555 0.943051
vt 0.081900 0.943051
vt 0.081901 0.771442
vt 0.036555 0.771442
f 1332/4827 1335/4828 1339/4829 1337/4830
vt 0.081900 0.967545
vt 0.695538 0.967545
vt 0.695538 0.943051
vt 0.081900 0.943051
f 1333/4831 1344/4832 1347/4833 1335/4834
vt 0.081900 0.943051
vt 0.695538 0.943051
vt 0.695538 0.771442
vt 0.081901 0.771442
f 1335/4835 1347/4836 1343/4837 1339/4838
vt 0.081901 0.771442
vt 0.695538 0.771442
vt 0.695538 0.746947
vt 0.081901 0.746947
f 1339/4839 1343/4840 1341/4841 1336/4842
vt 0.081900 0.943051
vt 0.036555 0.943051
vt 0.048907 0.958445
f 1335/4843 1332/4844 1334/4845
vt 0.081900 0.943051
vt 0.048907 0.958445
vt 0.081900 0.967545
f 1335/4846 1334/4847 1333/4848
vt 0.081901 0.771442
vt 0.081901 0.746947
vt 0.048907 0.756048
f 1339/4849 1336/4850 1338/4851
vt 0.081901 0.771442
vt 0.048907 0.756048
vt 0.036555 0.771442
f 1339/4852 1338/4853 1337/4854
vt 0.695538 0.771442
vt 0.740883 0.771442
vt 0.728531 0.756048
f 1343/4855 1340/4856 1342/4857
vt 0.695538 0.771442
vt 0.728531 0.756048
vt 0.695538 0.746947
f 1343/4858 1342/4859 1341/4860
vt 0.695538 0.943051
vt 0.695538 0.967545
vt 0.728531 0.958445
f 1347/4861 1344/4862 1346/4863
vt 0.695538 0.943051
vt 0.728531 0.958445
vt 0.740883 0.943051
f 1347/4864 1346/4865 1345/4866
vt 0.617618 0.249041
vt 0.187952 0.249041
vt 0.187952 0.273638
vt 0.617618 0.273638
f 1348/4867 1349/4868 1352/4869 1354/4870
vt 0.187952 0.445959
vt 0.555795 0.445959
vt 0.617618 0.273638
vt 0.187952 0.273638
f 1353/4871 1355/4872 1354/4873 1352/4874
vt 0.187952 0.470556
vt 0.555795 0.470556
vt 0.555795 0.445959
vt 0.187952 0.445959
f 1351/4875 1350/4876 1355/4877 1353/4878
vt 0.142418 0.445959
vt 0.187952 0.445959
vt 0.187952 0.273638
vt 0.142419 0.273638
f 1356/4879 1353/4880 1352/4881 1357/4882
vt 0.663151 0.273638
vt 0.617618 0.273638
vt 0.555795 0.445959
vt 0.601328 0.445959
f 1359/4883 1354/4884 1355/4885 1358/4886
vt 0.555795 0.445959
vt 0.588925 0.461417
vt 0.601328 0.445959
f 1355/4887 1360/4888 1358/4889
vt 0.555795 0.445959
vt 0.555795 0.470556
vt 0.588925 0.461417
f 1355/4890 1350/4891 1360/4892
vt 0.650748 0.258180
vt 0.617618 0.249041
vt 0.617618 0.273638
f 1361/4893 1348/4894 1354/4895
vt 0.617618 0.273638
vt 0.663151 0.273638
vt 0.650748 0.258180
f 1354/4896 1359/4897 1361/4898
vt 0.187952 0.273638
vt 0.154822 0.258180
vt 0.142419 0.273638
f 1352/4899 1362/4900 1357/4901
vt 0.187952 0.273638
vt 0.187952 0.249041
vt 0.154822 0.258180
f 1352/4902 1349/4903 1362/4904
vt 0.187952 0.445959
vt 0.154821 0.461417
vt 0.187952 0.470556
f 1353/4905 1363/4906 1351/4907
vt 0.187952 0.445959
vt 0.142418 0.445959
vt 0.154821 0.461417
f 1353/4908 1356/4909 1363/4910
vt 0.154821 0.461417
vt 0.154821 0.461417
vt 0.142418 0.445959
vt 0.142418 0.445959
f 1364/4911 1363/4912 1356/4913 1371/4914
vt 0.187952 0.470556
vt 0.187952 0.470556
vt 0.154821 0.461417
vt 0.154821 0.461417
f 1376/4915 1351/4916 1363/4917 1364/4918
vt 0.142419 0.273638
vt 0.142419 0.273638
vt 0.154822 0.258180
vt 0.154822 0.258180
f 1370/4919 1357/4920 1362/4921 1365/4922
vt 0.154822 0.258180
vt 0.154822 0.258180
vt 0.187952 0.249041
vt 0.187952 0.249041
f 1365/4923 1362/4924 1349/4925 1378/4926
vt 0.650748 0.258180
vt 0.650748 0.258180
vt 0.663151 0.273638
vt 0.663151 0.273638
f 1366/4927 1361/4928 1359/4929 1368/4930
vt 0.617618 0.249041
vt 0.617618 0.249041
vt 0.650748 0.258180
vt 0.650748 0.258180
f 1379/4931 1348/4932 1361/4933 1366/4934
vt 0.601328 0.445959
vt 0.601328 0.445959
vt 0.588925 0.461417
vt 0.588925 0.461417
f 1369/4935 1358/4936 1360/4937 1367/4938
vt 0.588925 0.461417
vt 0.588925 0.461417
vt 0.555795 0.470556
vt 0.555795 0.470556
f 1367/4939 1360/4940 1350/4941 1377/4942
vt 0.663151 0.273638
vt 0.663151 0.273638
vt 0.601328 0.445959
vt 0.601328 0.445959
f 1368/4943 1359/4944 1358/4945 1369/4946
vt 0.142418 0.445959
vt 0.142418 0.445959
vt 0.142419 0.273638
vt 0.142419 0.273638
f 1371/4947 1356/4948 1357/4949 1370/4950
vt 0.555795 0.470556
vt 0.555795 0.470556
vt 0.187952 0.470556
vt 0.187952 0.470556
f 1377/4951 1350/4952 1351/4953 1376/4954
vt 0.617618 0.249041
vt 0.617618 0.249041
vt 0.187952 0.249041
vt 0.187952 0.249041
f 1348/4955 1379/4956 1378/4957 1349/4958
vt 0.617618 0.249041
vt 0.617618 0.273638
vt 0.187952 0.273638
vt 0.187952 0.249041
f 1379/4959 1373/4960 1375/4961 1378/4962
vt 0.617618 0.273638
vt 0.555795 0.445959
vt 0.187952 0.445959
vt 0.187952 0.273638
f 1373/4963 1372/4964 1374/4965 1375/4966
vt 0.555795 0.445959
vt 0.555795 0.470556
vt 0.187952 0.470556
vt 0.187952 0.445959
f 1372/4967 1377/4968 1376/4969 1374/4970
vt 0.187952 0.273638
vt 0.187952 0.445959
vt 0.142418 0.445959
vt 0.142419 0.273638
f 1375/4971 1374/4972 1371/4973 1370/4974
vt 0.555795 0.445959
vt 0.617618 0.273638
vt 0.663151 0.273638
vt 0.601328 0.445959
f 1372/4975 1373/4976 1368/4977 1369/4978
vt 0.601328 0.445959
vt 0.588925 0.461417
vt 0.555795 0.445959
f 1369/4979 1367/4980 1372/4981
vt 0.588925 0.461417
vt 0.555795 0.470556
vt 0.555795 0.445959
f 1367/4982 1377/4983 1372/4984
vt 0.617618 0.249041
vt 0.650748 0.258180
vt 0.617618 0.273638
f 1379/4985 1366/4986 1373/4987
vt 0.650748 0.258180
vt 0.663151 0.273638
vt 0.617618 0.273638
f 1366/4988 1368/4989 1373/4990
vt 0.142419 0.273638
vt 0.154822 0.258180
vt 0.187952 0.273638
f 1370/4991 1365/4992 1375/4993
vt 0.154822 0.258180
vt 0.187952 0.249041
vt 0.187952 0.273638
f 1365/4994 1378/4995 1375/4996
vt 0.187952 0.470556
vt 0.154821 0.461417
vt 0.187952 0.445959
f 1376/4997 1364/4998 1374/4999
vt 0.154821 0.461417
vt 0.142418 0.445959
vt 0.187952 0.445959
f 1364/5000 1371/5001 1374/5002
vt 0.617618 0.249041
vt 0.617618 0.273638
vt 0.187952 0.273638
vt 0.187952 0.249041
f 1380/5003 1386/5004 1384/5005 1381/5006
vt 0.617618 0.273638
vt 0.555795 0.445959
vt 0.187952 0.445959
vt 0.187952 0.273638
f 1386/5007 1387/5008 1385/5009 1384/5010
vt 0.555795 0.445959
vt 0.555795 0.470556
vt 0.187952 0.470556
vt 0.187952 0.445959
f 1387/5011 1382/5012 1383/5013 1385/5014
vt 0.187952 0.273638
vt 0.187952 0.445959
vt 0.142418 0.445959
vt 0.142419 0.273638
f 1384/5015 1385/5016 1388/5017 1389/5018
vt 0.555795 0.445959
vt 0.617618 0.273638
vt 0.663151 0.273638
vt 0.601328 0.445959
f 1387/5019 1386/5020 1391/5021 1390/5022
vt 0.601328 0.445959
vt 0.588925 0.461417
vt 0.555795 0.445959
f 1390/5023 1392/5024 1387/5025
vt 0.588925 0.461417
vt 0.555795 0.470556
vt 0.555795 0.445959
f 1392/5026 1382/5027 1387/5028
vt 0.617618 0.249041
vt 0.650748 0.258180
vt 0.617618 0.273638
f 1380/5029 1393/5030 1386/5031
vt 0.650748 0.258180
vt 0.663151 0.273638
vt 0.617618 0.273638
f 1393/5032 1391/5033 1386/5034
vt 0.142419 0.273638
vt 0.154822 0.258180
vt 0.187952 0.273638
f 1389/5035 1394/5036 1384/5037
vt 0.154822 0.258180
vt 0.187952 0.249041
vt 0.187952 0.273638
f 1394/5038 1381/5039 1384/5040
vt 0.187952 0.470556
vt 0.154821 0.461417
vt 0.187952 0.445959
f 1383/5041 1395/5042 1385/5043
vt 0.154821 0.461417
vt 0.142418 0.445959
vt 0.187952 0.445959
f 1395/5044 1388/5045 1385/5046
vt 0.142418 0.445959
vt 0.154821 0.461417
vt 0.154821 0.461417
vt 0.142418 0.445959
f 1388/5047 1395/5048 1396/5049 1403/5050
vt 0.154821 0.461417
vt 0.187952 0.470556
vt 0.187952 0.470556
vt 0.154821 0.461417
f 1395/5051 1383/5052 1408/5053 1396/5054
vt 0.154822 0.258180
vt 0.142419 0.273638
vt 0.142419 0.273638
vt 0.154822 0.258180
f 1394/5055 1389/5056 1402/5057 1397/5058
vt 0.187952 0.249041
vt 0.154822 0.258180
vt 0.154822 0.258180
vt 0.187952 0.249041
f 1381/5059 1394/5060 1397/5061 1410/5062
vt 0.663151 0.273638
vt 0.650748 0.258180
vt 0.650748 0.258180
vt 0.663151 0.273638
f 1391/5063 1393/5064 1398/5065 1400/5066
vt 0.650748 0.258180
vt 0.617618 0.249041
vt 0.617618 0.249041
vt 0.650748 0.258180
f 1393/5067 1380/5068 1411/5069 1398/5070
vt 0.588925 0.461417
vt 0.601328 0.445959
vt 0.601328 0.445959
vt 0.588925 0.461417
f 1392/5071 1390/5072 1401/5073 1399/5074
vt 0.555795 0.470556
vt 0.588925 0.461417
vt 0.588925 0.461417
vt 0.555795 0.470556
f 1382/5075 1392/5076 1399/5077 1409/5078
vt 0.601328 0.445959
vt 0.663151 0.273638
vt 0.663151 0.273638
vt 0.601328 0.445959
f 1390/5079 1391/5080 1400/5081 1401/5082
vt 0.142419 0.273638
vt 0.142418 0.445959
vt 0.142418 0.445959
vt 0.142419 0.273638
f 1389/5083 1388/5084 1403/5085 1402/5086
vt 0.187952 0.470556
vt 0.555795 0.470556
vt 0.555795 0.470556
vt 0.187952 0.470556
f 1383/5087 1382/5088 1409/5089 1408/5090
vt 0.617618 0.249041
vt 0.187952 0.249041
vt 0.187952 0.249041
vt 0.617618 0.249041
f 1380/5091 1381/5092 1410/5093 1411/5094
vt 0.187952 0.273638
vt 0.617618 0.273638
vt 0.617618 0.249041
vt 0.187952 0.249041
f 1407/5095 1405/5096 1411/5097 1410/5098
vt 0.187952 0.445959
vt 0.555795 0.445959
vt 0.617618 0.273638
vt 0.187952 0.273638
f 1406/5099 1404/5100 1405/5101 1407/5102
vt 0.187952 0.470556
vt 0.555795 0.470556
vt 0.555795 0.445959
vt 0.187952 0.445959
f 1408/5103 1409/5104 1404/5105 1406/5106
vt 0.142418 0.445959
vt 0.187952 0.445959
vt 0.187952 0.273638
vt 0.142419 0.273638
f 1403/5107 1406/5108 1407/5109 1402/5110
vt 0.663151 0.273638
vt 0.617618 0.273638
vt 0.555795 0.445959
vt 0.601328 0.445959
f 1400/5111 1405/5112 1404/5113 1401/5114
vt 0.555795 0.445959
vt 0.588925 0.461417
vt 0.601328 0.445959
f 1404/5115 1399/5116 1401/5117
vt 0.555795 0.445959
vt 0.555795 0.470556
vt 0.588925 0.461417
f 1404/5118 1409/5119 1399/5120
vt 0.617618 0.273638
vt 0.650748 0.258180
vt 0.617618 0.249041
f 1405/5121 1398/5122 1411/5123
vt 0.617618 0.273638
vt 0.663151 0.273638
vt 0.650748 0.258180
f 1405/5124 1400/5125 1398/5126
vt 0.187952 0.273638
vt 0.154822 0.258180
vt 0.142419 0.273638
f 1407/5127 1397/5128 1402/5129
vt 0.187952 0.273638
vt 0.187952 0.249041
vt 0.154822 0.258180
f 1407/5130 1410/5131 1397/5132
vt 0.187952 0.445959
vt 0.154821 0.461417
vt 0.187952 0.470556
f 1406/5133 1396/5134 1408/5135
vt 0.187952 0.445959
vt 0.142418 0.445959
vt 0.154821 0.461417
f 1406/5136 1403/5137 1396/5138
