mtllib luggage-cart-HD.mtl
o front_01
v 0.07926240000000001 0.3583393 1.472657
v -0.1334609 0.36038760000000003 1.4747543
v 0.1229674 0.3579193 1.4722255000000002
v -0.1771701 0.3608076 1.4751828
v -0.0081245 1.0604753999999998 1.1391006000000001
v -0.0391694 1.0607730999999998 1.1394110000000002
v 0.0786696 0.3388142 1.4317009
v -0.1340528 0.3408551 1.4337954000000002
v 0.12237680000000001 0.3383868 1.4312696
v -0.1777637 0.3412825 1.4342265
v -0.0087201 1.0409443999999999 1.0981457000000001
v -0.0397596 1.0412420999999998 1.0984522
v 0.1233104 0.42804760000000003 1.4387785000000002
v -0.1768244 0.4309358 1.4417387000000002
v 0.07960550000000001 0.4284676 1.4392086000000002
v -0.1331197 0.4305159 1.4413101000000001
v 0.12272150000000001 0.4085151 1.3978198000000002
v -0.1774173 0.4114033 1.4007825
v 0.07901440000000001 0.4089351 1.3982497
v -0.13370869999999999 0.4109834 1.4003528
v -0.0248925 0.9088802 1.1613507
v -0.024301 0.928412 1.2023111000000002
v -0.0551995 0.4364163 0.7803717
v -0.0548472 0.4364163 0.7131347
v -0.0548472 0.3525188 0.7131347
v -0.0551995 0.3525188 0.7803717
v 0.0146093 0.4364163 0.7807345
v 0.014960900000000001 0.4364163 0.7134975
v 0.014960900000000001 0.3525188 0.7134975
v 0.0146093 0.3525188 0.7807345
v -0.0521528 0.3154793 -1.162944
v 0.0318615 0.3154793 -1.1625067999999998
v 0.0196609 0.3277064 -1.1120854
v -0.0404817 0.3277064 -1.11241
v -0.032474 0.427381 -1.1056439
v 0.0115817 0.427381 -1.1054130999999998
v 0.0113293 0.427381 -1.0568433
v -0.0327279 0.427381 -1.0570743999999999
v 0.0318615 0.39213190000000003 -1.1625067999999998
v -0.0521528 0.39213190000000003 -1.162944
v 0.0196609 0.3807911 -1.1120854
v -0.0404817 0.3807911 -1.11241
v 0.482338 0.2636309 -0.8232673
v -0.5061504 0.2636309 -0.828437
v 0.48247070000000003 0.21941650000000001 -0.8487911
v -0.5060176000000001 0.21941650000000001 -0.8539603
v 0.48247070000000003 0.1683639 -0.8487911
v -0.5060176000000001 0.1683639 -0.8539603
v 0.482338 0.12415019999999999 -0.8232673
v -0.5061504 0.12415019999999999 -0.828437
v 0.4821079 0.09862309999999999 -0.7790542
v -0.5063819 0.09862309999999999 -0.7842161000000001
v 0.481841 0.09862309999999999 -0.7279997
v -0.5066474000000001 0.09862309999999999 -0.7331688000000001
v 0.4816101 0.12415019999999999 -0.6837863000000001
v -0.5068790000000001 0.12415019999999999 -0.6889483000000001
v 0.4814773 0.1683639 -0.6582627
v -0.5070117000000001 0.1683639 -0.6634246
v 0.4814773 0.21941650000000001 -0.6582627
v -0.5070117000000001 0.21941650000000001 -0.6634246
v 0.4816101 0.2636309 -0.6837863000000001
v -0.5068790000000001 0.2636309 -0.6889483000000001
v 0.481841 0.2891572 -0.7279997
v -0.5066474000000001 0.2891572 -0.7331688000000001
v 0.4821079 0.2891572 -0.7790542
v -0.5063819 0.2891572 -0.7842161000000001
v 0.5791592 0.2851358 -0.8442702000000001
v -0.6027451 0.2851358 -0.8504492
v 0.5793322 0.2272884 -0.8776631
v -0.6025707 0.2272884 -0.8838422
v 0.5793322 0.1604919 -0.8776631
v -0.6025707 0.1604919 -0.8838422
v 0.5791592 0.1026446 -0.8442702000000001
v -0.6027451 0.1026446 -0.8504492
v 0.5788576 0.0692463 -0.7864261
v -0.6030497 0.0692463 -0.7925979000000001
v 0.5785079 0.0692463 -0.7196329
v -0.603392 0.0692463 -0.7258039000000001
v 0.5782039999999999 0.1026446 -0.6617814000000001
v -0.6037039000000001 0.1026446 -0.6679534
v 0.5780310999999999 0.1604919 -0.6283884000000001
v -0.603871 0.1604919 -0.6345596
v 0.5780310999999999 0.2272884 -0.6283884000000001
v -0.603871 0.2272884 -0.6345596
v 0.5782054999999999 0.2851358 -0.6617812000000001
v -0.6036965000000001 0.2851358 -0.6679526
v 0.5785079 0.318534 -0.7196329
v -0.603392 0.318534 -0.7258039000000001
v 0.5788561 0.318534 -0.7864262000000001
v -0.6030497 0.318534 -0.7925979000000001
v 0.4819751 0.1938902 -0.7535306
v -0.5065147000000001 0.1938902 -0.7586926
v 0.4678388 0.23765150000000002 -0.9169297000000001
v -0.4906709 0.23765150000000002 -0.9219303
v 0.5750145 0.2376522 -0.9163640000000001
v -0.5978466 0.2376522 -0.9224885
v 0.4676099 0.3134494 -0.8731602
v -0.4909036 0.3134494 -0.8781760000000001
v 0.5747876999999999 0.3134494 -0.8726088000000001
v -0.5980800000000001 0.3134494 -0.8787268
v 0.4678388 0.1501289 -0.9169297000000001
v -0.4906709 0.1501289 -0.9219303
v 0.5750145 0.1501289 -0.9163640000000001
v -0.5978466 0.1501289 -0.9224885
v 0.4676099 0.0743312 -0.8731602
v -0.4909036 0.0743312 -0.8781760000000001
v 0.5747876999999999 0.0743312 -0.8726088000000001
v -0.5980800000000001 0.0743312 -0.8787268
v 0.4672142 0.03057 -0.797366
v -0.4913007 0.03057 -0.8023671
v 0.5743912999999999 0.03057 -0.7968148
v -0.5984728 0.03057 -0.8029324
v 0.4667582 0.03057 -0.7098489
v -0.4917551 0.03057 -0.7148499
v 0.5739333 0.03057 -0.7092834
v -0.5989317000000001 0.03057 -0.7154156
v 0.4663641 0.0743312 -0.6340545000000001
v -0.4921522 0.0743312 -0.6390558000000001
v 0.5735383 0.0743312 -0.6334891
v -0.5993251 0.0743312 -0.6396137000000001
v 0.466135 0.1501289 -0.5902923
v -0.4923813 0.1501289 -0.5952937
v 0.5733085 0.15012820000000002 -0.589727
v -0.5995578 0.15012820000000002 -0.5958593
v 0.466135 0.23765150000000002 -0.5902923
v -0.4923813 0.23765150000000002 -0.5952937
v 0.5733085 0.23765150000000002 -0.589727
v -0.5995578 0.23765150000000002 -0.5958593
v 0.4663641 0.3134494 -0.6340545000000001
v -0.4921522 0.3134494 -0.6390558000000001
v 0.5735383 0.3134494 -0.6334891
v -0.5993251 0.3134494 -0.6396137000000001
v 0.4667582 0.35721 -0.7098489
v -0.4917551 0.35721 -0.7148499
v 0.5739333 0.35721 -0.7092834
v -0.5989317000000001 0.35721 -0.7154156
v 0.4672142 0.35721 -0.797366
v -0.4913007 0.35721 -0.8023671
v 0.5743912999999999 0.35721 -0.7968148
v -0.5984728 0.35721 -0.8029324
v 0.5579683999999999 0.1938902 -0.7531265
v -0.5825087000000001 0.1938902 -0.759089
v 0.5581003999999999 0.2887763 -0.7785540000000001
v -0.5823782000000001 0.2887763 -0.7845092
v 0.5578363999999999 0.2887763 -0.7277139
v -0.5826399000000001 0.2887763 -0.7336614
v 0.5576049999999999 0.2633509 -0.683671
v -0.5828685 0.2633509 -0.6896329
v 0.5574714999999999 0.2193148 -0.6582435
v -0.583007 0.2193148 -0.6642059
v 0.557473 0.16846550000000002 -0.6582507000000001
v -0.583007 0.16846550000000002 -0.6642059
v 0.5576049999999999 0.1244287 -0.683671
v -0.5828685 0.1244287 -0.6896329
v 0.5578348999999999 0.09900410000000001 -0.7277141
v -0.5826399000000001 0.09900410000000001 -0.7336614
v 0.5581003999999999 0.09900410000000001 -0.7785540000000001
v -0.5823782000000001 0.09900410000000001 -0.7845092
v 0.5583303 0.1244287 -0.8225976
v -0.5821488 0.1244287 -0.8285451
v 0.5584638 0.16846550000000002 -0.8480174
v -0.5820103000000001 0.16846550000000002 -0.8539720000000001
v 0.5584638 0.2193148 -0.8480174
v -0.5820103000000001 0.2193148 -0.8539720000000001
v 0.5583303 0.2633509 -0.8225976
v -0.5821488 0.2633509 -0.8285451
v 0.4859434 0.2423043 -0.9341933
v -0.5085944 0.2423043 -0.9393834
v 0.5570904 0.2423043 -0.9338172
v -0.5797436 0.2423043 -0.9397596
v 0.4856936 0.3261584 -0.885779
v -0.5088524000000001 0.3261584 -0.8909698
v 0.5568382999999999 0.3261584 -0.885403
v -0.5800015000000001 0.3261584 -0.8913461
v 0.4859434 0.14547680000000002 -0.9341933
v -0.5085944 0.14547680000000002 -0.9393834
v 0.5570904 0.1454775 -0.9338172
v -0.5797436 0.1454775 -0.9397596
v 0.4856936 0.0616221 -0.885779
v -0.5088524000000001 0.0616221 -0.8909698
v 0.5568396 0.0616221 -0.8854177000000001
v -0.5799941000000001 0.0616221 -0.8913454000000001
v 0.48525450000000003 0.0132086 -0.8019301
v -0.5092891 0.0132086 -0.8071212
v 0.5563992999999999 0.0132086 -0.8015547000000001
v -0.5804383000000001 0.0132086 -0.8074975
v 0.4847481 0.0132086 -0.7051021000000001
v -0.5097977 0.0132086 -0.7102930000000001
v 0.5558936 0.0132086 -0.7047335
v -0.5809395 0.0132086 -0.7106686
v 0.48430840000000003 0.0616221 -0.6212464000000001
v -0.5102352 0.0616221 -0.6264371000000001
v 0.5554553999999999 0.0616221 -0.6208703
v -0.581377 0.0616221 -0.6268126
v 0.4840542 0.14547680000000002 -0.5728321000000001
v -0.5104858000000001 0.14547680000000002 -0.5780226
v 0.5552031 0.14547680000000002 -0.5724707
v -0.5816277000000001 0.14547680000000002 -0.5783980000000001
v 0.4840542 0.2423043 -0.5728321000000001
v -0.5104858000000001 0.2423043 -0.5780226
v 0.5552033 0.2423043 -0.5724558000000001
v -0.5816277000000001 0.2423043 -0.5783980000000001
v 0.48430840000000003 0.3261584 -0.6212464000000001
v -0.5102352 0.3261584 -0.6264371000000001
v 0.5554553999999999 0.3261584 -0.6208703
v -0.581377 0.3261584 -0.6268126
v 0.48474670000000003 0.3745718 -0.7051022
v -0.5097977 0.3745718 -0.7102930000000001
v 0.5558943999999999 0.3745718 -0.7047261
v -0.5809395 0.3745718 -0.7106686
v 0.48525450000000003 0.3745718 -0.8019301
v -0.5092891 0.3745718 -0.8071212
v 0.5563992999999999 0.3745718 -0.8015547000000001
v -0.5804383000000001 0.3745718 -0.8074975
v 0.3531858 0.4272344 -0.7680957
v -0.3775794 0.4272344 -0.7719068
v 0.3531858 0.2002259 -0.7680957
v -0.3775794 0.2002259 -0.7719068
v 0.3530392 0.2002259 -0.7403164
v -0.3777239 0.2002259 -0.7441348
v 0.3530392 0.4272344 -0.7403164
v -0.3777239 0.4272344 -0.7441348
v 0.380959 0.4272344 -0.7679393
v -0.4053555 0.4272344 -0.7720487
v 0.380959 0.2002259 -0.7679393
v -0.4053555 0.2002259 -0.7720487
v 0.3808159 0.2002259 -0.7401745000000001
v -0.4055007 0.2002259 -0.7442767
v 0.3808159 0.4272344 -0.7401745000000001
v -0.4055007 0.4272344 -0.7442767
v 0.3542505 0.4480444 -0.5474225
v -0.3809491 0.4480444 -0.5512528
v 0.3553923 0.1961676 -0.7663
v -0.3798087 0.1961676 -0.7701304
v 0.3552823 0.1780314 -0.7452659
v -0.37991579999999997 0.1780314 -0.7490959
v 0.3541406 0.4299082 -0.5263735
v -0.3810582 0.4299082 -0.5302185
v 0.3773599 0.4480444 -0.5472917
v -0.4040597 0.4480444 -0.551369
v 0.3785052 0.1961676 -0.7661837
v -0.402918 0.1961676 -0.7702613
v 0.3783937 0.1780314 -0.7451496000000001
v -0.4030258 0.1780314 -0.7492269
v 0.3772506 0.4299082 -0.5262574
v -0.4041711 0.4299082 -0.5303349
v -0.5174558 0.17601840000000002 -0.7747582000000001
v 0.4930816 0.17601840000000002 -0.7694751000000001
v 0.4929148 0.17601840000000002 -0.7374651
v -0.5176278000000001 0.17601840000000002 -0.7427487
v -0.5174558 0.208033 -0.7747582000000001
v 0.4930816 0.208033 -0.7694751000000001
v 0.4929148 0.208033 -0.7374651
v -0.5176278000000001 0.208033 -0.7427487
v -0.6293313 0.4225144 -1.1130031999999999
v 0.6084769999999999 0.4225144 -1.1065376
v 0.5969361999999999 0.4225144 1.1038111000000002
v -0.6408669 0.4225144 1.0973608000000001
v -0.6293313 0.4755638 -1.1130031999999999
v 0.6084763999999999 0.4755638 -1.1065376
v 0.5969361999999999 0.4755638 1.1038111000000002
v -0.6408669 0.4755638 1.0973608000000001
v 0.14957900000000002 0.6897814 1.0933142
v 0.4025554 0.6897814 1.0946389
v 0.4025006 0.6897814 1.1046677
v 0.1495264 0.6897814 1.1033506000000002
v 0.14957900000000002 0.8537025 1.0933142
v 0.4025554 0.8537025 1.0946389
v 0.4025006 0.8537025 1.1046677
v 0.1495264 0.8537025 1.1033506000000002
v -0.5816269000000001 0.9979156 1.1017528
v 0.5376523999999999 0.9979156 1.1076062
v 0.5375097 0.9979156 1.1347124000000002
v -0.5817702 0.9979156 1.1288665
v -0.5734738 1.1676661 1.1017986000000002
v 0.5294970999999999 1.1633190999999998 1.1075601000000002
v 0.5293582 1.159775 1.1346666
v -0.5736142000000001 1.1633190999999998 1.1289052000000002
v -0.3150512 1.0162544999999998 1.0945936
v 0.2711656 1.0162544999999998 1.0976510000000002
v 0.2709782 1.0162544999999998 1.1333217
v -0.31535589999999997 1.0162544999999998 1.1526226000000002
v -0.3150659 1.1805747999999998 1.0979592
v 0.27115090000000003 1.1854524 1.1010164
v 0.2708781 1.1794769999999999 1.1525663000000002
v -0.315338 1.1703776 1.1495090000000001
v 0.5457985999999999 1.1088476999999999 1.1012951
v -0.5897068000000001 1.1088476999999999 1.0953575
v 0.5455276 1.1088476999999999 1.1535036
v -0.5899792 1.1088476999999999 1.1475734000000002
v -0.3150198 1.1270833999999998 1.0882403
v 0.2711978 1.1270833999999998 1.091305
v 0.2707129 1.1270833999999998 1.1845836
v -0.3154547 1.1270833999999998 1.171956
v 0.5457985999999999 1.0493808 1.1012951
v -0.5897068000000001 1.0493808 1.0953575
v 0.5455724999999999 1.0493808 1.1449465
v -0.5899372 1.0493808 1.139016
v -0.3150198 1.0633504999999999 1.0882403
v 0.2711978 1.0633504999999999 1.091305
v 0.27075710000000003 1.0633504999999999 1.1760413
v -0.3154612 1.0633504999999999 1.172984
v -0.021943800000000003 1.0215374 1.0961259
v -0.0221492 1.0278368999999998 1.1354283
v -0.0219319 1.1951781 1.0941143
v -0.022259900000000003 1.1951781 1.1567659000000001
v -0.021911700000000003 1.1368091999999999 1.0897727000000001
v -0.0223577 1.1368091999999999 1.1755148
v -0.021911700000000003 1.0633504999999999 1.0897727000000001
v -0.022314300000000002 1.0633504999999999 1.1669648000000001
v 0.5675937999999999 1.055651 -1.0678486999999999
v -0.5888505 1.055651 -1.0738858
v 0.6029591 1.055651 -1.0676614999999998
v -0.6242113 1.055651 -1.0740653
v 0.5677776 1.055651 -1.1032088
v -0.5886632 1.055651 -1.1092533
v 0.6031436 1.055651 -1.1030293
v -0.6240306000000001 1.055651 -1.1094407
v -0.0106284 1.1475221999999998 -1.070867
v -0.0106284 1.1828883 -1.070867
v -0.010443899999999999 1.1475221999999998 -1.1062349999999999
v -0.010443899999999999 1.1828883 -1.1062349999999999
v 0.4760878 1.1475221999999998 -1.0683295
v -0.4973394 1.1475221999999998 -1.0734115
v 0.4760878 1.1828883 -1.0683295
v -0.4973394 1.1828883 -1.0734115
v 0.476273 1.1475221999999998 -1.1036898
v -0.4971594 1.1475221999999998 -1.1087798
v 0.476273 1.1828883 -1.1036898
v -0.4971594 1.1828883 -1.1087798
v 0.5115557 1.1427034999999999 -1.0681402
v -0.532811 1.1427034999999999 -1.0735937999999998
v 0.541241 1.1231119999999999 -1.0679843999999998
v -0.5624910000000001 1.1231119999999999 -1.0737495
v 0.5592889999999999 1.0926528999999998 -1.0678935999999999
v -0.5805443 1.0926528999999998 -1.0738478
v 0.5250916999999999 1.1753803999999999 -1.0680762
v -0.5463455 1.1753803999999999 -1.0736653999999999
v 0.5662484999999999 1.1481115999999998 -1.0678474999999998
v -0.5875044 1.1481115999999998 -1.0738794999999999
v 0.5919612999999999 1.1061804999999998 -1.0677193999999999
v -0.6132201 1.1061804999999998 -1.074015
v 0.5117423 1.1427034999999999 -1.1035077999999998
v -0.5326235 1.1427034999999999 -1.1089613999999999
v 0.5414262 1.1231119999999999 -1.1033518
v -0.5623116 1.1231119999999999 -1.1091103999999998
v 0.5594771 1.0926528999999998 -1.1032609999999998
v -0.5803569000000001 1.0926528999999998 -1.1092153999999999
v 0.5252718999999999 1.1753803999999999 -1.1034294999999998
v -0.5461581000000001 1.1753803999999999 -1.109033
v 0.5664351 1.1481115999999998 -1.1032225
v -0.5873170000000001 1.1481115999999998 -1.1092469999999999
v 0.5921493999999999 1.1061804999999998 -1.1030867999999998
v -0.6130335 1.1061804999999998 -1.1093752
v 0.6031436 0.4755638 -1.1030293
v -0.6240306000000001 0.4755638 -1.1094407
v 0.5677776 0.4755638 -1.1032088
v -0.5886632 0.4755638 -1.1092533
v 0.6029591 0.4755638 -1.0676614999999998
v -0.6242113 0.4755638 -1.0740653
v 0.5675937999999999 0.4755638 -1.0678486999999999
v -0.5888505 0.4755638 -1.0738858
v 0.3737858 1.1499241 -1.0721946999999998
v -0.3950047 1.1499241 -1.0762178999999998
v 0.4024747 1.1499241 -1.0720494999999999
v -0.4236935 1.1499241 -1.0763631
v 0.3739361 1.1499241 -1.1008913999999999
v -0.3948543 1.1499241 -1.1048997999999999
v 0.4026236 1.1499389 -1.1007314
v -0.4235439 1.1499389 -1.1050446999999999
v 0.4026236 0.4755638 -1.1007314
v -0.4235439 0.4755638 -1.1050446999999999
v 0.3739361 0.4755638 -1.1008913999999999
v -0.3948543 0.4755638 -1.1048997999999999
v 0.4024747 0.4755638 -1.0720494999999999
v -0.4236935 0.4755638 -1.0763631
v 0.3737858 0.4755638 -1.0721946999999998
v -0.3950047 0.4755638 -1.0762178999999998
v 0.1730863 0.4755638 -1.0732511999999998
v -0.1943038 0.4755638 -1.0751613999999998
v 0.2017741 0.4755638 -1.0730912
v -0.22299259999999999 0.4755638 -1.0753139999999999
v 0.1732352 0.4755638 -1.1019328
v -0.1941549 0.4755638 -1.1038583
v 0.2019242 0.4755638 -1.101788
v -0.2228444 0.4755638 -1.1040035
v 0.2019242 1.1499389 -1.101788
v -0.2228444 1.1499389 -1.1040035
v 0.1732352 1.1499241 -1.1019328
v -0.1941549 1.1499241 -1.1038583
v 0.2017741 1.1499241 -1.0730912
v -0.22299259999999999 1.1499241 -1.0753139999999999
v 0.1730863 1.1499241 -1.0732511999999998
v -0.1943038 1.1499241 -1.0751613999999998
v -0.024953100000000002 1.1499241 -1.0742749
v 0.0037343 1.1499241 -1.0741303
v -0.0248043 1.1499241 -1.1029716999999999
v 0.0038845999999999998 1.1499389 -1.1028190999999998
v 0.0038845999999999998 0.4755638 -1.1028190999999998
v -0.0248043 0.4755638 -1.1029716999999999
v 0.0037343 0.4755638 -1.0741303
v -0.024953100000000002 0.4755638 -1.0742749
v 0.3624753 1.1499241 1.0939552000000001
v -0.406316 1.1499241 1.0899394
v 0.3911642 1.1499241 1.0941077000000001
v -0.43500479999999997 1.1499241 1.0897868000000002
v 0.3626256 1.1499241 1.0652662000000002
v -0.4061671 1.1499241 1.0612576
v 0.391313 1.1499389 1.0654112
v -0.4348545 1.1499389 1.0610979
v 0.391313 0.4755638 1.0654112
v -0.4348545 0.4755638 1.0610979
v 0.3626256 0.4755638 1.0652662000000002
v -0.4061671 0.4755638 1.0612576
v 0.3911642 0.4755638 1.0941077000000001
v -0.43500479999999997 0.4755638 1.0897868000000002
v 0.3624753 0.4755638 1.0939552000000001
v -0.406316 0.4755638 1.0899394
v 0.1617729 0.4755638 1.0929061
v -0.2056165 0.4755638 1.0909882000000002
v 0.1904646 0.4755638 1.0930515
v -0.23430389999999998 0.4755638 1.0908360000000001
v 0.16192320000000002 0.4755638 1.0642244
v -0.2054669 0.4755638 1.0622991000000002
v 0.1906113 0.4755638 1.0643695
v -0.234155 0.4755638 1.0621466000000002
v 0.1906113 1.1499389 1.0643695
v -0.234155 1.1499389 1.0621466000000002
v 0.16192320000000002 1.1499241 1.0642244
v -0.2054669 1.1499241 1.0622991000000002
v 0.1904646 1.1499241 1.0930515
v -0.23430389999999998 1.1499241 1.0908360000000001
v 0.1617729 1.1499241 1.0929061
v -0.2056165 1.1499241 1.0909882000000002
v -0.0362644 1.1499241 1.0918674000000002
v -0.007576299999999999 1.1499241 1.0920199000000002
v -0.036117 1.1499241 1.0631855000000001
v -0.007426 1.1499389 1.0633307
v -0.007426 0.4755638 1.0633307
v -0.036117 0.4755638 1.0631855000000001
v -0.007576299999999999 0.4755638 1.0920199000000002
v -0.0362644 0.4755638 1.0918674000000002
v 0.5566456 1.055651 1.0983129
v -0.6005203 1.055651 1.0922604
v 0.5920093 1.055651 1.0984926000000002
v -0.6358864000000001 1.055651 1.0920805
v 0.5568270999999999 1.055651 1.0629448000000001
v -0.6003352000000001 1.055651 1.0568928000000002
v 0.5921936999999999 1.055651 1.0631247000000001
v -0.6357025000000001 1.055651 1.0567128000000001
v -0.0219389 1.1475221999999998 1.0952827
v -0.0219389 1.1828883 1.0952827
v -0.0217537 1.1475221999999998 1.0599153000000001
v -0.0217537 1.1828883 1.0599153000000001
v 0.4651401 1.1475221999999998 1.0978244000000001
v -0.5090129000000001 1.1475221999999998 1.0927343
v 0.4651401 1.1828883 1.0978244000000001
v -0.5090129000000001 1.1828883 1.0927343
v 0.465321 1.1475221999999998 1.0624637000000001
v -0.5088320000000001 1.1475221999999998 1.0573810000000001
v 0.4653218 1.1828883 1.0624638000000002
v -0.5088298 1.1828883 1.0573812
v 0.5006073999999999 1.1427034999999999 1.0980137
v -0.5444822 1.1427034999999999 1.0925523000000001
v 0.5302924999999999 1.1231119999999999 1.0981625000000002
v -0.5741681000000001 1.1231119999999999 1.0924034
v 0.5483393 1.0926528999999998 1.0982602000000001
v -0.5922149000000001 1.0926528999999998 1.0922982
v 0.5141418999999999 1.1753803999999999 1.0980777000000002
v -0.5580168000000001 1.1753803999999999 1.0924807
v 0.5552971 1.1481115999999998 1.0982987000000002
v -0.5991757000000001 1.1481115999999998 1.0922667000000001
v 0.5810143 1.1061804999999998 1.0984274
v -0.6248878000000001 1.1061804999999998 1.0921314
v 0.5007948 1.1427034999999999 1.0626462
v -0.5442992000000001 1.1427034999999999 1.0571844000000001
v 0.5304764 1.1231119999999999 1.0628094000000001
v -0.5739829000000001 1.1231119999999999 1.0570358
v 0.5485266999999999 1.0926528999999998 1.0628927000000001
v -0.5920318 1.0926528999999998 1.0569452000000001
v 0.5143243 1.1753803999999999 1.0627245
v -0.5578331000000001 1.1753803999999999 1.0571205000000001
v 0.5554838 1.1481115999999998 1.0629314
v -0.5989904 1.1481115999999998 1.0569139
v 0.5811989 1.1061804999999998 1.063067
v -0.6247063 1.1061804999999998 1.0567708
v 0.5921936999999999 0.4755638 1.0631247000000001
v -0.6357025000000001 0.4755638 1.0567128000000001
v 0.5568270999999999 0.4755638 1.0629448000000001
v -0.6003352000000001 0.4755638 1.0568928000000002
v 0.5920093 0.4755638 1.0984926000000002
v -0.6358864000000001 0.4755638 1.0920805
v 0.5566456 0.4755638 1.0983129
v -0.6005203 0.4755638 1.0922604
v -0.5253062000000001 0.17601840000000002 0.7282892999999999
v 0.4852356 0.17601840000000002 0.7335653
v 0.4850688 0.17601840000000002 0.7655827
v -0.5254738000000001 0.17601840000000002 0.7602992
v -0.5253062000000001 0.208033 0.7282892999999999
v 0.4852356 0.208033 0.7335653
v 0.4850688 0.208033 0.7655827
v -0.5254738000000001 0.208033 0.7602992
v 0.1438998 0.3674315 0.8869692
v -0.1855926 0.3674315 0.8852439999999999
v 0.14467 0.1961676 0.7393225999999999
v -0.18482279999999998 0.1961676 0.7375974
v 0.1445615 0.1780314 0.7603496
v -0.18493199999999999 0.1780314 0.7586316
v 0.1437907 0.34929530000000003 0.9080034
v -0.1857026 0.34929530000000003 0.9062781999999999
v 0.1665663 0.3674315 0.8870811
v -0.2082576 0.3674315 0.8851249
v 0.1673359 0.1961676 0.7394343999999999
v -0.20748629999999998 0.1961676 0.7374782999999999
v 0.167226 0.1780314 0.7604761
v -0.2075941 0.1780314 0.7585126999999999
v 0.1664534 0.34929530000000003 0.9081224
v -0.2083668 0.34929530000000003 0.9061591
v 0.16802920000000002 0.3674315 0.606395
v -0.20679119999999998 0.3674315 0.604439
v 0.1672583 0.1961676 0.7540412999999999
v -0.20756249999999998 0.1961676 0.7520855
v 0.1673683 0.1780314 0.7330072
v -0.2074519 0.1780314 0.7310439
v 0.16813830000000002 0.34929530000000003 0.5853607
v -0.20668129999999998 0.34929530000000003 0.5834047
v 0.1453673 0.3674315 0.6062685
v -0.1841263 0.3674315 0.6045505999999999
v 0.14459650000000002 0.1961676 0.7539152
v -0.1848983 0.1961676 0.7521971
v 0.1447057 0.1780314 0.7328882999999999
v -0.18478909999999998 0.1780314 0.7311629
v 0.145478 0.34929530000000003 0.5852343999999999
v -0.1840185 0.34929530000000003 0.5835161999999999
v 0.1421447 0.34523560000000003 0.7338939
v -0.18223899999999998 0.34523560000000003 0.7321983999999999
v 0.1421447 0.2002259 0.7338939
v -0.18223899999999998 0.2002259 0.7321983999999999
v 0.1419985 0.2002259 0.7616731999999999
v -0.18238269999999998 0.2002259 0.7599707
v 0.1419985 0.34523560000000003 0.7616731999999999
v -0.18238269999999998 0.34523560000000003 0.7599707
v 0.1699226 0.34523560000000003 0.7340359
v -0.2100136 0.34523560000000003 0.7320569
v 0.1699226 0.2002259 0.7340359
v -0.2100136 0.2002259 0.7320569
v 0.1697764 0.2002259 0.7618151999999999
v -0.2101595 0.2002259 0.7598288
v 0.1697764 0.34523560000000003 0.7618151999999999
v -0.2101595 0.34523560000000003 0.7598288
v 0.13797890000000002 0.3796358 1.4576388
v 0.1381494 0.3796358 1.4248152
v -0.1854572 0.3796358 1.4231268000000001
v -0.1856306 0.3796358 1.4559501000000001
v 0.13797890000000002 0.345559 1.4576388
v 0.1381494 0.345559 1.4248152
v -0.1854572 0.345559 1.4231268000000001
v -0.1856306 0.345559 1.4559501000000001
v -0.1811765 0.345559 0.6033666
v -0.181006 0.345559 0.5705504
v 0.1426002 0.345559 0.5722402
v 0.1424299 0.345559 0.6050565
v -0.1811765 0.3796358 0.6033666
v -0.181006 0.3796358 0.5705504
v 0.1426002 0.3796358 0.5722402
v 0.1424299 0.3796358 0.6050565
v 0.1396938 0.3796358 1.1291006000000001
v 0.13986410000000002 0.3796358 1.0962771
v -0.1837412 0.3796358 1.0945799
v -0.1839124 0.3796358 1.1274108
v 0.1396938 0.345559 1.1291006000000001
v 0.13986410000000002 0.345559 1.0962771
v -0.1837412 0.345559 1.0945799
v -0.1839124 0.345559 1.1274108
v -0.1821344 0.345559 0.7866913
v -0.1817102 0.345559 0.7054832
v 0.141895 0.345559 0.7071729
v 0.14147310000000002 0.345559 0.788374
v -0.1821344 0.3796358 0.7866913
v -0.1817102 0.3796358 0.7054832
v 0.141895 0.3796358 0.7071729
v 0.14147310000000002 0.3796358 0.788374
v -0.0738408 0.3304679 0.706054
v 0.0340276 0.3304679 0.7066098
v -0.07426519999999999 0.3304679 0.7872473
v 0.0336022 0.3304679 0.7878178
v -0.0738408 0.3645433 0.706054
v 0.0340276 0.3645433 0.7066098
v -0.07426519999999999 0.3645433 0.7872473
v 0.0336022 0.3645433 0.7878178
v 0.1357991 0.339907 0.566637
v -0.1741474 0.339907 0.5650154
v 0.179511 0.339907 0.5668582999999999
v -0.21785849999999998 0.339907 0.5647865
v 0.17478960000000002 0.339907 1.4708183000000001
v -0.2225781 0.339907 1.4687453000000001
v 0.1310798 0.339907 1.4705913000000002
v -0.1788683 0.339907 1.4689716000000002
v 0.1357978 0.3852871 0.5666369
v -0.174146 0.3852871 0.5650155
v 0.179511 0.3852871 0.5668582999999999
v -0.21785849999999998 0.3852871 0.5647865
v 0.17478960000000002 0.3852871 1.4708183000000001
v -0.2225781 0.3852871 1.4687453000000001
v 0.1310798 0.3852871 1.4705913000000002
v -0.1788683 0.3852871 1.4689716000000002
v 0.5485496999999999 0.3745718 0.7014927
v -0.5882857 0.3745718 0.6955577
v 0.4774049 0.3745718 0.7011168999999999
v -0.5171381 0.3745718 0.6959263
v 0.5480468 0.3745718 0.7983142
v -0.5887884000000001 0.3745718 0.792379
v 0.4768962 0.3745718 0.7979452
v -0.5176452 0.3745718 0.7927546999999999
v 0.5476070999999999 0.3261584 0.8821701
v -0.5892267000000001 0.3261584 0.876235
v 0.4764609 0.3261584 0.881794
v -0.5180798000000001 0.3261584 0.8766035999999999
v 0.5473528999999999 0.2423043 0.9305840999999999
v -0.5894796000000001 0.2423043 0.9246492
v 0.4762088 0.2423043 0.9302083
v -0.5183334 0.2423043 0.9250176999999999
v 0.5473528999999999 0.14547680000000002 0.9305840999999999
v -0.5894796000000001 0.14547680000000002 0.9246492
v 0.4762088 0.14547680000000002 0.9302083
v -0.5183334 0.14547680000000002 0.9250176999999999
v 0.5476078 0.0616221 0.8821627
v -0.5892274000000001 0.0616221 0.8762348
v 0.4764609 0.0616221 0.881794
v -0.5180798000000001 0.0616221 0.8766035999999999
v 0.5480468 0.0132086 0.7983142
v -0.5887884000000001 0.0132086 0.792379
v 0.4768962 0.0132086 0.7979452
v -0.5176452 0.0132086 0.7927546999999999
v 0.5485502999999999 0.0132086 0.7014927999999999
v -0.5882857 0.0132086 0.6955577
v 0.4774049 0.0132086 0.7011168999999999
v -0.5171381 0.0132086 0.6959263
v 0.5489871999999999 0.0616221 0.6176368
v -0.5878446 0.0616221 0.6116944999999999
v 0.4778424 0.0616221 0.6172609
v -0.5166976000000001 0.0616221 0.6120706
v 0.5492414 0.1454775 0.5692227
v -0.5875925000000001 0.1454775 0.5632802
v 0.47809450000000003 0.14547680000000002 0.5688466999999999
v -0.5164477000000001 0.14547680000000002 0.5636559999999999
v 0.5489871999999999 0.3261584 0.6176368
v -0.5878446 0.3261584 0.6116944999999999
v 0.4778424 0.3261584 0.6172609
v -0.5166976000000001 0.3261584 0.6120706
v 0.5492414 0.2423043 0.5692227
v -0.5875925000000001 0.2423043 0.5632802
v 0.47809450000000003 0.2423043 0.5688466999999999
v -0.5164477000000001 0.2423043 0.5636559999999999
v 0.5504829 0.2633509 0.6804502
v -0.5899942 0.2633509 0.6744953
v 0.5506156 0.2193148 0.6550225
v -0.58986 0.2193148 0.6490678999999999
v 0.5506156 0.16846550000000002 0.6550225
v -0.58986 0.16846550000000002 0.6490678999999999
v 0.5504829 0.1244287 0.6804502
v -0.5899942 0.1244287 0.6744953
v 0.5502520999999999 0.09900410000000001 0.7244858
v -0.5902235 0.09900410000000001 0.7185237
v 0.5499875 0.09900410000000001 0.7753335
v -0.5904903 0.09900410000000001 0.7693787
v 0.5497582 0.1244287 0.8193693999999999
v -0.5907211 0.1244287 0.8134144
v 0.5496234 0.16846550000000002 0.8448041
v -0.5908530000000001 0.16846550000000002 0.838842
v 0.5496234 0.2193148 0.8448041
v -0.5908530000000001 0.2193148 0.838842
v 0.5497582 0.2633509 0.8193693999999999
v -0.5907211 0.2633509 0.8134144
v 0.5499875 0.2887763 0.7753335
v -0.5904903 0.2887763 0.7693787
v 0.5502520999999999 0.2887763 0.7244858
v -0.5902235 0.2887763 0.7185237
v 0.550118 0.1938902 0.7499132
v -0.5903584000000001 0.1938902 0.7439511999999999
v 0.5665416 0.35721 0.7062326
v -0.6063232000000001 0.35721 0.7001075999999999
v 0.45936520000000003 0.35721 0.7056741
v -0.499149 0.35721 0.7006657
v 0.5660843 0.35721 0.7937567999999999
v -0.6067798000000001 0.35721 0.787632
v 0.4589079 0.35721 0.793206
v -0.4996034 0.35721 0.7881903
v 0.5656907999999999 0.3134494 0.8695512999999999
v -0.6071769 0.3134494 0.8634335999999999
v 0.4585129 0.3134494 0.8689855
v -0.5000006 0.3134494 0.8639844999999999
v 0.5654596 0.23765150000000002 0.9133207
v -0.6074045 0.23765150000000002 0.9071885
v 0.4582853 0.23765150000000002 0.9127550999999999
v -0.5002288 0.23765150000000002 0.907754
v 0.5654596 0.15012820000000002 0.9133207
v -0.6074045 0.15012820000000002 0.9071885
v 0.4582853 0.1501289 0.9127550999999999
v -0.5002288 0.1501289 0.907754
v 0.5656907999999999 0.0743312 0.8695512999999999
v -0.6071769 0.0743312 0.8634335999999999
v 0.4585129 0.0743312 0.8689855
v -0.5000006 0.0743312 0.8639844999999999
v 0.5660843 0.03057 0.7937567999999999
v -0.6067798000000001 0.03057 0.787632
v 0.4589079 0.03057 0.793206
v -0.4996034 0.03057 0.7881903
v 0.5665416 0.03057 0.7062326
v -0.6063232000000001 0.03057 0.7001075999999999
v 0.45936520000000003 0.03057 0.7056741
v -0.499149 0.03057 0.7006657
v 0.5669373 0.0743312 0.6304381
v -0.6059268000000001 0.0743312 0.6243134
v 0.45976300000000003 0.0743312 0.6298726
v -0.4987511 0.0743312 0.6248714999999999
v 0.5671662999999999 0.1501289 0.586676
v -0.6056992000000001 0.1501289 0.5805511999999999
v 0.45999070000000003 0.1501289 0.5861178
v -0.498525 0.1501289 0.5811164999999999
v 0.5669373 0.3134494 0.6304381
v -0.6059268000000001 0.3134494 0.6243134
v 0.45976300000000003 0.3134494 0.6298726
v -0.4987511 0.3134494 0.6248714999999999
v 0.5671662999999999 0.2376522 0.586676
v -0.6056992000000001 0.2376522 0.5805511999999999
v 0.45999070000000003 0.23765150000000002 0.5861178
v -0.498525 0.23765150000000002 0.5811164999999999
v 0.47412550000000003 0.1938902 0.7495168999999999
v -0.5143643 0.1938902 0.744355
v 0.5710065 0.318534 0.7166286
v -0.6108972 0.318534 0.7104498
v 0.5706576 0.318534 0.783422
v -0.6112453000000001 0.318534 0.7772431999999999
v 0.5703573 0.2851358 0.8412588999999999
v -0.6115484000000001 0.2851358 0.8350947
v 0.5701814 0.2272884 0.8746590999999999
v -0.6117222000000001 0.2272884 0.8684877
v 0.5701814 0.1604919 0.8746590999999999
v -0.6117222000000001 0.1604919 0.8684877
v 0.5703573 0.1026446 0.8412588999999999
v -0.6115469 0.1026446 0.8350947999999999
v 0.5706568 0.0692463 0.7834219
v -0.6112453000000001 0.0692463 0.7772431999999999
v 0.5710065 0.0692463 0.7166286
v -0.6108972 0.0692463 0.7104498
v 0.5713109 0.1026446 0.6587698
v -0.6105955000000001 0.1026446 0.6526056
v 0.5714853999999999 0.1604919 0.625377
v -0.6104203 0.1604919 0.6192052
v 0.5714853999999999 0.2272884 0.625377
v -0.6104203 0.2272884 0.6192052
v 0.5713109 0.2851358 0.6587698
v -0.6105955000000001 0.2851358 0.6526056
v 0.4742596 0.2891572 0.7239933
v -0.5142309 0.2891572 0.7188239
v 0.473992 0.2891572 0.7750405
v -0.5144985000000001 0.2891572 0.7698784
v 0.4737626 0.2636309 0.8192539999999999
v -0.5147279 0.2636309 0.8140919999999999
v 0.4736276 0.21941650000000001 0.8447849
v -0.5148621000000001 0.21941650000000001 0.8396228
v 0.4736276 0.1683639 0.8447849
v -0.5148621000000001 0.1683639 0.8396228
v 0.4737626 0.12415019999999999 0.8192539999999999
v -0.5147279 0.12415019999999999 0.8140919999999999
v 0.473992 0.09862309999999999 0.7750405
v -0.5144985000000001 0.09862309999999999 0.7698784
v 0.4742596 0.09862309999999999 0.7239933
v -0.5142309 0.09862309999999999 0.7188239
v 0.4744912 0.12415019999999999 0.6797727
v -0.5140007000000001 0.12415019999999999 0.6746105
v 0.4746232 0.1683639 0.6542489
v -0.5138673 0.1683639 0.6490868
v 0.4746232 0.21941650000000001 0.6542489
v -0.5138673 0.21941650000000001 0.6490868
v 0.4744912 0.2636309 0.6797727
v -0.5140007000000001 0.2636309 0.6746105
v 0.3280465 0.551302 -1.1073453
v -0.3488997 0.551302 -1.1108856
v 0.442316 0.551302 -1.1067582999999999
v -0.463169 0.551302 -1.1114878
v 0.4422819 0.551302 -1.1001758
v -0.4632038 0.551302 -1.1048904
v 0.32801030000000003 0.551302 -1.1007628999999999
v -0.3489344 0.551302 -1.104296
v 0.3851788 0.6573551 -1.1070482
v -0.40603469999999997 0.6573551 -1.1111829
v 0.385147 0.6573551 -1.1004654999999999
v -0.40606949999999997 0.6573551 -1.1046006
v -0.0551995 0.4364163 0.7803717
v -0.0548472 0.4364163 0.7131347
v -0.0548472 0.3525188 0.7131347
v -0.0551995 0.3525188 0.7803717
v 0.0146093 0.4364163 0.7807345
v 0.014960900000000001 0.4364163 0.7134975
v 0.014960900000000001 0.3525188 0.7134975
v 0.0146093 0.3525188 0.7807345
usemtl mat0
vt 0.520276 0.247096
vt 0.520276 0.282940
vt 0.485751 0.282940
vt 0.485751 0.247096
f 1/1 7/2 9/3 3/4
vt 0.520494 0.282940
vt 0.485969 0.282940
vt 0.485969 0.247096
vt 0.520494 0.247096
f 10/5 8/6 2/7 4/8
vt 0.755258 0.280837
vt 0.820085 0.280837
vt 0.820085 0.246552
vt 0.755258 0.246552
f 15/9 1/10 3/11 13/12
vt 0.820085 0.280824
vt 0.820085 0.246539
vt 0.755258 0.246539
vt 0.755258 0.280824
f 4/13 2/14 16/15 14/16
vt 0.820086 0.280837
vt 0.755258 0.280837
vt 0.755258 0.246552
vt 0.820084 0.246552
f 7/17 19/18 17/19 9/20
vt 0.755258 0.280824
vt 0.755258 0.246539
vt 0.820086 0.246539
vt 0.820084 0.280824
f 18/21 20/22 8/23 10/24
vt 0.857387 0.283456
vt 0.793696 0.283456
vt 0.793696 0.246254
vt 0.857388 0.246254
f 9/25 17/26 13/27 3/28
vt 0.793696 0.246254
vt 0.793696 0.283456
vt 0.857387 0.283456
vt 0.857388 0.246254
f 14/29 18/30 10/31 4/32
vt 0.793696 0.283456
vt 0.220473 0.283456
vt 0.220473 0.246254
vt 0.793696 0.246254
f 17/33 11/34 5/35 13/36
vt 0.220473 0.246254
vt 0.220473 0.283456
vt 0.793696 0.283456
vt 0.793696 0.246254
f 6/37 12/38 18/39 14/40
vt 0.857388 0.246254
vt 0.793696 0.246254
vt 0.793697 0.283456
vt 0.857388 0.283456
f 1/41 15/42 19/43 7/44
vt 0.793697 0.283456
vt 0.793696 0.246254
vt 0.857388 0.246254
vt 0.857388 0.283456
f 20/45 16/46 2/47 8/48
vt 0.793696 0.246254
vt 0.793697 0.283456
vt 0.340556 0.283456
vt 0.340555 0.246254
f 16/49 20/50 21/51 22/52
vt 0.793696 0.246254
vt 0.340555 0.246254
vt 0.340556 0.283456
vt 0.793697 0.283456
f 15/53 22/54 21/55 19/56
vt 0.171817 0.249891
vt 0.294041 0.265277
vt 0.171817 0.280662
f 11/57 21/58 12/59
vt 0.171817 0.249891
vt 0.755258 0.246552
vt 0.755258 0.280837
vt 0.294041 0.281333
f 11/60 17/61 19/62 21/63
vt 0.171817 0.280662
vt 0.294041 0.249221
vt 0.755258 0.246539
vt 0.755258 0.280824
f 12/64 21/65 20/66 18/67
vt 0.171817 0.249891
vt 0.171817 0.280662
vt 0.294040 0.265277
f 5/68 6/69 22/70
vt 0.171817 0.249891
vt 0.294040 0.281333
vt 0.755258 0.280837
vt 0.755258 0.246552
f 5/71 22/72 15/73 13/74
vt 0.171817 0.280662
vt 0.755258 0.280824
vt 0.755258 0.246539
vt 0.294040 0.249221
f 6/75 14/76 16/77 22/78
vt 0.490862 0.247096
vt 0.490862 0.282940
vt 0.515383 0.282940
vt 0.515383 0.247096
f 5/79 11/80 12/81 6/82
vt 0.674984 0.283623
vt 0.674984 0.247137
vt 0.583286 0.247137
vt 0.583286 0.283623
f 23/83 24/84 25/85 26/86
vt 0.674984 0.283623
vt 0.583286 0.283623
vt 0.583286 0.247137
vt 0.674984 0.247137
f 27/87 30/88 29/89 28/90
vt 0.674877 0.246935
vt 0.674877 0.283473
vt 0.583306 0.283473
vt 0.583306 0.246935
f 24/91 28/92 29/93 25/94
vt 0.583286 0.247137
vt 0.583286 0.247137
vt 0.583286 0.283623
vt 0.583286 0.283623
f 25/95 29/96 30/97 26/98
vt 0.674877 0.283473
vt 0.674877 0.246935
vt 0.583306 0.246935
vt 0.583306 0.283473
f 27/99 23/100 26/101 30/102
vt 0.997044 0.057125
vt 0.921411 0.057125
vt 0.932155 0.070003
vt 0.986299 0.070003
f 31/103 32/104 33/105 34/106
vt 0.997044 0.057125
vt 0.997044 0.137859
vt 0.921410 0.137859
vt 0.921411 0.057125
f 31/107 40/108 39/109 32/110
vt 0.997044 0.137859
vt 0.982428 0.174985
vt 0.936026 0.174985
vt 0.921410 0.137859
f 40/111 35/112 36/113 39/114
vt 0.994985 0.055472
vt 0.994985 0.137125
vt 0.961056 0.137496
vt 0.961056 0.068496
f 32/115 39/116 41/117 33/118
vt 0.994985 0.137125
vt 0.956543 0.174673
vt 0.923899 0.174673
vt 0.961056 0.137496
f 39/119 36/120 37/121 41/122
vt 0.932155 0.070003
vt 0.932155 0.125915
vt 0.986299 0.125915
vt 0.986299 0.070003
f 33/123 41/124 42/125 34/126
vt 0.932155 0.125915
vt 0.936026 0.174985
vt 0.982428 0.174985
vt 0.986299 0.125915
f 41/127 37/128 38/129 42/130
vt 0.956543 0.174673
vt 0.994985 0.137125
vt 0.961056 0.137496
vt 0.923899 0.174673
f 35/131 40/132 42/133 38/134
vt 0.994985 0.137125
vt 0.994985 0.055472
vt 0.961056 0.068496
vt 0.961056 0.137496
f 40/135 31/136 34/137 42/138
vt 0.272286 0.123994
vt 0.316303 0.166663
vt 0.332415 0.139612
f 91/139 43/140 45/141
vt 0.332415 0.139612
vt 0.316303 0.166663
vt 0.272286 0.123994
f 46/142 44/143 92/144
vt 0.272286 0.123994
vt 0.332415 0.139612
vt 0.332415 0.108376
f 91/145 45/146 47/147
vt 0.332415 0.108376
vt 0.332415 0.139612
vt 0.272286 0.123994
f 48/148 46/149 92/150
vt 0.272286 0.123994
vt 0.332415 0.108376
vt 0.316303 0.081324
f 91/151 47/152 49/153
vt 0.316303 0.081324
vt 0.332415 0.108376
vt 0.272286 0.123994
f 50/154 48/155 92/156
vt 0.272286 0.123994
vt 0.316303 0.081324
vt 0.288398 0.065706
f 91/157 49/158 51/159
vt 0.288398 0.065706
vt 0.316303 0.081324
vt 0.272286 0.123994
f 52/160 50/161 92/162
vt 0.272286 0.123994
vt 0.288398 0.065706
vt 0.256175 0.065706
f 91/163 51/164 53/165
vt 0.256175 0.065706
vt 0.288398 0.065706
vt 0.272286 0.123994
f 54/166 52/167 92/168
vt 0.272286 0.123994
vt 0.256175 0.065706
vt 0.228269 0.081324
f 91/169 53/170 55/171
vt 0.228269 0.081324
vt 0.256175 0.065706
vt 0.272286 0.123994
f 56/172 54/173 92/174
vt 0.272286 0.123994
vt 0.228269 0.081324
vt 0.212158 0.108376
f 91/175 55/176 57/177
vt 0.212158 0.108376
vt 0.228269 0.081324
vt 0.272286 0.123994
f 58/178 56/179 92/180
vt 0.272286 0.123994
vt 0.212158 0.108376
vt 0.212158 0.139612
f 91/181 57/182 59/183
vt 0.212158 0.139612
vt 0.212158 0.108376
vt 0.272286 0.123994
f 60/184 58/185 92/186
vt 0.272286 0.123994
vt 0.212158 0.139612
vt 0.228269 0.166663
f 91/187 59/188 61/189
vt 0.228269 0.166663
vt 0.212158 0.139612
vt 0.272286 0.123994
f 62/190 60/191 92/192
vt 0.272286 0.123994
vt 0.228269 0.166663
vt 0.256175 0.182281
f 91/193 61/194 63/195
vt 0.256175 0.182281
vt 0.228269 0.166663
vt 0.272286 0.123994
f 64/196 62/197 92/198
vt 0.272286 0.123994
vt 0.256175 0.182281
vt 0.288398 0.182281
f 91/199 63/200 65/201
vt 0.288398 0.182281
vt 0.256175 0.182281
vt 0.272286 0.123994
f 66/202 64/203 92/204
vt 0.288398 0.182281
vt 0.316303 0.166663
vt 0.272286 0.123994
f 65/205 43/206 91/207
vt 0.272286 0.123994
vt 0.316303 0.166663
vt 0.288398 0.182281
f 92/208 44/209 66/210
vt 0.316303 0.166663
vt 0.347747 0.197144
vt 0.375367 0.150768
vt 0.332415 0.139612
f 43/211 97/212 93/213 45/214
vt 0.375367 0.150768
vt 0.347747 0.197144
vt 0.316303 0.166663
vt 0.332415 0.139612
f 94/215 98/216 44/217 46/218
vt 0.347747 0.197144
vt 0.329877 0.179821
vt 0.350956 0.144428
vt 0.375367 0.150769
f 99/219 67/220 69/221 95/222
vt 0.350956 0.144428
vt 0.329877 0.179821
vt 0.347747 0.197144
vt 0.375367 0.150769
f 70/223 68/224 100/225 96/226
vt 0.332415 0.139612
vt 0.375367 0.150768
vt 0.375367 0.097219
vt 0.332415 0.108376
f 45/227 93/228 101/229 47/230
vt 0.375367 0.097219
vt 0.375367 0.150768
vt 0.332415 0.139612
vt 0.332415 0.108376
f 102/231 94/232 46/233 48/234
vt 0.375367 0.150769
vt 0.350956 0.144428
vt 0.350956 0.103560
vt 0.375367 0.097219
f 95/235 69/236 71/237 103/238
vt 0.350956 0.103560
vt 0.350956 0.144428
vt 0.375367 0.150769
vt 0.375367 0.097219
f 72/239 70/240 96/241 104/242
vt 0.332415 0.108376
vt 0.375367 0.097219
vt 0.347747 0.050844
vt 0.316303 0.081324
f 47/243 101/244 105/245 49/246
vt 0.347747 0.050844
vt 0.375367 0.097219
vt 0.332415 0.108376
vt 0.316303 0.081324
f 106/247 102/248 48/249 50/250
vt 0.375367 0.097219
vt 0.350956 0.103560
vt 0.329877 0.068167
vt 0.347747 0.050844
f 103/251 71/252 73/253 107/254
vt 0.329877 0.068167
vt 0.350956 0.103560
vt 0.375367 0.097219
vt 0.347747 0.050844
f 74/255 72/256 104/257 108/258
vt 0.316303 0.081324
vt 0.347747 0.050844
vt 0.299907 0.024069
vt 0.288398 0.065706
f 49/259 105/260 109/261 51/262
vt 0.299907 0.024069
vt 0.347747 0.050844
vt 0.316303 0.081324
vt 0.288398 0.065706
f 110/263 106/264 50/265 52/266
vt 0.347747 0.050844
vt 0.329877 0.068167
vt 0.293366 0.047732
vt 0.299907 0.024069
f 107/267 73/268 75/269 111/270
vt 0.293366 0.047732
vt 0.329877 0.068167
vt 0.347747 0.050844
vt 0.299907 0.024069
f 76/271 74/272 108/273 112/274
vt 0.288398 0.065706
vt 0.299907 0.024069
vt 0.244666 0.024069
vt 0.256175 0.065706
f 51/275 109/276 113/277 53/278
vt 0.244666 0.024069
vt 0.299907 0.024069
vt 0.288398 0.065706
vt 0.256175 0.065706
f 114/279 110/280 52/281 54/282
vt 0.299907 0.024069
vt 0.293366 0.047732
vt 0.251207 0.047732
vt 0.244666 0.024069
f 111/283 75/284 77/285 115/286
vt 0.251207 0.047732
vt 0.293366 0.047732
vt 0.299907 0.024069
vt 0.244666 0.024069
f 78/287 76/288 112/289 116/290
vt 0.256175 0.065706
vt 0.244666 0.024069
vt 0.196826 0.050844
vt 0.228269 0.081324
f 53/291 113/292 117/293 55/294
vt 0.196826 0.050844
vt 0.244666 0.024069
vt 0.256175 0.065706
vt 0.228269 0.081324
f 118/295 114/296 54/297 56/298
vt 0.244666 0.024069
vt 0.251207 0.047732
vt 0.214696 0.068167
vt 0.196826 0.050844
f 115/299 77/300 79/301 119/302
vt 0.214696 0.068167
vt 0.251207 0.047732
vt 0.244666 0.024069
vt 0.196826 0.050844
f 80/303 78/304 116/305 120/306
vt 0.228269 0.081324
vt 0.196826 0.050844
vt 0.169206 0.097219
vt 0.212158 0.108376
f 55/307 117/308 121/309 57/310
vt 0.169206 0.097219
vt 0.196826 0.050844
vt 0.228269 0.081324
vt 0.212158 0.108376
f 122/311 118/312 56/313 58/314
vt 0.196826 0.050844
vt 0.214696 0.068167
vt 0.193616 0.103559
vt 0.169206 0.097219
f 119/315 79/316 81/317 123/318
vt 0.193616 0.103559
vt 0.214696 0.068167
vt 0.196826 0.050844
vt 0.169206 0.097219
f 82/319 80/320 120/321 124/322
vt 0.212158 0.108376
vt 0.169206 0.097219
vt 0.169206 0.150768
vt 0.212158 0.139612
f 57/323 121/324 125/325 59/326
vt 0.169206 0.150768
vt 0.169206 0.097219
vt 0.212158 0.108376
vt 0.212158 0.139612
f 126/327 122/328 58/329 60/330
vt 0.169206 0.097219
vt 0.193616 0.103559
vt 0.193616 0.144428
vt 0.169206 0.150768
f 123/331 81/332 83/333 127/334
vt 0.193616 0.144428
vt 0.193616 0.103559
vt 0.169206 0.097219
vt 0.169206 0.150768
f 84/335 82/336 124/337 128/338
vt 0.212158 0.139612
vt 0.169206 0.150768
vt 0.196826 0.197144
vt 0.228269 0.166663
f 59/339 125/340 129/341 61/342
vt 0.196826 0.197144
vt 0.169206 0.150768
vt 0.212158 0.139612
vt 0.228269 0.166663
f 130/343 126/344 60/345 62/346
vt 0.169206 0.150768
vt 0.193616 0.144428
vt 0.214696 0.179821
vt 0.196826 0.197144
f 127/347 83/348 85/349 131/350
vt 0.214696 0.179821
vt 0.193616 0.144428
vt 0.169206 0.150768
vt 0.196826 0.197144
f 86/351 84/352 128/353 132/354
vt 0.228269 0.166663
vt 0.196826 0.197144
vt 0.244666 0.223918
vt 0.256175 0.182281
f 61/355 129/356 133/357 63/358
vt 0.244666 0.223918
vt 0.196826 0.197144
vt 0.228269 0.166663
vt 0.256175 0.182281
f 134/359 130/360 62/361 64/362
vt 0.196826 0.197144
vt 0.214696 0.179821
vt 0.251206 0.200255
vt 0.244666 0.223918
f 131/363 85/364 87/365 135/366
vt 0.251206 0.200255
vt 0.214696 0.179821
vt 0.196826 0.197144
vt 0.244666 0.223918
f 88/367 86/368 132/369 136/370
vt 0.256175 0.182281
vt 0.244666 0.223918
vt 0.299906 0.223918
vt 0.288398 0.182281
f 63/371 133/372 137/373 65/374
vt 0.299906 0.223918
vt 0.244666 0.223918
vt 0.256175 0.182281
vt 0.288398 0.182281
f 138/375 134/376 64/377 66/378
vt 0.244666 0.223918
vt 0.251206 0.200255
vt 0.293365 0.200255
vt 0.299906 0.223918
f 135/379 87/380 89/381 139/382
vt 0.293365 0.200255
vt 0.251206 0.200255
vt 0.244666 0.223918
vt 0.299906 0.223918
f 90/383 88/384 136/385 140/386
vt 0.329877 0.179821
vt 0.347747 0.197144
vt 0.299906 0.223918
vt 0.293365 0.200255
f 67/387 99/388 139/389 89/390
vt 0.299906 0.223918
vt 0.347747 0.197144
vt 0.329877 0.179821
vt 0.293365 0.200255
f 140/391 100/392 68/393 90/394
vt 0.347747 0.197144
vt 0.316303 0.166663
vt 0.288398 0.182281
vt 0.299906 0.223918
f 97/395 43/396 65/397 137/398
vt 0.288398 0.182281
vt 0.316303 0.166663
vt 0.347747 0.197144
vt 0.299906 0.223918
f 66/399 44/400 98/401 138/402
vt 0.329877 0.179821
vt 0.293365 0.200255
vt 0.288333 0.182048
vt 0.316127 0.166492
f 67/403 89/404 143/405 165/406
vt 0.288333 0.182048
vt 0.293365 0.200255
vt 0.329877 0.179821
vt 0.316127 0.166492
f 144/407 90/408 68/409 166/410
vt 0.293365 0.200255
vt 0.251206 0.200255
vt 0.256239 0.182048
vt 0.288333 0.182048
f 89/411 87/412 145/413 143/414
vt 0.256239 0.182048
vt 0.251206 0.200255
vt 0.293365 0.200255
vt 0.288333 0.182048
f 146/415 88/416 90/417 144/418
vt 0.251206 0.200255
vt 0.214696 0.179821
vt 0.228445 0.166492
vt 0.256239 0.182048
f 87/419 85/420 147/421 145/422
vt 0.228445 0.166492
vt 0.214696 0.179821
vt 0.251206 0.200255
vt 0.256239 0.182048
f 148/423 86/424 88/425 146/426
vt 0.214696 0.179821
vt 0.193616 0.144428
vt 0.212398 0.139549
vt 0.228445 0.166492
f 85/427 83/428 149/429 147/430
vt 0.212398 0.139549
vt 0.193616 0.144428
vt 0.214696 0.179821
vt 0.228445 0.166492
f 150/431 84/432 86/433 148/434
vt 0.193616 0.144428
vt 0.193616 0.103559
vt 0.212399 0.108438
vt 0.212398 0.139549
f 83/435 81/436 151/437 149/438
vt 0.212399 0.108438
vt 0.193616 0.103559
vt 0.193616 0.144428
vt 0.212398 0.139549
f 152/439 82/440 84/441 150/442
vt 0.193616 0.103559
vt 0.214696 0.068167
vt 0.228445 0.081495
vt 0.212399 0.108438
f 81/443 79/444 153/445 151/446
vt 0.228445 0.081495
vt 0.214696 0.068167
vt 0.193616 0.103559
vt 0.212399 0.108438
f 154/447 80/448 82/449 152/450
vt 0.214696 0.068167
vt 0.251207 0.047732
vt 0.256239 0.065940
vt 0.228445 0.081495
f 79/451 77/452 155/453 153/454
vt 0.256239 0.065940
vt 0.251207 0.047732
vt 0.214696 0.068167
vt 0.228445 0.081495
f 156/455 78/456 80/457 154/458
vt 0.251207 0.047732
vt 0.293366 0.047732
vt 0.288333 0.065940
vt 0.256239 0.065940
f 77/459 75/460 157/461 155/462
vt 0.288333 0.065940
vt 0.293366 0.047732
vt 0.251207 0.047732
vt 0.256239 0.065940
f 158/463 76/464 78/465 156/466
vt 0.293366 0.047732
vt 0.329877 0.068167
vt 0.316127 0.081495
vt 0.288333 0.065940
f 75/467 73/468 159/469 157/470
vt 0.316127 0.081495
vt 0.329877 0.068167
vt 0.293366 0.047732
vt 0.288333 0.065940
f 160/471 74/472 76/473 158/474
vt 0.329877 0.068167
vt 0.350956 0.103560
vt 0.332174 0.108438
vt 0.316127 0.081495
f 73/475 71/476 161/477 159/478
vt 0.332174 0.108438
vt 0.350956 0.103560
vt 0.329877 0.068167
vt 0.316127 0.081495
f 162/479 72/480 74/481 160/482
vt 0.350956 0.103560
vt 0.350956 0.144428
vt 0.332174 0.139549
vt 0.332174 0.108438
f 71/483 69/484 163/485 161/486
vt 0.332174 0.139549
vt 0.350956 0.144428
vt 0.350956 0.103560
vt 0.332174 0.108438
f 164/487 70/488 72/489 162/490
vt 0.350956 0.144428
vt 0.329877 0.179821
vt 0.316127 0.166492
vt 0.332174 0.139549
f 69/491 67/492 165/493 163/494
vt 0.316127 0.166492
vt 0.329877 0.179821
vt 0.350956 0.144428
vt 0.332174 0.139549
f 166/495 68/496 70/497 164/498
vt 0.272286 0.123994
vt 0.332174 0.139549
vt 0.316127 0.166492
f 141/499 163/500 165/501
vt 0.316127 0.166492
vt 0.332174 0.139549
vt 0.272286 0.123994
f 166/502 164/503 142/504
vt 0.272286 0.123994
vt 0.332174 0.108438
vt 0.332174 0.139549
f 141/505 161/506 163/507
vt 0.332174 0.139549
vt 0.332174 0.108438
vt 0.272286 0.123994
f 164/508 162/509 142/510
vt 0.272286 0.123994
vt 0.316127 0.081495
vt 0.332174 0.108438
f 141/511 159/512 161/513
vt 0.332174 0.108438
vt 0.316127 0.081495
vt 0.272286 0.123994
f 162/514 160/515 142/516
vt 0.272286 0.123994
vt 0.288333 0.065940
vt 0.316127 0.081495
f 141/517 157/518 159/519
vt 0.316127 0.081495
vt 0.288333 0.065940
vt 0.272286 0.123994
f 160/520 158/521 142/522
vt 0.272286 0.123994
vt 0.256239 0.065940
vt 0.288333 0.065940
f 141/523 155/524 157/525
vt 0.288333 0.065940
vt 0.256239 0.065940
vt 0.272286 0.123994
f 158/526 156/527 142/528
vt 0.272286 0.123994
vt 0.228445 0.081495
vt 0.256239 0.065940
f 141/529 153/530 155/531
vt 0.256239 0.065940
vt 0.228445 0.081495
vt 0.272286 0.123994
f 156/532 154/533 142/534
vt 0.272286 0.123994
vt 0.212399 0.108438
vt 0.228445 0.081495
f 141/535 151/536 153/537
vt 0.228445 0.081495
vt 0.212399 0.108438
vt 0.272286 0.123994
f 154/538 152/539 142/540
vt 0.272286 0.123994
vt 0.212398 0.139549
vt 0.212399 0.108438
f 141/541 149/542 151/543
vt 0.212399 0.108438
vt 0.212398 0.139549
vt 0.272286 0.123994
f 152/544 150/545 142/546
vt 0.272286 0.123994
vt 0.228445 0.166492
vt 0.212398 0.139549
f 141/547 147/548 149/549
vt 0.212398 0.139549
vt 0.228445 0.166492
vt 0.272286 0.123994
f 150/550 148/551 142/552
vt 0.272286 0.123994
vt 0.256239 0.182048
vt 0.228445 0.166492
f 141/553 145/554 147/555
vt 0.228445 0.166492
vt 0.256239 0.182048
vt 0.272286 0.123994
f 148/556 146/557 142/558
vt 0.272286 0.123994
vt 0.288333 0.182048
vt 0.256239 0.182048
f 141/559 143/560 145/561
vt 0.256239 0.182048
vt 0.288333 0.182048
vt 0.272286 0.123994
f 146/562 144/563 142/564
vt 0.272286 0.123994
vt 0.316127 0.166492
vt 0.288333 0.182048
f 141/565 165/566 143/567
vt 0.288333 0.182048
vt 0.316127 0.166492
vt 0.272286 0.123994
f 144/568 166/569 142/570
vt 0.347747 0.197144
vt 0.355768 0.204919
vt 0.386324 0.153615
vt 0.375367 0.150768
f 97/571 171/572 167/573 93/574
vt 0.386324 0.153615
vt 0.355768 0.204919
vt 0.347747 0.197144
vt 0.375367 0.150768
f 168/575 172/576 98/577 94/578
vt 0.056471 0.127505
vt 0.129060 0.127505
vt 0.129060 0.212365
vt 0.056471 0.212365
f 171/579 173/580 169/581 167/582
vt 0.129060 0.212365
vt 0.129060 0.127505
vt 0.056471 0.127505
vt 0.056471 0.212365
f 170/583 174/584 172/585 168/586
vt 0.355768 0.204919
vt 0.347747 0.197144
vt 0.375367 0.150769
vt 0.386324 0.153615
f 173/587 99/588 95/589 169/590
vt 0.375367 0.150769
vt 0.347747 0.197144
vt 0.355768 0.204919
vt 0.386324 0.153615
f 96/591 100/592 174/593 170/594
vt 0.375367 0.150768
vt 0.386324 0.153615
vt 0.386324 0.094373
vt 0.375367 0.097219
f 93/595 167/596 175/597 101/598
vt 0.386324 0.094373
vt 0.386324 0.153615
vt 0.375367 0.150768
vt 0.375367 0.097219
f 176/599 168/600 94/601 102/602
vt 0.056471 0.127505
vt 0.129060 0.127505
vt 0.129060 0.212365
vt 0.056471 0.212365
f 167/603 169/604 177/605 175/606
vt 0.129060 0.212365
vt 0.129060 0.127505
vt 0.056471 0.127505
vt 0.056471 0.212365
f 178/607 170/608 168/609 176/610
vt 0.386324 0.153615
vt 0.375367 0.150769
vt 0.375367 0.097219
vt 0.386324 0.094373
f 169/611 95/612 103/613 177/614
vt 0.375367 0.097219
vt 0.375367 0.150769
vt 0.386324 0.153615
vt 0.386324 0.094373
f 104/615 96/616 170/617 178/618
vt 0.375367 0.097219
vt 0.386324 0.094373
vt 0.355768 0.043068
vt 0.347747 0.050844
f 101/619 175/620 179/621 105/622
vt 0.355768 0.043068
vt 0.386324 0.094373
vt 0.375367 0.097219
vt 0.347747 0.050844
f 180/623 176/624 102/625 106/626
vt 0.056471 0.127505
vt 0.129060 0.127505
vt 0.129060 0.212365
vt 0.056471 0.212365
f 175/627 177/628 181/629 179/630
vt 0.129060 0.212365
vt 0.129060 0.127505
vt 0.056471 0.127505
vt 0.056471 0.212365
f 182/631 178/632 176/633 180/634
vt 0.386324 0.094373
vt 0.375367 0.097219
vt 0.347747 0.050844
vt 0.355768 0.043068
f 177/635 103/636 107/637 181/638
vt 0.347747 0.050844
vt 0.375367 0.097219
vt 0.386324 0.094373
vt 0.355768 0.043068
f 108/639 104/640 178/641 182/642
vt 0.347747 0.050844
vt 0.355768 0.043068
vt 0.302843 0.013447
vt 0.299907 0.024069
f 105/643 179/644 183/645 109/646
vt 0.302843 0.013447
vt 0.355768 0.043068
vt 0.347747 0.050844
vt 0.299907 0.024069
f 184/647 180/648 106/649 110/650
vt 0.056471 0.127505
vt 0.129060 0.127505
vt 0.129060 0.212365
vt 0.056471 0.212365
f 179/651 181/652 185/653 183/654
vt 0.129060 0.212365
vt 0.129060 0.127505
vt 0.056471 0.127505
vt 0.056471 0.212365
f 186/655 182/656 180/657 184/658
vt 0.355768 0.043068
vt 0.347747 0.050844
vt 0.299907 0.024069
vt 0.302843 0.013447
f 181/659 107/660 111/661 185/662
vt 0.299907 0.024069
vt 0.347747 0.050844
vt 0.355768 0.043068
vt 0.302843 0.013447
f 112/663 108/664 182/665 186/666
vt 0.299907 0.024069
vt 0.302843 0.013447
vt 0.241730 0.013447
vt 0.244666 0.024069
f 109/667 183/668 187/669 113/670
vt 0.241730 0.013447
vt 0.302843 0.013447
vt 0.299907 0.024069
vt 0.244666 0.024069
f 188/671 184/672 110/673 114/674
vt 0.056471 0.127505
vt 0.129060 0.127505
vt 0.129060 0.212365
vt 0.056471 0.212365
f 183/675 185/676 189/677 187/678
vt 0.129060 0.212365
vt 0.129060 0.127505
vt 0.056471 0.127505
vt 0.056471 0.212365
f 190/679 186/680 184/681 188/682
vt 0.302843 0.013447
vt 0.299907 0.024069
vt 0.244666 0.024069
vt 0.241730 0.013447
f 185/683 111/684 115/685 189/686
vt 0.244666 0.024069
vt 0.299907 0.024069
vt 0.302843 0.013447
vt 0.241730 0.013447
f 116/687 112/688 186/689 190/690
vt 0.244666 0.024069
vt 0.241730 0.013447
vt 0.188804 0.043068
vt 0.196826 0.050844
f 113/691 187/692 191/693 117/694
vt 0.188804 0.043068
vt 0.241730 0.013447
vt 0.244666 0.024069
vt 0.196826 0.050844
f 192/695 188/696 114/697 118/698
vt 0.056471 0.127505
vt 0.129060 0.127505
vt 0.129060 0.212365
vt 0.056471 0.212365
f 187/699 189/700 193/701 191/702
vt 0.129060 0.212365
vt 0.129060 0.127505
vt 0.056471 0.127505
vt 0.056471 0.212365
f 194/703 190/704 188/705 192/706
vt 0.241730 0.013447
vt 0.244666 0.024069
vt 0.196826 0.050844
vt 0.188804 0.043068
f 189/707 115/708 119/709 193/710
vt 0.196826 0.050844
vt 0.244666 0.024069
vt 0.241730 0.013447
vt 0.188804 0.043068
f 120/711 116/712 190/713 194/714
vt 0.196826 0.050844
vt 0.188804 0.043068
vt 0.158248 0.094373
vt 0.169206 0.097219
f 117/715 191/716 195/717 121/718
vt 0.158248 0.094373
vt 0.188804 0.043068
vt 0.196826 0.050844
vt 0.169206 0.097219
f 196/719 192/720 118/721 122/722
vt 0.056471 0.127505
vt 0.129060 0.127505
vt 0.129060 0.212365
vt 0.056471 0.212365
f 191/723 193/724 197/725 195/726
vt 0.129060 0.212365
vt 0.129060 0.127505
vt 0.056471 0.127505
vt 0.056471 0.212365
f 198/727 194/728 192/729 196/730
vt 0.188804 0.043068
vt 0.196826 0.050844
vt 0.169206 0.097219
vt 0.158248 0.094373
f 193/731 119/732 123/733 197/734
vt 0.169206 0.097219
vt 0.196826 0.050844
vt 0.188804 0.043068
vt 0.158248 0.094373
f 124/735 120/736 194/737 198/738
vt 0.169206 0.097219
vt 0.158248 0.094373
vt 0.158248 0.153615
vt 0.169206 0.150768
f 121/739 195/740 199/741 125/742
vt 0.158248 0.153615
vt 0.158248 0.094373
vt 0.169206 0.097219
vt 0.169206 0.150768
f 200/743 196/744 122/745 126/746
vt 0.056471 0.127505
vt 0.129060 0.127505
vt 0.129060 0.212365
vt 0.056471 0.212365
f 195/747 197/748 201/749 199/750
vt 0.129060 0.212365
vt 0.129060 0.127505
vt 0.056471 0.127505
vt 0.056471 0.212365
f 202/751 198/752 196/753 200/754
vt 0.158248 0.094373
vt 0.169206 0.097219
vt 0.169206 0.150768
vt 0.158248 0.153615
f 197/755 123/756 127/757 201/758
vt 0.169206 0.150768
vt 0.169206 0.097219
vt 0.158248 0.094373
vt 0.158248 0.153615
f 128/759 124/760 198/761 202/762
vt 0.169206 0.150768
vt 0.158248 0.153615
vt 0.188804 0.204919
vt 0.196826 0.197144
f 125/763 199/764 203/765 129/766
vt 0.188804 0.204919
vt 0.158248 0.153615
vt 0.169206 0.150768
vt 0.196826 0.197144
f 204/767 200/768 126/769 130/770
vt 0.056471 0.127505
vt 0.129060 0.127505
vt 0.129060 0.212365
vt 0.056471 0.212365
f 199/771 201/772 205/773 203/774
vt 0.129060 0.212365
vt 0.129060 0.127505
vt 0.056471 0.127505
vt 0.056471 0.212365
f 206/775 202/776 200/777 204/778
vt 0.158248 0.153615
vt 0.169206 0.150768
vt 0.196826 0.197144
vt 0.188804 0.204919
f 201/779 127/780 131/781 205/782
vt 0.196826 0.197144
vt 0.169206 0.150768
vt 0.158248 0.153615
vt 0.188804 0.204919
f 132/783 128/784 202/785 206/786
vt 0.196826 0.197144
vt 0.188804 0.204919
vt 0.241730 0.234540
vt 0.244666 0.223918
f 129/787 203/788 207/789 133/790
vt 0.241730 0.234540
vt 0.188804 0.204919
vt 0.196826 0.197144
vt 0.244666 0.223918
f 208/791 204/792 130/793 134/794
vt 0.056471 0.127505
vt 0.129060 0.127505
vt 0.129060 0.212365
vt 0.056471 0.212365
f 203/795 205/796 209/797 207/798
vt 0.129060 0.212365
vt 0.129060 0.127505
vt 0.056471 0.127505
vt 0.056471 0.212365
f 210/799 206/800 204/801 208/802
vt 0.188804 0.204919
vt 0.196826 0.197144
vt 0.244666 0.223918
vt 0.241730 0.234540
f 205/803 131/804 135/805 209/806
vt 0.244666 0.223918
vt 0.196826 0.197144
vt 0.188804 0.204919
vt 0.241730 0.234540
f 136/807 132/808 206/809 210/810
vt 0.244666 0.223918
vt 0.241730 0.234540
vt 0.302842 0.234540
vt 0.299906 0.223918
f 133/811 207/812 211/813 137/814
vt 0.302842 0.234540
vt 0.241730 0.234540
vt 0.244666 0.223918
vt 0.299906 0.223918
f 212/815 208/816 134/817 138/818
vt 0.129060 0.212365
vt 0.056471 0.212365
vt 0.056471 0.127505
vt 0.129060 0.127505
f 213/819 211/820 207/821 209/822
vt 0.056471 0.127505
vt 0.056471 0.212365
vt 0.129060 0.212365
vt 0.129060 0.127505
f 208/823 212/824 214/825 210/826
vt 0.299906 0.223918
vt 0.302842 0.234540
vt 0.241730 0.234540
vt 0.244666 0.223918
f 139/827 213/828 209/829 135/830
vt 0.241730 0.234540
vt 0.302842 0.234540
vt 0.299906 0.223918
vt 0.244666 0.223918
f 210/831 214/832 140/833 136/834
vt 0.302842 0.234540
vt 0.299906 0.223918
vt 0.347747 0.197144
vt 0.355768 0.204919
f 213/835 139/836 99/837 173/838
vt 0.347747 0.197144
vt 0.299906 0.223918
vt 0.302842 0.234540
vt 0.355768 0.204919
f 100/839 140/840 214/841 174/842
vt 0.056471 0.127505
vt 0.129060 0.127505
vt 0.129060 0.212365
vt 0.056471 0.212365
f 211/843 213/844 173/845 171/846
vt 0.129060 0.212365
vt 0.129060 0.127505
vt 0.056471 0.127505
vt 0.056471 0.212365
f 174/847 214/848 212/849 172/850
vt 0.355768 0.204919
vt 0.347747 0.197144
vt 0.299906 0.223918
vt 0.302842 0.234540
f 171/851 97/852 137/853 211/854
vt 0.299906 0.223918
vt 0.347747 0.197144
vt 0.355768 0.204919
vt 0.302842 0.234540
f 138/855 98/856 172/857 212/858
vt 0.350924 0.849870
vt 0.143199 0.849870
vt 0.143199 0.867535
vt 0.350924 0.867535
f 215/859 217/860 219/861 221/862
vt 0.143199 0.867535
vt 0.143199 0.849870
vt 0.350924 0.849870
vt 0.350924 0.867535
f 220/863 218/864 216/865 222/866
vt 0.350924 0.849870
vt 0.350924 0.867535
vt 0.143199 0.867535
vt 0.143198 0.849870
f 223/867 229/868 227/869 225/870
vt 0.143199 0.867535
vt 0.350924 0.867535
vt 0.350924 0.849870
vt 0.143198 0.849870
f 228/871 230/872 224/873 226/874
vt 0.351215 0.850064
vt 0.351215 0.867632
vt 0.143066 0.867632
vt 0.143066 0.850064
f 215/875 223/876 225/877 217/878
vt 0.143066 0.867632
vt 0.351215 0.867632
vt 0.351215 0.850064
vt 0.143066 0.850064
f 226/879 224/880 216/881 218/882
vt 0.143066 0.850064
vt 0.143066 0.867632
vt 0.351215 0.867632
vt 0.351215 0.850064
f 219/883 227/884 229/885 221/886
vt 0.351215 0.867632
vt 0.143066 0.867632
vt 0.143066 0.850064
vt 0.351215 0.850064
f 230/887 228/888 220/889 222/890
vt 0.858122 0.878929
vt 0.495221 0.880884
vt 0.494847 0.852259
vt 0.857748 0.850304
f 231/891 233/892 235/893 237/894
vt 0.494847 0.852259
vt 0.495221 0.880884
vt 0.858122 0.878929
vt 0.857748 0.850304
f 236/895 234/896 232/897 238/898
vt 0.858122 0.878929
vt 0.857748 0.850304
vt 0.494847 0.852258
vt 0.495221 0.880884
f 239/899 245/900 243/901 241/902
vt 0.494847 0.852258
vt 0.857748 0.850304
vt 0.858122 0.878929
vt 0.495221 0.880884
f 244/903 246/904 240/905 242/906
vt 0.857414 0.870251
vt 0.857414 0.882029
vt 0.499757 0.882029
vt 0.499757 0.870251
f 231/907 239/908 241/909 233/910
vt 0.499757 0.882029
vt 0.857414 0.882029
vt 0.857414 0.870251
vt 0.499757 0.870251
f 242/911 240/912 232/913 234/914
vt 0.503009 0.851674
vt 0.503010 0.867511
vt 0.860667 0.867511
vt 0.860667 0.851674
f 235/915 243/916 245/917 237/918
vt 0.860667 0.867511
vt 0.503010 0.867511
vt 0.503009 0.851674
vt 0.860667 0.851674
f 246/919 244/920 236/921 238/922
vt 1.024350 0.851874
vt 0.139018 0.851874
vt 0.139018 0.860925
vt 1.024350 0.860925
f 247/923 248/924 249/925 250/926
vt 1.024350 0.873505
vt 1.024350 0.882493
vt 0.139018 0.882493
vt 0.139018 0.873505
f 251/927 254/928 253/929 252/930
vt 1.024230 0.853458
vt 1.024230 0.881509
vt 0.138826 0.881509
vt 0.138827 0.853458
f 247/931 251/932 252/933 248/934
vt 0.138827 0.853458
vt 0.138826 0.881509
vt 0.138827 0.881509
vt 0.138827 0.853458
f 248/935 252/936 253/937 249/938
vt 0.138827 0.853458
vt 0.138827 0.881509
vt 1.024230 0.881509
vt 1.024230 0.853458
f 249/939 253/940 254/941 250/942
vt 1.024230 0.881509
vt 1.024230 0.853458
vt 1.024230 0.853458
vt 1.024230 0.881509
f 251/943 247/944 250/945 254/946
vt 0.997505 0.849206
vt 0.997505 0.292953
vt 0.004196 0.292953
vt 0.004196 0.849206
f 255/947 256/948 257/949 258/950
vt 0.997505 0.849206
vt 0.004196 0.849206
vt 0.004196 0.292954
vt 0.997505 0.292953
f 259/951 262/952 261/953 260/954
vt 0.627192 0.929526
vt 0.627192 0.962352
vt 0.001954 0.962352
vt 0.001954 0.929526
f 255/955 259/956 260/957 256/958
vt 0.998249 0.966436
vt 0.998249 0.999589
vt 0.004870 0.999589
vt 0.004870 0.966436
f 256/959 260/960 261/961 257/962
vt 0.627192 0.929526
vt 0.627192 0.962352
vt 0.001954 0.962352
vt 0.001954 0.929526
f 257/963 261/964 262/965 258/966
vt 0.004870 0.999589
vt 0.004870 0.966436
vt 0.998249 0.966436
vt 0.998249 0.999589
f 259/967 255/968 258/969 262/970
vt 0.741946 0.004985
vt 0.908181 0.004985
vt 0.908181 0.004985
vt 0.741946 0.004985
f 263/971 264/972 265/973 266/974
vt 0.738571 0.113190
vt 0.738571 0.106342
vt 0.911244 0.106342
vt 0.911244 0.113190
f 267/975 270/976 269/977 268/978
vt 0.208952 0.885252
vt 0.208952 0.924852
vt 0.270066 0.924852
vt 0.270066 0.885252
f 263/979 267/980 268/981 264/982
vt 0.743043 0.006422
vt 0.743043 0.111415
vt 0.736617 0.111415
vt 0.736617 0.006422
f 264/983 268/984 269/985 265/986
vt 0.908181 0.004985
vt 0.908181 0.112699
vt 0.741946 0.112699
vt 0.741946 0.004985
f 265/987 269/988 270/989 266/990
vt 0.743043 0.111415
vt 0.743043 0.006422
vt 0.736617 0.006422
vt 0.736617 0.111415
f 267/991 263/992 266/993 270/994
vt 0.410828 0.128045
vt 0.528969 0.137342
vt 0.528969 0.137342
vt 0.410828 0.128045
f 271/995 279/996 282/997 274/998
vt 0.788812 0.137342
vt 0.906952 0.128045
vt 0.906952 0.128045
vt 0.788811 0.137342
f 280/999 272/1000 273/1001 281/1002
vt 0.413590 0.223309
vt 0.528572 0.214743
vt 0.528572 0.239180
vt 0.413590 0.235374
f 278/1003 286/1004 283/1005 275/1006
vt 0.789448 0.214743
vt 0.904430 0.223309
vt 0.904430 0.235374
vt 0.789448 0.239180
f 285/1007 277/1008 276/1009 284/1010
vt 0.913030 0.182350
vt 0.909947 0.208786
vt 0.896791 0.207065
vt 0.887692 0.182350
f 287/1011 276/1012 277/1013 289/1014
vt 0.428355 0.210890
vt 0.431438 0.182350
vt 0.406101 0.182350
vt 0.415199 0.208786
f 275/1015 288/1016 290/1017 278/1018
vt 0.528969 0.223116
vt 0.527049 0.186484
vt 0.407232 0.184283
vt 0.414442 0.214098
f 283/1019 291/1020 288/1021 275/1022
vt 0.903338 0.211900
vt 0.910549 0.184283
vt 0.788812 0.193524
vt 0.788812 0.223116
f 276/1023 287/1024 292/1025 284/1026
vt 0.788812 0.220086
vt 0.788812 0.193524
vt 0.910549 0.184283
vt 0.903338 0.210103
f 285/1027 293/1028 289/1029 277/1030
vt 0.414442 0.211900
vt 0.407232 0.184283
vt 0.527049 0.186484
vt 0.528969 0.217947
f 278/1031 290/1032 294/1033 286/1034
vt 0.909947 0.128518
vt 0.913030 0.153491
vt 0.887692 0.153491
vt 0.896791 0.128518
f 272/1035 295/1036 297/1037 273/1038
vt 0.913030 0.153491
vt 0.913030 0.182350
vt 0.887692 0.182350
vt 0.887692 0.153491
f 295/1039 287/1040 289/1041 297/1042
vt 0.431438 0.182350
vt 0.431438 0.153491
vt 0.406101 0.153491
vt 0.406101 0.182350
f 288/1043 296/1044 298/1045 290/1046
vt 0.431438 0.153491
vt 0.428355 0.128518
vt 0.415199 0.128518
vt 0.406101 0.153491
f 296/1047 271/1048 274/1049 298/1050
vt 0.410828 0.128045
vt 0.407232 0.154134
vt 0.528969 0.161219
vt 0.528969 0.137342
f 271/1051 296/1052 299/1053 279/1054
vt 0.407232 0.154134
vt 0.407232 0.184283
vt 0.527049 0.186484
vt 0.528969 0.161219
f 296/1055 288/1056 291/1057 299/1058
vt 0.910549 0.184283
vt 0.910549 0.154135
vt 0.788812 0.161219
vt 0.788812 0.193524
f 287/1059 295/1060 300/1061 292/1062
vt 0.910549 0.154135
vt 0.906952 0.128045
vt 0.788812 0.137342
vt 0.788812 0.161219
f 295/1063 272/1064 280/1065 300/1066
vt 0.788812 0.193524
vt 0.788812 0.161219
vt 0.910549 0.154135
vt 0.910549 0.184283
f 293/1067 301/1068 297/1069 289/1070
vt 0.788812 0.161219
vt 0.788811 0.137342
vt 0.906952 0.128045
vt 0.910549 0.154135
f 301/1071 281/1072 273/1073 297/1074
vt 0.407232 0.184283
vt 0.407231 0.154134
vt 0.528969 0.161219
vt 0.527049 0.186484
f 290/1075 298/1076 302/1077 294/1078
vt 0.407231 0.154134
vt 0.410828 0.128045
vt 0.528969 0.137342
vt 0.528969 0.161219
f 298/1079 274/1080 282/1081 302/1082
vt 0.528969 0.137342
vt 0.658890 0.140023
vt 0.658890 0.143214
vt 0.528969 0.137342
f 279/1083 303/1084 304/1085 282/1086
vt 0.658890 0.140023
vt 0.788812 0.137342
vt 0.788811 0.137342
vt 0.658890 0.143214
f 303/1087 280/1088 281/1089 304/1090
vt 0.528572 0.214743
vt 0.659010 0.214981
vt 0.659010 0.239180
vt 0.528572 0.239180
f 286/1091 306/1092 305/1093 283/1094
vt 0.659010 0.214981
vt 0.789448 0.214743
vt 0.789448 0.239180
vt 0.659010 0.239180
f 306/1095 285/1096 284/1097 305/1098
vt 0.788812 0.193524
vt 0.658890 0.198456
vt 0.658890 0.220368
vt 0.788812 0.223116
f 292/1099 307/1100 305/1101 284/1102
vt 0.658890 0.198456
vt 0.527049 0.186484
vt 0.528969 0.223116
vt 0.658890 0.220368
f 307/1103 291/1104 283/1105 305/1106
vt 0.527049 0.186484
vt 0.658890 0.198456
vt 0.658890 0.220368
vt 0.528969 0.217947
f 294/1107 308/1108 306/1109 286/1110
vt 0.658890 0.198456
vt 0.788812 0.193524
vt 0.788812 0.220086
vt 0.658890 0.220368
f 308/1111 293/1112 285/1113 306/1114
vt 0.788812 0.161219
vt 0.658890 0.161219
vt 0.658890 0.198456
vt 0.788812 0.193524
f 300/1115 309/1116 307/1117 292/1118
vt 0.658890 0.161219
vt 0.528969 0.161219
vt 0.527049 0.186484
vt 0.658890 0.198456
f 309/1119 299/1120 291/1121 307/1122
vt 0.788812 0.137342
vt 0.658890 0.140023
vt 0.658890 0.161219
vt 0.788812 0.161219
f 280/1123 303/1124 309/1125 300/1126
vt 0.658890 0.140023
vt 0.528969 0.137342
vt 0.528969 0.161219
vt 0.658890 0.161219
f 303/1127 279/1128 299/1129 309/1130
vt 0.528969 0.161219
vt 0.658890 0.161219
vt 0.658890 0.198456
vt 0.527049 0.186484
f 302/1131 310/1132 308/1133 294/1134
vt 0.658890 0.161219
vt 0.788812 0.161219
vt 0.788812 0.193524
vt 0.658890 0.198456
f 310/1135 301/1136 293/1137 308/1138
vt 0.528969 0.137342
vt 0.658890 0.143214
vt 0.658890 0.161219
vt 0.528969 0.161219
f 282/1139 304/1140 310/1141 302/1142
vt 0.658890 0.143214
vt 0.788811 0.137342
vt 0.788812 0.161219
vt 0.658890 0.161219
f 304/1143 281/1144 301/1145 310/1146
vt 0.882476 0.894247
vt 0.575578 0.894247
vt 0.575578 0.916547
vt 0.882476 0.916547
f 319/1147 323/1148 325/1149 320/1150
vt 0.575578 0.916547
vt 0.575578 0.894247
vt 0.882476 0.894247
vt 0.882476 0.916547
f 326/1151 324/1152 319/1153 320/1154
vt 0.882476 0.916547
vt 0.575578 0.916547
vt 0.575578 0.894247
vt 0.882476 0.894247
f 322/1155 329/1156 327/1157 321/1158
vt 0.575578 0.894247
vt 0.575578 0.916547
vt 0.882476 0.916547
vt 0.882476 0.894247
f 328/1159 330/1160 322/1161 321/1162
vt 0.882447 0.894210
vt 0.575446 0.894210
vt 0.575446 0.916517
vt 0.882447 0.916517
f 321/1163 327/1164 323/1165 319/1166
vt 0.575446 0.916517
vt 0.575446 0.894210
vt 0.882447 0.894210
vt 0.882447 0.916517
f 324/1167 328/1168 321/1169 319/1170
vt 0.575446 0.894210
vt 0.882447 0.894210
vt 0.882447 0.916517
vt 0.575446 0.916517
f 329/1171 322/1172 320/1173 325/1174
vt 0.882447 0.916517
vt 0.882447 0.894210
vt 0.575446 0.894210
vt 0.575446 0.916517
f 320/1175 322/1176 330/1177 326/1178
vt 0.575578 0.894247
vt 0.553738 0.895404
vt 0.545204 0.916006
vt 0.575578 0.916547
f 323/1179 331/1180 337/1181 325/1182
vt 0.545204 0.916006
vt 0.553738 0.895404
vt 0.575578 0.894247
vt 0.575578 0.916547
f 338/1183 332/1184 324/1185 326/1186
vt 0.553738 0.895404
vt 0.518755 0.891840
vt 0.518740 0.914140
vt 0.545204 0.916006
f 331/1187 333/1188 339/1189 337/1190
vt 0.518740 0.914140
vt 0.518755 0.891840
vt 0.553738 0.895404
vt 0.545204 0.916006
f 340/1191 334/1192 332/1193 338/1194
vt 0.518755 0.891840
vt 0.482968 0.894164
vt 0.491502 0.914766
vt 0.518740 0.914140
f 333/1195 335/1196 341/1197 339/1198
vt 0.491502 0.914766
vt 0.482968 0.894164
vt 0.518755 0.891840
vt 0.518740 0.914140
f 342/1199 336/1200 334/1201 340/1202
vt 0.482968 0.894164
vt 0.459116 0.895206
vt 0.459116 0.917506
vt 0.491502 0.914766
f 335/1203 311/1204 313/1205 341/1206
vt 0.459116 0.917506
vt 0.459116 0.895206
vt 0.482968 0.894164
vt 0.491502 0.914766
f 314/1207 312/1208 336/1209 342/1210
vt 0.575578 0.916547
vt 0.545204 0.916006
vt 0.553737 0.895404
vt 0.575578 0.894247
f 329/1211 349/1212 343/1213 327/1214
vt 0.553737 0.895404
vt 0.545204 0.916006
vt 0.575578 0.916547
vt 0.575578 0.894247
f 344/1215 350/1216 330/1217 328/1218
vt 0.545204 0.916006
vt 0.518740 0.914140
vt 0.518755 0.891840
vt 0.553737 0.895404
f 349/1219 351/1220 345/1221 343/1222
vt 0.518755 0.891840
vt 0.518740 0.914140
vt 0.545204 0.916006
vt 0.553737 0.895404
f 346/1223 352/1224 350/1225 344/1226
vt 0.518740 0.914140
vt 0.491502 0.914766
vt 0.482968 0.894164
vt 0.518755 0.891840
f 351/1227 353/1228 347/1229 345/1230
vt 0.482968 0.894164
vt 0.491502 0.914766
vt 0.518740 0.914140
vt 0.518755 0.891840
f 348/1231 354/1232 352/1233 346/1234
vt 0.491502 0.914766
vt 0.459117 0.917506
vt 0.459116 0.895206
vt 0.482968 0.894164
f 353/1235 317/1236 315/1237 347/1238
vt 0.459116 0.895206
vt 0.459117 0.917506
vt 0.491502 0.914766
vt 0.482968 0.894164
f 316/1239 318/1240 354/1241 348/1242
vt 0.575446 0.894210
vt 0.553073 0.894210
vt 0.553073 0.916517
vt 0.575446 0.916517
f 327/1243 343/1244 331/1245 323/1246
vt 0.553073 0.916517
vt 0.553073 0.894210
vt 0.575446 0.894210
vt 0.575446 0.916517
f 332/1247 344/1248 328/1249 324/1250
vt 0.553073 0.894210
vt 0.534349 0.894210
vt 0.534350 0.916517
vt 0.553073 0.916517
f 343/1251 345/1252 333/1253 331/1254
vt 0.534350 0.916517
vt 0.534349 0.894210
vt 0.553073 0.894210
vt 0.553073 0.916517
f 334/1255 346/1256 344/1257 332/1258
vt 0.501119 0.895325
vt 0.481939 0.895325
vt 0.481939 0.917595
vt 0.501119 0.917595
f 345/1259 347/1260 335/1261 333/1262
vt 0.481939 0.917595
vt 0.481939 0.895325
vt 0.501119 0.895325
vt 0.501119 0.917595
f 336/1263 348/1264 346/1265 334/1266
vt 0.458642 0.917595
vt 0.481939 0.917595
vt 0.481939 0.895325
vt 0.458642 0.895325
f 311/1267 335/1268 347/1269 315/1270
vt 0.481939 0.895325
vt 0.481939 0.917595
vt 0.458642 0.917595
vt 0.458642 0.895325
f 348/1271 336/1272 312/1273 316/1274
vt 0.458642 0.895325
vt 0.490462 0.895325
vt 0.490461 0.917595
vt 0.458642 0.917595
f 317/1275 353/1276 341/1277 313/1278
vt 0.490461 0.917595
vt 0.490462 0.895325
vt 0.458642 0.895325
vt 0.458642 0.917595
f 342/1279 354/1280 318/1281 314/1282
vt 0.490462 0.895325
vt 0.516867 0.895325
vt 0.516867 0.917595
vt 0.490461 0.917595
f 353/1283 351/1284 339/1285 341/1286
vt 0.516867 0.917595
vt 0.516867 0.895325
vt 0.490462 0.895325
vt 0.490461 0.917595
f 340/1287 352/1288 354/1289 342/1290
vt 0.518576 0.894210
vt 0.544537 0.894210
vt 0.544537 0.916517
vt 0.518576 0.916517
f 351/1291 349/1292 337/1293 339/1294
vt 0.544537 0.916517
vt 0.544537 0.894210
vt 0.518576 0.894210
vt 0.518576 0.916517
f 338/1295 350/1296 352/1297 340/1298
vt 0.544537 0.894210
vt 0.575446 0.894210
vt 0.575446 0.916517
vt 0.544537 0.916517
f 349/1299 329/1300 325/1301 337/1302
vt 0.575446 0.916517
vt 0.575446 0.894210
vt 0.544537 0.894210
vt 0.544537 0.916517
f 326/1303 330/1304 350/1305 338/1306
vt 0.458642 0.895325
vt 0.458642 0.917595
vt 0.093361 0.917595
vt 0.093362 0.895325
f 317/1307 313/1308 359/1309 355/1310
vt 0.093361 0.917595
vt 0.458642 0.917595
vt 0.458642 0.895325
vt 0.093362 0.895325
f 360/1311 314/1312 318/1313 356/1314
vt 0.458642 0.917595
vt 0.458642 0.895325
vt 0.093362 0.895325
vt 0.093362 0.917595
f 311/1315 315/1316 357/1317 361/1318
vt 0.093362 0.895325
vt 0.458642 0.895325
vt 0.458642 0.917595
vt 0.093362 0.917595
f 358/1319 316/1320 312/1321 362/1322
vt 0.459116 0.895206
vt 0.459117 0.917506
vt 0.093347 0.917506
vt 0.093346 0.895206
f 315/1323 317/1324 355/1325 357/1326
vt 0.093347 0.917506
vt 0.459117 0.917506
vt 0.459116 0.895206
vt 0.093346 0.895206
f 356/1327 318/1328 316/1329 358/1330
vt 0.459116 0.917506
vt 0.459116 0.895206
vt 0.093346 0.895206
vt 0.093346 0.917506
f 313/1331 311/1332 361/1333 359/1334
vt 0.093346 0.895206
vt 0.459116 0.895206
vt 0.459116 0.917506
vt 0.093346 0.917506
f 362/1335 312/1336 314/1337 360/1338
vt 0.093362 0.917595
vt 0.093362 0.895325
vt 0.093362 0.895325
vt 0.093361 0.917595
f 361/1339 357/1340 355/1341 359/1342
vt 0.093362 0.895325
vt 0.093362 0.895325
vt 0.093362 0.917595
vt 0.093361 0.917595
f 356/1343 358/1344 362/1345 360/1346
vt 0.549007 0.891693
vt 0.549006 0.914794
vt 0.005996 0.914795
vt 0.005996 0.891693
f 369/1347 365/1348 375/1349 371/1350
vt 0.005996 0.914795
vt 0.549006 0.914794
vt 0.549007 0.891693
vt 0.005996 0.891693
f 376/1351 366/1352 370/1353 372/1354
vt 0.549007 0.914794
vt 0.549007 0.891693
vt 0.005996 0.891693
vt 0.005996 0.914795
f 363/1355 367/1356 373/1357 377/1358
vt 0.005996 0.891693
vt 0.549007 0.891693
vt 0.549007 0.914794
vt 0.005996 0.914795
f 374/1359 368/1360 364/1361 378/1362
vt 0.546369 0.891752
vt 0.546370 0.914739
vt 0.006034 0.914739
vt 0.006034 0.891752
f 367/1363 369/1364 371/1365 373/1366
vt 0.006034 0.914739
vt 0.546370 0.914739
vt 0.546369 0.891752
vt 0.006034 0.891752
f 372/1367 370/1368 368/1369 374/1370
vt 0.546369 0.914739
vt 0.546369 0.891752
vt 0.006034 0.891752
vt 0.006033 0.914739
f 365/1371 363/1372 377/1373 375/1374
vt 0.006034 0.891752
vt 0.546369 0.891752
vt 0.546369 0.914739
vt 0.006033 0.914739
f 378/1375 364/1376 366/1377 376/1378
vt 0.546369 0.914735
vt 0.546369 0.891747
vt 0.006034 0.891747
vt 0.006033 0.914735
f 391/1379 393/1380 379/1381 381/1382
vt 0.006034 0.891747
vt 0.546369 0.891747
vt 0.546369 0.914735
vt 0.006033 0.914735
f 380/1383 394/1384 392/1385 382/1386
vt 0.546369 0.891748
vt 0.546370 0.914735
vt 0.006034 0.914735
vt 0.006034 0.891748
f 389/1387 387/1388 385/1389 383/1390
vt 0.006034 0.914735
vt 0.546370 0.914735
vt 0.546369 0.891748
vt 0.006034 0.891748
f 386/1391 388/1392 390/1393 384/1394
vt 0.549007 0.914794
vt 0.549007 0.891693
vt 0.005996 0.891693
vt 0.005996 0.914795
f 393/1395 389/1396 383/1397 379/1398
vt 0.005996 0.891693
vt 0.549007 0.891693
vt 0.549007 0.914794
vt 0.005996 0.914795
f 384/1399 390/1400 394/1401 380/1402
vt 0.549007 0.891693
vt 0.549006 0.914794
vt 0.005996 0.914795
vt 0.005996 0.891693
f 387/1403 391/1404 381/1405 385/1406
vt 0.005996 0.914795
vt 0.549006 0.914794
vt 0.549007 0.891693
vt 0.005996 0.891693
f 382/1407 392/1408 388/1409 386/1410
vt 0.549007 0.891693
vt 0.549006 0.914794
vt 0.005996 0.914795
vt 0.005996 0.891693
f 398/1411 396/1412 401/1413 399/1414
vt 0.549007 0.914794
vt 0.549007 0.891693
vt 0.005996 0.891693
vt 0.005996 0.914795
f 395/1415 397/1416 400/1417 402/1418
vt 0.546369 0.891748
vt 0.546370 0.914735
vt 0.006034 0.914735
vt 0.006034 0.891748
f 397/1419 398/1420 399/1421 400/1422
vt 0.546369 0.914735
vt 0.546369 0.891747
vt 0.006034 0.891747
vt 0.006033 0.914735
f 396/1423 395/1424 402/1425 401/1426
vt 0.549007 0.891693
vt 0.549006 0.914794
vt 0.005996 0.914795
vt 0.005996 0.891693
f 409/1427 405/1428 415/1429 411/1430
vt 0.005996 0.914795
vt 0.549006 0.914794
vt 0.549007 0.891693
vt 0.005996 0.891693
f 416/1431 406/1432 410/1433 412/1434
vt 0.549007 0.914794
vt 0.549007 0.891693
vt 0.005996 0.891693
vt 0.005996 0.914795
f 403/1435 407/1436 413/1437 417/1438
vt 0.005996 0.891693
vt 0.549007 0.891693
vt 0.549007 0.914794
vt 0.005996 0.914795
f 414/1439 408/1440 404/1441 418/1442
vt 0.546369 0.891752
vt 0.546370 0.914739
vt 0.006034 0.914739
vt 0.006034 0.891752
f 407/1443 409/1444 411/1445 413/1446
vt 0.006034 0.914739
vt 0.546370 0.914739
vt 0.546369 0.891752
vt 0.006034 0.891752
f 412/1447 410/1448 408/1449 414/1450
vt 0.546369 0.914739
vt 0.546369 0.891752
vt 0.006034 0.891752
vt 0.006033 0.914739
f 405/1451 403/1452 417/1453 415/1454
vt 0.006034 0.891752
vt 0.546369 0.891752
vt 0.546369 0.914739
vt 0.006033 0.914739
f 418/1455 404/1456 406/1457 416/1458
vt 0.546369 0.914735
vt 0.546369 0.891747
vt 0.006034 0.891747
vt 0.006033 0.914735
f 431/1459 433/1460 419/1461 421/1462
vt 0.006034 0.891747
vt 0.546369 0.891747
vt 0.546369 0.914735
vt 0.006033 0.914735
f 420/1463 434/1464 432/1465 422/1466
vt 0.546369 0.891748
vt 0.546370 0.914735
vt 0.006034 0.914735
vt 0.006034 0.891748
f 429/1467 427/1468 425/1469 423/1470
vt 0.006034 0.914735
vt 0.546370 0.914735
vt 0.546369 0.891748
vt 0.006034 0.891748
f 426/1471 428/1472 430/1473 424/1474
vt 0.549007 0.914794
vt 0.549007 0.891693
vt 0.005996 0.891693
vt 0.005996 0.914795
f 433/1475 429/1476 423/1477 419/1478
vt 0.005996 0.891693
vt 0.549007 0.891693
vt 0.549007 0.914794
vt 0.005996 0.914795
f 424/1479 430/1480 434/1481 420/1482
vt 0.549007 0.891693
vt 0.549006 0.914794
vt 0.005996 0.914795
vt 0.005996 0.891693
f 427/1483 431/1484 421/1485 425/1486
vt 0.005996 0.914795
vt 0.549006 0.914794
vt 0.549007 0.891693
vt 0.005996 0.891693
f 422/1487 432/1488 428/1489 426/1490
vt 0.549007 0.891693
vt 0.549006 0.914794
vt 0.005996 0.914795
vt 0.005996 0.891693
f 438/1491 436/1492 441/1493 439/1494
vt 0.549007 0.914794
vt 0.549007 0.891693
vt 0.005996 0.891693
vt 0.005996 0.914795
f 435/1495 437/1496 440/1497 442/1498
vt 0.546369 0.891748
vt 0.546370 0.914735
vt 0.006034 0.914735
vt 0.006034 0.891748
f 437/1499 438/1500 439/1501 440/1502
vt 0.546369 0.914735
vt 0.546369 0.891747
vt 0.006034 0.891747
vt 0.006033 0.914735
f 436/1503 435/1504 442/1505 441/1506
vt 0.882476 0.894247
vt 0.575578 0.894247
vt 0.575578 0.916547
vt 0.882476 0.916547
f 451/1507 455/1508 457/1509 452/1510
vt 0.575578 0.916547
vt 0.575578 0.894247
vt 0.882476 0.894247
vt 0.882476 0.916547
f 458/1511 456/1512 451/1513 452/1514
vt 0.882476 0.916547
vt 0.575578 0.916547
vt 0.575578 0.894247
vt 0.882476 0.894247
f 454/1515 461/1516 459/1517 453/1518
vt 0.575578 0.894247
vt 0.575578 0.916547
vt 0.882476 0.916547
vt 0.882476 0.894247
f 460/1519 462/1520 454/1521 453/1522
vt 0.882447 0.894210
vt 0.575446 0.894210
vt 0.575446 0.916517
vt 0.882447 0.916517
f 453/1523 459/1524 455/1525 451/1526
vt 0.575446 0.916517
vt 0.575446 0.894210
vt 0.882447 0.894210
vt 0.882447 0.916517
f 456/1527 460/1528 453/1529 451/1530
vt 0.575446 0.894210
vt 0.882447 0.894210
vt 0.882447 0.916517
vt 0.575446 0.916517
f 461/1531 454/1532 452/1533 457/1534
vt 0.882447 0.916517
vt 0.882447 0.894210
vt 0.575446 0.894210
vt 0.575446 0.916517
f 452/1535 454/1536 462/1537 458/1538
vt 0.575578 0.894247
vt 0.553738 0.895404
vt 0.545204 0.916006
vt 0.575578 0.916547
f 455/1539 463/1540 469/1541 457/1542
vt 0.545204 0.916006
vt 0.553738 0.895404
vt 0.575578 0.894247
vt 0.575578 0.916547
f 470/1543 464/1544 456/1545 458/1546
vt 0.553738 0.895404
vt 0.518755 0.891840
vt 0.518740 0.914140
vt 0.545204 0.916006
f 463/1547 465/1548 471/1549 469/1550
vt 0.518740 0.914140
vt 0.518755 0.891840
vt 0.553738 0.895404
vt 0.545204 0.916006
f 472/1551 466/1552 464/1553 470/1554
vt 0.518755 0.891840
vt 0.482968 0.894164
vt 0.491502 0.914766
vt 0.518740 0.914140
f 465/1555 467/1556 473/1557 471/1558
vt 0.491502 0.914766
vt 0.482968 0.894164
vt 0.518755 0.891840
vt 0.518740 0.914140
f 474/1559 468/1560 466/1561 472/1562
vt 0.482968 0.894164
vt 0.459116 0.895206
vt 0.459116 0.917506
vt 0.491502 0.914766
f 467/1563 443/1564 445/1565 473/1566
vt 0.459116 0.917506
vt 0.459116 0.895206
vt 0.482968 0.894164
vt 0.491502 0.914766
f 446/1567 444/1568 468/1569 474/1570
vt 0.575578 0.916547
vt 0.545204 0.916006
vt 0.553737 0.895404
vt 0.575578 0.894247
f 461/1571 481/1572 475/1573 459/1574
vt 0.553737 0.895404
vt 0.545204 0.916006
vt 0.575578 0.916547
vt 0.575578 0.894247
f 476/1575 482/1576 462/1577 460/1578
vt 0.545204 0.916006
vt 0.518740 0.914140
vt 0.518755 0.891840
vt 0.553737 0.895404
f 481/1579 483/1580 477/1581 475/1582
vt 0.518755 0.891840
vt 0.518740 0.914140
vt 0.545204 0.916006
vt 0.553737 0.895404
f 478/1583 484/1584 482/1585 476/1586
vt 0.518740 0.914140
vt 0.491502 0.914766
vt 0.482968 0.894164
vt 0.518755 0.891840
f 483/1587 485/1588 479/1589 477/1590
vt 0.482968 0.894164
vt 0.491502 0.914766
vt 0.518740 0.914140
vt 0.518755 0.891840
f 480/1591 486/1592 484/1593 478/1594
vt 0.491502 0.914766
vt 0.459117 0.917506
vt 0.459116 0.895206
vt 0.482968 0.894164
f 485/1595 449/1596 447/1597 479/1598
vt 0.459116 0.895206
vt 0.459117 0.917506
vt 0.491502 0.914766
vt 0.482968 0.894164
f 448/1599 450/1600 486/1601 480/1602
vt 0.575446 0.894210
vt 0.553073 0.894210
vt 0.553073 0.916517
vt 0.575446 0.916517
f 459/1603 475/1604 463/1605 455/1606
vt 0.553073 0.916517
vt 0.553073 0.894210
vt 0.575446 0.894210
vt 0.575446 0.916517
f 464/1607 476/1608 460/1609 456/1610
vt 0.553073 0.894210
vt 0.534349 0.894210
vt 0.534350 0.916517
vt 0.553073 0.916517
f 475/1611 477/1612 465/1613 463/1614
vt 0.534350 0.916517
vt 0.534349 0.894210
vt 0.553073 0.894210
vt 0.553073 0.916517
f 466/1615 478/1616 476/1617 464/1618
vt 0.501119 0.895325
vt 0.481939 0.895325
vt 0.481939 0.917595
vt 0.501119 0.917595
f 477/1619 479/1620 467/1621 465/1622
vt 0.481939 0.917595
vt 0.481939 0.895325
vt 0.501119 0.895325
vt 0.501119 0.917595
f 468/1623 480/1624 478/1625 466/1626
vt 0.458642 0.917595
vt 0.481939 0.917595
vt 0.481939 0.895325
vt 0.458642 0.895325
f 443/1627 467/1628 479/1629 447/1630
vt 0.481939 0.895325
vt 0.481939 0.917595
vt 0.458642 0.917595
vt 0.458642 0.895325
f 480/1631 468/1632 444/1633 448/1634
vt 0.458642 0.895325
vt 0.490462 0.895325
vt 0.490461 0.917595
vt 0.458642 0.917595
f 449/1635 485/1636 473/1637 445/1638
vt 0.490461 0.917595
vt 0.490462 0.895325
vt 0.458642 0.895325
vt 0.458642 0.917595
f 474/1639 486/1640 450/1641 446/1642
vt 0.490462 0.895325
vt 0.516867 0.895325
vt 0.516867 0.917595
vt 0.490461 0.917595
f 485/1643 483/1644 471/1645 473/1646
vt 0.516867 0.917595
vt 0.516867 0.895325
vt 0.490462 0.895325
vt 0.490461 0.917595
f 472/1647 484/1648 486/1649 474/1650
vt 0.518576 0.894210
vt 0.544537 0.894210
vt 0.544537 0.916517
vt 0.518576 0.916517
f 483/1651 481/1652 469/1653 471/1654
vt 0.544537 0.916517
vt 0.544537 0.894210
vt 0.518576 0.894210
vt 0.518576 0.916517
f 470/1655 482/1656 484/1657 472/1658
vt 0.544537 0.894210
vt 0.575446 0.894210
vt 0.575446 0.916517
vt 0.544537 0.916517
f 481/1659 461/1660 457/1661 469/1662
vt 0.575446 0.916517
vt 0.575446 0.894210
vt 0.544537 0.894210
vt 0.544537 0.916517
f 458/1663 462/1664 482/1665 470/1666
vt 0.458642 0.895325
vt 0.458642 0.917595
vt 0.093361 0.917595
vt 0.093362 0.895325
f 449/1667 445/1668 491/1669 487/1670
vt 0.093361 0.917595
vt 0.458642 0.917595
vt 0.458642 0.895325
vt 0.093362 0.895325
f 492/1671 446/1672 450/1673 488/1674
vt 0.458642 0.917595
vt 0.458642 0.895325
vt 0.093362 0.895325
vt 0.093362 0.917595
f 443/1675 447/1676 489/1677 493/1678
vt 0.093362 0.895325
vt 0.458642 0.895325
vt 0.458642 0.917595
vt 0.093362 0.917595
f 490/1679 448/1680 444/1681 494/1682
vt 0.459116 0.895206
vt 0.459117 0.917506
vt 0.093347 0.917506
vt 0.093346 0.895206
f 447/1683 449/1684 487/1685 489/1686
vt 0.093347 0.917506
vt 0.459117 0.917506
vt 0.459116 0.895206
vt 0.093346 0.895206
f 488/1687 450/1688 448/1689 490/1690
vt 0.459116 0.917506
vt 0.459116 0.895206
vt 0.093346 0.895206
vt 0.093346 0.917506
f 445/1691 443/1692 493/1693 491/1694
vt 0.093346 0.895206
vt 0.459116 0.895206
vt 0.459116 0.917506
vt 0.093346 0.917506
f 494/1695 444/1696 446/1697 492/1698
vt 0.093362 0.917595
vt 0.093362 0.895325
vt 0.093362 0.895325
vt 0.093361 0.917595
f 493/1699 489/1700 487/1701 491/1702
vt 0.093362 0.895325
vt 0.093362 0.895325
vt 0.093362 0.917595
vt 0.093361 0.917595
f 488/1703 490/1704 494/1705 492/1706
vt 1.024350 0.851874
vt 0.139018 0.851874
vt 0.139018 0.860925
vt 1.024350 0.860925
f 495/1707 496/1708 497/1709 498/1710
vt 1.024350 0.873505
vt 1.024350 0.882493
vt 0.139018 0.882493
vt 0.139018 0.873505
f 499/1711 502/1712 501/1713 500/1714
vt 1.024230 0.853458
vt 1.024230 0.881509
vt 0.138826 0.881509
vt 0.138827 0.853458
f 495/1715 499/1716 500/1717 496/1718
vt 0.138827 0.853458
vt 0.138826 0.881509
vt 0.138827 0.881509
vt 0.138827 0.853458
f 496/1719 500/1720 501/1721 497/1722
vt 0.138827 0.853458
vt 0.138827 0.881509
vt 1.024230 0.881509
vt 1.024230 0.853458
f 497/1723 501/1724 502/1725 498/1726
vt 1.024230 0.881509
vt 1.024230 0.853458
vt 1.024230 0.853458
vt 1.024230 0.881509
f 499/1727 495/1728 498/1729 502/1730
vt 0.793580 0.878929
vt 0.560539 0.880884
vt 0.560299 0.852259
vt 0.793341 0.850304
f 503/1731 505/1732 507/1733 509/1734
vt 0.560299 0.852259
vt 0.560539 0.880884
vt 0.793580 0.878929
vt 0.793341 0.850304
f 508/1735 506/1736 504/1737 510/1738
vt 0.793580 0.878929
vt 0.793341 0.850304
vt 0.560300 0.852258
vt 0.560539 0.880884
f 511/1739 517/1740 515/1741 513/1742
vt 0.560300 0.852258
vt 0.793341 0.850304
vt 0.793580 0.878929
vt 0.560539 0.880884
f 516/1743 518/1744 512/1745 514/1746
vt 0.793126 0.870251
vt 0.793126 0.882029
vt 0.563452 0.882029
vt 0.563452 0.870251
f 503/1747 511/1748 513/1749 505/1750
vt 0.563452 0.882029
vt 0.793126 0.882029
vt 0.793126 0.870251
vt 0.563452 0.870251
f 514/1751 512/1752 504/1753 506/1754
vt 0.565541 0.851674
vt 0.565541 0.867511
vt 0.795215 0.867511
vt 0.795215 0.851674
f 507/1755 515/1756 517/1757 509/1758
vt 0.795215 0.867511
vt 0.565541 0.867511
vt 0.565541 0.851674
vt 0.795215 0.851674
f 518/1759 516/1760 508/1761 510/1762
vt 0.793580 0.878929
vt 0.560539 0.880884
vt 0.560299 0.852259
vt 0.793341 0.850304
f 519/1763 521/1764 523/1765 525/1766
vt 0.560299 0.852259
vt 0.560539 0.880884
vt 0.793580 0.878929
vt 0.793341 0.850304
f 524/1767 522/1768 520/1769 526/1770
vt 0.793580 0.878929
vt 0.793341 0.850304
vt 0.560300 0.852258
vt 0.560539 0.880884
f 527/1771 533/1772 531/1773 529/1774
vt 0.560300 0.852258
vt 0.793341 0.850304
vt 0.793580 0.878929
vt 0.560539 0.880884
f 532/1775 534/1776 528/1777 530/1778
vt 0.793126 0.870251
vt 0.793126 0.882029
vt 0.563452 0.882029
vt 0.563452 0.870251
f 519/1779 527/1780 529/1781 521/1782
vt 0.563452 0.882029
vt 0.793126 0.882029
vt 0.793126 0.870251
vt 0.563452 0.870251
f 530/1783 528/1784 520/1785 522/1786
vt 0.565541 0.851674
vt 0.565541 0.867511
vt 0.795215 0.867511
vt 0.795215 0.851674
f 523/1787 531/1788 533/1789 525/1790
vt 0.795215 0.867511
vt 0.565541 0.867511
vt 0.565541 0.851674
vt 0.795215 0.851674
f 534/1791 532/1792 524/1793 526/1794
vt 0.331643 0.849870
vt 0.162510 0.849870
vt 0.162510 0.867535
vt 0.331643 0.867535
f 535/1795 537/1796 539/1797 541/1798
vt 0.162510 0.867535
vt 0.162510 0.849870
vt 0.331643 0.849870
vt 0.331643 0.867535
f 540/1799 538/1800 536/1801 542/1802
vt 0.331643 0.849870
vt 0.331643 0.867535
vt 0.162510 0.867535
vt 0.162510 0.849870
f 543/1803 549/1804 547/1805 545/1806
vt 0.162510 0.867535
vt 0.331643 0.867535
vt 0.331643 0.849870
vt 0.162510 0.849870
f 548/1807 550/1808 544/1809 546/1810
vt 0.331879 0.850064
vt 0.331879 0.867632
vt 0.162402 0.867632
vt 0.162402 0.850064
f 535/1811 543/1812 545/1813 537/1814
vt 0.162402 0.867632
vt 0.331879 0.867632
vt 0.331879 0.850064
vt 0.162402 0.850064
f 546/1815 544/1816 536/1817 538/1818
vt 0.162402 0.850064
vt 0.162402 0.867632
vt 0.331879 0.867632
vt 0.331879 0.850064
f 539/1819 547/1820 549/1821 541/1822
vt 0.331879 0.867632
vt 0.162402 0.867632
vt 0.162402 0.850064
vt 0.331879 0.850064
f 550/1823 548/1824 540/1825 542/1826
vt 0.449349 0.245696
vt 0.449349 0.282233
vt 0.808577 0.282233
vt 0.808577 0.245696
f 555/1827 551/1828 554/1829 558/1830
vt 0.808577 0.245696
vt 0.808576 0.282233
vt 0.449349 0.282233
vt 0.449349 0.245696
f 557/1831 553/1832 552/1833 556/1834
vt 0.808999 0.282383
vt 0.449271 0.282383
vt 0.449271 0.245898
vt 0.808999 0.245898
f 554/1835 551/1836 552/1837 553/1838
vt 0.808999 0.282383
vt 0.808999 0.245898
vt 0.449271 0.245898
vt 0.449271 0.282383
f 558/1839 557/1840 556/1841 555/1842
vt 0.808999 0.282383
vt 0.808999 0.245898
vt 0.449271 0.245898
vt 0.449271 0.282383
f 559/1843 560/1844 561/1845 562/1846
vt 0.808999 0.282383
vt 0.449271 0.282383
vt 0.449271 0.245898
vt 0.808999 0.245898
f 563/1847 566/1848 565/1849 564/1850
vt 0.808577 0.245696
vt 0.808576 0.282233
vt 0.449349 0.282233
vt 0.449349 0.245696
f 560/1851 564/1852 565/1853 561/1854
vt 0.808577 0.282233
vt 0.808577 0.245696
vt 0.449349 0.245696
vt 0.449349 0.282233
f 563/1855 559/1856 562/1857 566/1858
vt 0.808577 0.282233
vt 0.808577 0.245696
vt 0.449349 0.245696
vt 0.449349 0.282233
f 570/1859 574/1860 571/1861 567/1862
vt 0.808577 0.245696
vt 0.808576 0.282233
vt 0.449349 0.282233
vt 0.449349 0.245696
f 573/1863 569/1864 568/1865 572/1866
vt 0.808999 0.282383
vt 0.449271 0.282383
vt 0.449271 0.245898
vt 0.808999 0.245898
f 570/1867 567/1868 568/1869 569/1870
vt 0.808999 0.282383
vt 0.808999 0.245898
vt 0.449271 0.245898
vt 0.449271 0.282383
f 574/1871 573/1872 572/1873 571/1874
vt 0.808999 0.245898
vt 0.689090 0.245898
vt 0.689090 0.282383
vt 0.808999 0.282383
f 576/1875 583/1876 585/1877 575/1878
vt 0.689090 0.245898
vt 0.569180 0.245898
vt 0.569180 0.282383
vt 0.689090 0.282383
f 583/1879 584/1880 586/1881 585/1882
vt 0.569180 0.245898
vt 0.449271 0.245898
vt 0.449271 0.282383
vt 0.569180 0.282383
f 584/1883 577/1884 578/1885 586/1886
vt 0.808999 0.282383
vt 0.689090 0.282383
vt 0.689090 0.245898
vt 0.808999 0.245898
f 579/1887 589/1888 587/1889 580/1890
vt 0.689090 0.282383
vt 0.569181 0.282383
vt 0.569180 0.245898
vt 0.689090 0.245898
f 589/1891 590/1892 588/1893 587/1894
vt 0.569181 0.282383
vt 0.449271 0.282383
vt 0.449271 0.245898
vt 0.569180 0.245898
f 590/1895 582/1896 581/1897 588/1898
vt 0.808576 0.282233
vt 0.688834 0.282233
vt 0.688834 0.245696
vt 0.808577 0.245696
f 580/1899 587/1900 583/1901 576/1902
vt 0.688834 0.282233
vt 0.569091 0.282233
vt 0.569091 0.245696
vt 0.688834 0.245696
f 587/1903 588/1904 584/1905 583/1906
vt 0.569091 0.282233
vt 0.449349 0.282233
vt 0.449349 0.245696
vt 0.569091 0.245696
f 588/1907 581/1908 577/1909 584/1910
vt 0.808577 0.245696
vt 0.688834 0.245696
vt 0.688834 0.282233
vt 0.808577 0.282233
f 575/1911 585/1912 589/1913 579/1914
vt 0.688834 0.245696
vt 0.569091 0.245695
vt 0.569091 0.282233
vt 0.688834 0.282233
f 585/1915 586/1916 590/1917 589/1918
vt 0.569091 0.245695
vt 0.449349 0.245696
vt 0.449349 0.282233
vt 0.569091 0.282233
f 586/1919 578/1920 582/1921 590/1922
vt 0.938595 0.283979
vt 0.938595 0.246181
vt 0.152794 0.246181
vt 0.152795 0.283979
f 591/1923 593/1924 595/1925 597/1926
vt 0.152794 0.246181
vt 0.938595 0.246181
vt 0.938595 0.283979
vt 0.152795 0.283979
f 596/1927 594/1928 592/1929 598/1930
vt 0.938597 0.283979
vt 0.152794 0.283979
vt 0.152794 0.246181
vt 0.938595 0.246181
f 599/1931 605/1932 603/1933 601/1934
vt 0.152794 0.246181
vt 0.152794 0.283979
vt 0.938597 0.283979
vt 0.938595 0.246181
f 604/1935 606/1936 600/1937 602/1938
vt 0.803913 0.246229
vt 0.803913 0.284400
vt 0.767146 0.284400
vt 0.767146 0.246229
f 591/1939 599/1940 601/1941 593/1942
vt 0.767146 0.284400
vt 0.803913 0.284400
vt 0.803913 0.246229
vt 0.767146 0.246229
f 602/1943 600/1944 592/1945 594/1946
vt 0.938731 0.246087
vt 0.938731 0.283921
vt 0.152820 0.283921
vt 0.152820 0.246087
f 593/1947 601/1948 603/1949 595/1950
vt 0.152820 0.283921
vt 0.938731 0.283921
vt 0.938731 0.246087
vt 0.152820 0.246087
f 604/1951 602/1952 594/1953 596/1954
vt 0.767146 0.246229
vt 0.767146 0.284400
vt 0.803913 0.284400
vt 0.803913 0.246229
f 595/1955 603/1956 605/1957 597/1958
vt 0.803913 0.284400
vt 0.767146 0.284400
vt 0.767146 0.246229
vt 0.803913 0.246229
f 606/1959 604/1960 596/1961 598/1962
vt 0.938732 0.283921
vt 0.938731 0.246087
vt 0.152821 0.246087
vt 0.152820 0.283921
f 599/1963 591/1964 597/1965 605/1966
vt 0.152821 0.246087
vt 0.938731 0.246087
vt 0.938732 0.283921
vt 0.152820 0.283921
f 598/1967 592/1968 600/1969 606/1970
vt 0.355768 0.204919
vt 0.347747 0.197144
vt 0.299906 0.223918
vt 0.302842 0.234540
f 649/1971 723/1972 683/1973 609/1974
vt 0.299906 0.223918
vt 0.347747 0.197144
vt 0.355768 0.204919
vt 0.302842 0.234540
f 684/1975 724/1976 650/1977 610/1978
vt 0.056471 0.127505
vt 0.129060 0.127505
vt 0.129060 0.212365
vt 0.056471 0.212365
f 609/1979 607/1980 647/1981 649/1982
vt 0.129060 0.212365
vt 0.129060 0.127505
vt 0.056471 0.127505
vt 0.056471 0.212365
f 648/1983 608/1984 610/1985 650/1986
vt 0.302842 0.234540
vt 0.299906 0.223918
vt 0.347747 0.197144
vt 0.355768 0.204919
f 607/1987 681/1988 721/1989 647/1990
vt 0.347747 0.197144
vt 0.299906 0.223918
vt 0.302842 0.234540
vt 0.355768 0.204919
f 722/1991 682/1992 608/1993 648/1994
vt 0.299906 0.223918
vt 0.302842 0.234540
vt 0.241730 0.234540
vt 0.244666 0.223918
f 681/1995 607/1996 611/1997 685/1998
vt 0.241730 0.234540
vt 0.302842 0.234540
vt 0.299906 0.223918
vt 0.244666 0.223918
f 612/1999 608/2000 682/2001 686/2002
vt 0.129060 0.212365
vt 0.056471 0.212365
vt 0.056471 0.127505
vt 0.129060 0.127505
f 607/2003 609/2004 613/2005 611/2006
vt 0.056471 0.127505
vt 0.056471 0.212365
vt 0.129060 0.212365
vt 0.129060 0.127505
f 614/2007 610/2008 608/2009 612/2010
vt 0.244666 0.223918
vt 0.241730 0.234540
vt 0.302842 0.234540
vt 0.299906 0.223918
f 687/2011 613/2012 609/2013 683/2014
vt 0.302842 0.234540
vt 0.241730 0.234540
vt 0.244666 0.223918
vt 0.299906 0.223918
f 610/2015 614/2016 688/2017 684/2018
vt 0.188804 0.204919
vt 0.196826 0.197144
vt 0.244666 0.223918
vt 0.241730 0.234540
f 615/2019 689/2020 685/2021 611/2022
vt 0.244666 0.223918
vt 0.196826 0.197144
vt 0.188804 0.204919
vt 0.241730 0.234540
f 686/2023 690/2024 616/2025 612/2026
vt 0.056471 0.127505
vt 0.129060 0.127505
vt 0.129060 0.212365
vt 0.056471 0.212365
f 617/2027 615/2028 611/2029 613/2030
vt 0.129060 0.212365
vt 0.129060 0.127505
vt 0.056471 0.127505
vt 0.056471 0.212365
f 612/2031 616/2032 618/2033 614/2034
vt 0.196826 0.197144
vt 0.188804 0.204919
vt 0.241730 0.234540
vt 0.244666 0.223918
f 691/2035 617/2036 613/2037 687/2038
vt 0.241730 0.234540
vt 0.188804 0.204919
vt 0.196826 0.197144
vt 0.244666 0.223918
f 614/2039 618/2040 692/2041 688/2042
vt 0.158248 0.153615
vt 0.169206 0.150768
vt 0.196826 0.197144
vt 0.188804 0.204919
f 619/2043 693/2044 689/2045 615/2046
vt 0.196826 0.197144
vt 0.169206 0.150768
vt 0.158248 0.153615
vt 0.188804 0.204919
f 690/2047 694/2048 620/2049 616/2050
vt 0.056471 0.127505
vt 0.129060 0.127505
vt 0.129060 0.212365
vt 0.056471 0.212365
f 621/2051 619/2052 615/2053 617/2054
vt 0.129060 0.212365
vt 0.129060 0.127505
vt 0.056471 0.127505
vt 0.056471 0.212365
f 616/2055 620/2056 622/2057 618/2058
vt 0.169206 0.150768
vt 0.158248 0.153615
vt 0.188804 0.204919
vt 0.196826 0.197144
f 695/2059 621/2060 617/2061 691/2062
vt 0.188804 0.204919
vt 0.158248 0.153615
vt 0.169206 0.150768
vt 0.196826 0.197144
f 618/2063 622/2064 696/2065 692/2066
vt 0.158248 0.094373
vt 0.169206 0.097219
vt 0.169206 0.150768
vt 0.158248 0.153615
f 623/2067 697/2068 693/2069 619/2070
vt 0.169206 0.150768
vt 0.169206 0.097219
vt 0.158248 0.094373
vt 0.158248 0.153615
f 694/2071 698/2072 624/2073 620/2074
vt 0.056471 0.127505
vt 0.129060 0.127505
vt 0.129060 0.212365
vt 0.056471 0.212365
f 625/2075 623/2076 619/2077 621/2078
vt 0.129060 0.212365
vt 0.129060 0.127505
vt 0.056471 0.127505
vt 0.056471 0.212365
f 620/2079 624/2080 626/2081 622/2082
vt 0.169206 0.097219
vt 0.158248 0.094373
vt 0.158248 0.153615
vt 0.169206 0.150768
f 699/2083 625/2084 621/2085 695/2086
vt 0.158248 0.153615
vt 0.158248 0.094373
vt 0.169206 0.097219
vt 0.169206 0.150768
f 622/2087 626/2088 700/2089 696/2090
vt 0.188804 0.043068
vt 0.196826 0.050844
vt 0.169206 0.097219
vt 0.158248 0.094373
f 627/2091 701/2092 697/2093 623/2094
vt 0.169206 0.097219
vt 0.196826 0.050844
vt 0.188804 0.043068
vt 0.158248 0.094373
f 698/2095 702/2096 628/2097 624/2098
vt 0.056471 0.127505
vt 0.129060 0.127505
vt 0.129060 0.212365
vt 0.056471 0.212365
f 629/2099 627/2100 623/2101 625/2102
vt 0.129060 0.212365
vt 0.129060 0.127505
vt 0.056471 0.127505
vt 0.056471 0.212365
f 624/2103 628/2104 630/2105 626/2106
vt 0.196826 0.050844
vt 0.188804 0.043068
vt 0.158248 0.094373
vt 0.169206 0.097219
f 703/2107 629/2108 625/2109 699/2110
vt 0.158248 0.094373
vt 0.188804 0.043068
vt 0.196826 0.050844
vt 0.169206 0.097219
f 626/2111 630/2112 704/2113 700/2114
vt 0.241730 0.013447
vt 0.244666 0.024069
vt 0.196826 0.050844
vt 0.188804 0.043068
f 631/2115 705/2116 701/2117 627/2118
vt 0.196826 0.050844
vt 0.244666 0.024069
vt 0.241730 0.013447
vt 0.188804 0.043068
f 702/2119 706/2120 632/2121 628/2122
vt 0.056471 0.127505
vt 0.129060 0.127505
vt 0.129060 0.212365
vt 0.056471 0.212365
f 633/2123 631/2124 627/2125 629/2126
vt 0.129060 0.212365
vt 0.129060 0.127505
vt 0.056471 0.127505
vt 0.056471 0.212365
f 628/2127 632/2128 634/2129 630/2130
vt 0.244666 0.024069
vt 0.241730 0.013447
vt 0.188804 0.043068
vt 0.196826 0.050844
f 707/2131 633/2132 629/2133 703/2134
vt 0.188804 0.043068
vt 0.241730 0.013447
vt 0.244666 0.024069
vt 0.196826 0.050844
f 630/2135 634/2136 708/2137 704/2138
vt 0.302843 0.013447
vt 0.299907 0.024069
vt 0.244666 0.024069
vt 0.241730 0.013447
f 635/2139 709/2140 705/2141 631/2142
vt 0.244666 0.024069
vt 0.299907 0.024069
vt 0.302843 0.013447
vt 0.241730 0.013447
f 706/2143 710/2144 636/2145 632/2146
vt 0.056471 0.127505
vt 0.129060 0.127505
vt 0.129060 0.212365
vt 0.056471 0.212365
f 637/2147 635/2148 631/2149 633/2150
vt 0.129060 0.212365
vt 0.129060 0.127505
vt 0.056471 0.127505
vt 0.056471 0.212365
f 632/2151 636/2152 638/2153 634/2154
vt 0.299907 0.024069
vt 0.302843 0.013447
vt 0.241730 0.013447
vt 0.244666 0.024069
f 711/2155 637/2156 633/2157 707/2158
vt 0.241730 0.013447
vt 0.302843 0.013447
vt 0.299907 0.024069
vt 0.244666 0.024069
f 634/2159 638/2160 712/2161 708/2162
vt 0.355768 0.043068
vt 0.347747 0.050844
vt 0.299907 0.024069
vt 0.302843 0.013447
f 639/2163 713/2164 709/2165 635/2166
vt 0.299907 0.024069
vt 0.347747 0.050844
vt 0.355768 0.043068
vt 0.302843 0.013447
f 710/2167 714/2168 640/2169 636/2170
vt 0.056471 0.127505
vt 0.129060 0.127505
vt 0.129060 0.212365
vt 0.056471 0.212365
f 641/2171 639/2172 635/2173 637/2174
vt 0.129060 0.212365
vt 0.129060 0.127505
vt 0.056471 0.127505
vt 0.056471 0.212365
f 636/2175 640/2176 642/2177 638/2178
vt 0.347747 0.050844
vt 0.355768 0.043068
vt 0.302843 0.013447
vt 0.299907 0.024069
f 715/2179 641/2180 637/2181 711/2182
vt 0.302843 0.013447
vt 0.355768 0.043068
vt 0.347747 0.050844
vt 0.299907 0.024069
f 638/2183 642/2184 716/2185 712/2186
vt 0.386324 0.094373
vt 0.375367 0.097219
vt 0.347747 0.050844
vt 0.355768 0.043068
f 643/2187 717/2188 713/2189 639/2190
vt 0.347747 0.050844
vt 0.375367 0.097219
vt 0.386324 0.094373
vt 0.355768 0.043068
f 714/2191 718/2192 644/2193 640/2194
vt 0.056471 0.127505
vt 0.129060 0.127505
vt 0.129060 0.212365
vt 0.056471 0.212365
f 645/2195 643/2196 639/2197 641/2198
vt 0.129060 0.212365
vt 0.129060 0.127505
vt 0.056471 0.127505
vt 0.056471 0.212365
f 640/2199 644/2200 646/2201 642/2202
vt 0.375367 0.097219
vt 0.386324 0.094373
vt 0.355768 0.043068
vt 0.347747 0.050844
f 719/2203 645/2204 641/2205 715/2206
vt 0.355768 0.043068
vt 0.386324 0.094373
vt 0.375367 0.097219
vt 0.347747 0.050844
f 642/2207 646/2208 720/2209 716/2210
vt 0.386324 0.153615
vt 0.375367 0.150769
vt 0.375367 0.097219
vt 0.386324 0.094373
f 651/2211 725/2212 717/2213 643/2214
vt 0.375367 0.097219
vt 0.375367 0.150769
vt 0.386324 0.153615
vt 0.386324 0.094373
f 718/2215 726/2216 652/2217 644/2218
vt 0.056471 0.127505
vt 0.129060 0.127505
vt 0.129060 0.212365
vt 0.056471 0.212365
f 653/2219 651/2220 643/2221 645/2222
vt 0.129060 0.212365
vt 0.129060 0.127505
vt 0.056471 0.127505
vt 0.056471 0.212365
f 644/2223 652/2224 654/2225 646/2226
vt 0.375367 0.150768
vt 0.386324 0.153615
vt 0.386324 0.094373
vt 0.375367 0.097219
f 727/2227 653/2228 645/2229 719/2230
vt 0.386324 0.094373
vt 0.386324 0.153615
vt 0.375367 0.150768
vt 0.375367 0.097219
f 646/2231 654/2232 728/2233 720/2234
vt 0.355768 0.204919
vt 0.347747 0.197144
vt 0.375367 0.150769
vt 0.386324 0.153615
f 647/2235 721/2236 725/2237 651/2238
vt 0.375367 0.150769
vt 0.347747 0.197144
vt 0.355768 0.204919
vt 0.386324 0.153615
f 726/2239 722/2240 648/2241 652/2242
vt 0.056471 0.127505
vt 0.129060 0.127505
vt 0.129060 0.212365
vt 0.056471 0.212365
f 649/2243 647/2244 651/2245 653/2246
vt 0.129060 0.212365
vt 0.129060 0.127505
vt 0.056471 0.127505
vt 0.056471 0.212365
f 652/2247 648/2248 650/2249 654/2250
vt 0.347747 0.197144
vt 0.355768 0.204919
vt 0.386324 0.153615
vt 0.375367 0.150768
f 723/2251 649/2252 653/2253 727/2254
vt 0.386324 0.153615
vt 0.355768 0.204919
vt 0.347747 0.197144
vt 0.375367 0.150768
f 654/2255 650/2256 724/2257 728/2258
vt 0.272286 0.123994
vt 0.316127 0.166492
vt 0.288333 0.182048
f 679/2259 655/2260 677/2261
vt 0.288333 0.182048
vt 0.316127 0.166492
vt 0.272286 0.123994
f 678/2262 656/2263 680/2264
vt 0.272286 0.123994
vt 0.288333 0.182048
vt 0.256239 0.182048
f 679/2265 677/2266 675/2267
vt 0.256239 0.182048
vt 0.288333 0.182048
vt 0.272286 0.123994
f 676/2268 678/2269 680/2270
vt 0.272286 0.123994
vt 0.256239 0.182048
vt 0.228445 0.166492
f 679/2271 675/2272 673/2273
vt 0.228445 0.166492
vt 0.256239 0.182048
vt 0.272286 0.123994
f 674/2274 676/2275 680/2276
vt 0.272286 0.123994
vt 0.228445 0.166492
vt 0.212398 0.139549
f 679/2277 673/2278 671/2279
vt 0.212398 0.139549
vt 0.228445 0.166492
vt 0.272286 0.123994
f 672/2280 674/2281 680/2282
vt 0.272286 0.123994
vt 0.212398 0.139549
vt 0.212399 0.108438
f 679/2283 671/2284 669/2285
vt 0.212399 0.108438
vt 0.212398 0.139549
vt 0.272286 0.123994
f 670/2286 672/2287 680/2288
vt 0.272286 0.123994
vt 0.212399 0.108438
vt 0.228445 0.081495
f 679/2289 669/2290 667/2291
vt 0.228445 0.081495
vt 0.212399 0.108438
vt 0.272286 0.123994
f 668/2292 670/2293 680/2294
vt 0.272286 0.123994
vt 0.228445 0.081495
vt 0.256239 0.065940
f 679/2295 667/2296 665/2297
vt 0.256239 0.065940
vt 0.228445 0.081495
vt 0.272286 0.123994
f 666/2298 668/2299 680/2300
vt 0.272286 0.123994
vt 0.256239 0.065940
vt 0.288333 0.065940
f 679/2301 665/2302 663/2303
vt 0.288333 0.065940
vt 0.256239 0.065940
vt 0.272286 0.123994
f 664/2304 666/2305 680/2306
vt 0.272286 0.123994
vt 0.288333 0.065940
vt 0.316127 0.081495
f 679/2307 663/2308 661/2309
vt 0.316127 0.081495
vt 0.288333 0.065940
vt 0.272286 0.123994
f 662/2310 664/2311 680/2312
vt 0.272286 0.123994
vt 0.316127 0.081495
vt 0.332174 0.108438
f 679/2313 661/2314 659/2315
vt 0.332174 0.108438
vt 0.316127 0.081495
vt 0.272286 0.123994
f 660/2316 662/2317 680/2318
vt 0.272286 0.123994
vt 0.332174 0.108438
vt 0.332174 0.139549
f 679/2319 659/2320 657/2321
vt 0.332174 0.139549
vt 0.332174 0.108438
vt 0.272286 0.123994
f 658/2322 660/2323 680/2324
vt 0.272286 0.123994
vt 0.332174 0.139549
vt 0.316127 0.166492
f 679/2325 657/2326 655/2327
vt 0.316127 0.166492
vt 0.332174 0.139549
vt 0.272286 0.123994
f 656/2328 658/2329 680/2330
vt 0.350956 0.144428
vt 0.329877 0.179821
vt 0.316127 0.166492
vt 0.332174 0.139549
f 751/2331 753/2332 655/2333 657/2334
vt 0.316127 0.166492
vt 0.329877 0.179821
vt 0.350956 0.144428
vt 0.332174 0.139549
f 656/2335 754/2336 752/2337 658/2338
vt 0.350956 0.103560
vt 0.350956 0.144428
vt 0.332174 0.139549
vt 0.332174 0.108438
f 749/2339 751/2340 657/2341 659/2342
vt 0.332174 0.139549
vt 0.350956 0.144428
vt 0.350956 0.103560
vt 0.332174 0.108438
f 658/2343 752/2344 750/2345 660/2346
vt 0.329877 0.068167
vt 0.350956 0.103560
vt 0.332174 0.108438
vt 0.316127 0.081495
f 747/2347 749/2348 659/2349 661/2350
vt 0.332174 0.108438
vt 0.350956 0.103560
vt 0.329877 0.068167
vt 0.316127 0.081495
f 660/2351 750/2352 748/2353 662/2354
vt 0.293366 0.047732
vt 0.329877 0.068167
vt 0.316127 0.081495
vt 0.288333 0.065940
f 745/2355 747/2356 661/2357 663/2358
vt 0.316127 0.081495
vt 0.329877 0.068167
vt 0.293366 0.047732
vt 0.288333 0.065940
f 662/2359 748/2360 746/2361 664/2362
vt 0.251207 0.047732
vt 0.293366 0.047732
vt 0.288333 0.065940
vt 0.256239 0.065940
f 743/2363 745/2364 663/2365 665/2366
vt 0.288333 0.065940
vt 0.293366 0.047732
vt 0.251207 0.047732
vt 0.256239 0.065940
f 664/2367 746/2368 744/2369 666/2370
vt 0.214696 0.068167
vt 0.251207 0.047732
vt 0.256239 0.065940
vt 0.228445 0.081495
f 741/2371 743/2372 665/2373 667/2374
vt 0.256239 0.065940
vt 0.251207 0.047732
vt 0.214696 0.068167
vt 0.228445 0.081495
f 666/2375 744/2376 742/2377 668/2378
vt 0.193616 0.103559
vt 0.214696 0.068167
vt 0.228445 0.081495
vt 0.212399 0.108438
f 739/2379 741/2380 667/2381 669/2382
vt 0.228445 0.081495
vt 0.214696 0.068167
vt 0.193616 0.103559
vt 0.212399 0.108438
f 668/2383 742/2384 740/2385 670/2386
vt 0.193616 0.144428
vt 0.193616 0.103559
vt 0.212399 0.108438
vt 0.212398 0.139549
f 737/2387 739/2388 669/2389 671/2390
vt 0.212399 0.108438
vt 0.193616 0.103559
vt 0.193616 0.144428
vt 0.212398 0.139549
f 670/2391 740/2392 738/2393 672/2394
vt 0.214696 0.179821
vt 0.193616 0.144428
vt 0.212398 0.139549
vt 0.228445 0.166492
f 735/2395 737/2396 671/2397 673/2398
vt 0.212398 0.139549
vt 0.193616 0.144428
vt 0.214696 0.179821
vt 0.228445 0.166492
f 672/2399 738/2400 736/2401 674/2402
vt 0.251206 0.200255
vt 0.214696 0.179821
vt 0.228445 0.166492
vt 0.256239 0.182048
f 733/2403 735/2404 673/2405 675/2406
vt 0.228445 0.166492
vt 0.214696 0.179821
vt 0.251206 0.200255
vt 0.256239 0.182048
f 674/2407 736/2408 734/2409 676/2410
vt 0.293365 0.200255
vt 0.251206 0.200255
vt 0.256239 0.182048
vt 0.288333 0.182048
f 731/2411 733/2412 675/2413 677/2414
vt 0.256239 0.182048
vt 0.251206 0.200255
vt 0.293365 0.200255
vt 0.288333 0.182048
f 676/2415 734/2416 732/2417 678/2418
vt 0.329877 0.179821
vt 0.293365 0.200255
vt 0.288333 0.182048
vt 0.316127 0.166492
f 753/2419 731/2420 677/2421 655/2422
vt 0.288333 0.182048
vt 0.293365 0.200255
vt 0.329877 0.179821
vt 0.316127 0.166492
f 678/2423 732/2424 754/2425 656/2426
vt 0.347747 0.197144
vt 0.316303 0.166663
vt 0.288398 0.182281
vt 0.299906 0.223918
f 723/2427 777/2428 755/2429 683/2430
vt 0.288398 0.182281
vt 0.316303 0.166663
vt 0.347747 0.197144
vt 0.299906 0.223918
f 756/2431 778/2432 724/2433 684/2434
vt 0.329877 0.179821
vt 0.347747 0.197144
vt 0.299906 0.223918
vt 0.293365 0.200255
f 753/2435 721/2436 681/2437 731/2438
vt 0.299906 0.223918
vt 0.347747 0.197144
vt 0.329877 0.179821
vt 0.293365 0.200255
f 682/2439 722/2440 754/2441 732/2442
vt 0.244666 0.223918
vt 0.251206 0.200255
vt 0.293365 0.200255
vt 0.299906 0.223918
f 685/2443 733/2444 731/2445 681/2446
vt 0.293365 0.200255
vt 0.251206 0.200255
vt 0.244666 0.223918
vt 0.299906 0.223918
f 732/2447 734/2448 686/2449 682/2450
vt 0.256175 0.182281
vt 0.244666 0.223918
vt 0.299906 0.223918
vt 0.288398 0.182281
f 757/2451 687/2452 683/2453 755/2454
vt 0.299906 0.223918
vt 0.244666 0.223918
vt 0.256175 0.182281
vt 0.288398 0.182281
f 684/2455 688/2456 758/2457 756/2458
vt 0.196826 0.197144
vt 0.214696 0.179821
vt 0.251206 0.200255
vt 0.244666 0.223918
f 689/2459 735/2460 733/2461 685/2462
vt 0.251206 0.200255
vt 0.214696 0.179821
vt 0.196826 0.197144
vt 0.244666 0.223918
f 734/2463 736/2464 690/2465 686/2466
vt 0.228269 0.166663
vt 0.196826 0.197144
vt 0.244666 0.223918
vt 0.256175 0.182281
f 759/2467 691/2468 687/2469 757/2470
vt 0.244666 0.223918
vt 0.196826 0.197144
vt 0.228269 0.166663
vt 0.256175 0.182281
f 688/2471 692/2472 760/2473 758/2474
vt 0.169206 0.150768
vt 0.193616 0.144428
vt 0.214696 0.179821
vt 0.196826 0.197144
f 693/2475 737/2476 735/2477 689/2478
vt 0.214696 0.179821
vt 0.193616 0.144428
vt 0.169206 0.150768
vt 0.196826 0.197144
f 736/2479 738/2480 694/2481 690/2482
vt 0.212158 0.139612
vt 0.169206 0.150768
vt 0.196826 0.197144
vt 0.228269 0.166663
f 761/2483 695/2484 691/2485 759/2486
vt 0.196826 0.197144
vt 0.169206 0.150768
vt 0.212158 0.139612
vt 0.228269 0.166663
f 692/2487 696/2488 762/2489 760/2490
vt 0.169206 0.097219
vt 0.193616 0.103559
vt 0.193616 0.144428
vt 0.169206 0.150768
f 697/2491 739/2492 737/2493 693/2494
vt 0.193616 0.144428
vt 0.193616 0.103559
vt 0.169206 0.097219
vt 0.169206 0.150768
f 738/2495 740/2496 698/2497 694/2498
vt 0.212158 0.108376
vt 0.169206 0.097219
vt 0.169206 0.150768
vt 0.212158 0.139612
f 763/2499 699/2500 695/2501 761/2502
vt 0.169206 0.150768
vt 0.169206 0.097219
vt 0.212158 0.108376
vt 0.212158 0.139612
f 696/2503 700/2504 764/2505 762/2506
vt 0.196826 0.050844
vt 0.214696 0.068167
vt 0.193616 0.103559
vt 0.169206 0.097219
f 701/2507 741/2508 739/2509 697/2510
vt 0.193616 0.103559
vt 0.214696 0.068167
vt 0.196826 0.050844
vt 0.169206 0.097219
f 740/2511 742/2512 702/2513 698/2514
vt 0.228269 0.081324
vt 0.196826 0.050844
vt 0.169206 0.097219
vt 0.212158 0.108376
f 765/2515 703/2516 699/2517 763/2518
vt 0.169206 0.097219
vt 0.196826 0.050844
vt 0.228269 0.081324
vt 0.212158 0.108376
f 700/2519 704/2520 766/2521 764/2522
vt 0.244666 0.024069
vt 0.251207 0.047732
vt 0.214696 0.068167
vt 0.196826 0.050844
f 705/2523 743/2524 741/2525 701/2526
vt 0.214696 0.068167
vt 0.251207 0.047732
vt 0.244666 0.024069
vt 0.196826 0.050844
f 742/2527 744/2528 706/2529 702/2530
vt 0.256175 0.065706
vt 0.244666 0.024069
vt 0.196826 0.050844
vt 0.228269 0.081324
f 767/2531 707/2532 703/2533 765/2534
vt 0.196826 0.050844
vt 0.244666 0.024069
vt 0.256175 0.065706
vt 0.228269 0.081324
f 704/2535 708/2536 768/2537 766/2538
vt 0.299907 0.024069
vt 0.293366 0.047732
vt 0.251207 0.047732
vt 0.244666 0.024069
f 709/2539 745/2540 743/2541 705/2542
vt 0.251207 0.047732
vt 0.293366 0.047732
vt 0.299907 0.024069
vt 0.244666 0.024069
f 744/2543 746/2544 710/2545 706/2546
vt 0.288398 0.065706
vt 0.299907 0.024069
vt 0.244666 0.024069
vt 0.256175 0.065706
f 769/2547 711/2548 707/2549 767/2550
vt 0.244666 0.024069
vt 0.299907 0.024069
vt 0.288398 0.065706
vt 0.256175 0.065706
f 708/2551 712/2552 770/2553 768/2554
vt 0.347747 0.050844
vt 0.329877 0.068167
vt 0.293366 0.047732
vt 0.299907 0.024069
f 713/2555 747/2556 745/2557 709/2558
vt 0.293366 0.047732
vt 0.329877 0.068167
vt 0.347747 0.050844
vt 0.299907 0.024069
f 746/2559 748/2560 714/2561 710/2562
vt 0.316303 0.081324
vt 0.347747 0.050844
vt 0.299907 0.024069
vt 0.288398 0.065706
f 771/2563 715/2564 711/2565 769/2566
vt 0.299907 0.024069
vt 0.347747 0.050844
vt 0.316303 0.081324
vt 0.288398 0.065706
f 712/2567 716/2568 772/2569 770/2570
vt 0.375367 0.097219
vt 0.350956 0.103560
vt 0.329877 0.068167
vt 0.347747 0.050844
f 717/2571 749/2572 747/2573 713/2574
vt 0.329877 0.068167
vt 0.350956 0.103560
vt 0.375367 0.097219
vt 0.347747 0.050844
f 748/2575 750/2576 718/2577 714/2578
vt 0.332415 0.108376
vt 0.375367 0.097219
vt 0.347747 0.050844
vt 0.316303 0.081324
f 773/2579 719/2580 715/2581 771/2582
vt 0.347747 0.050844
vt 0.375367 0.097219
vt 0.332415 0.108376
vt 0.316303 0.081324
f 716/2583 720/2584 774/2585 772/2586
vt 0.375367 0.150769
vt 0.350956 0.144428
vt 0.350956 0.103560
vt 0.375367 0.097219
f 725/2587 751/2588 749/2589 717/2590
vt 0.350956 0.103560
vt 0.350956 0.144428
vt 0.375367 0.150769
vt 0.375367 0.097219
f 750/2591 752/2592 726/2593 718/2594
vt 0.332415 0.139612
vt 0.375367 0.150768
vt 0.375367 0.097219
vt 0.332415 0.108376
f 775/2595 727/2596 719/2597 773/2598
vt 0.375367 0.097219
vt 0.375367 0.150768
vt 0.332415 0.139612
vt 0.332415 0.108376
f 720/2599 728/2600 776/2601 774/2602
vt 0.347747 0.197144
vt 0.329877 0.179821
vt 0.350956 0.144428
vt 0.375367 0.150769
f 721/2603 753/2604 751/2605 725/2606
vt 0.350956 0.144428
vt 0.329877 0.179821
vt 0.347747 0.197144
vt 0.375367 0.150769
f 752/2607 754/2608 722/2609 726/2610
vt 0.316303 0.166663
vt 0.347747 0.197144
vt 0.375367 0.150768
vt 0.332415 0.139612
f 777/2611 723/2612 727/2613 775/2614
vt 0.375367 0.150768
vt 0.347747 0.197144
vt 0.316303 0.166663
vt 0.332415 0.139612
f 728/2615 724/2616 778/2617 776/2618
vt 0.288398 0.182281
vt 0.316303 0.166663
vt 0.272286 0.123994
f 755/2619 777/2620 729/2621
vt 0.272286 0.123994
vt 0.316303 0.166663
vt 0.288398 0.182281
f 730/2622 778/2623 756/2624
vt 0.272286 0.123994
vt 0.256175 0.182281
vt 0.288398 0.182281
f 729/2625 757/2626 755/2627
vt 0.288398 0.182281
vt 0.256175 0.182281
vt 0.272286 0.123994
f 756/2628 758/2629 730/2630
vt 0.272286 0.123994
vt 0.228269 0.166663
vt 0.256175 0.182281
f 729/2631 759/2632 757/2633
vt 0.256175 0.182281
vt 0.228269 0.166663
vt 0.272286 0.123994
f 758/2634 760/2635 730/2636
vt 0.272286 0.123994
vt 0.212158 0.139612
vt 0.228269 0.166663
f 729/2637 761/2638 759/2639
vt 0.228269 0.166663
vt 0.212158 0.139612
vt 0.272286 0.123994
f 760/2640 762/2641 730/2642
vt 0.272286 0.123994
vt 0.212158 0.108376
vt 0.212158 0.139612
f 729/2643 763/2644 761/2645
vt 0.212158 0.139612
vt 0.212158 0.108376
vt 0.272286 0.123994
f 762/2646 764/2647 730/2648
vt 0.272286 0.123994
vt 0.228269 0.081324
vt 0.212158 0.108376
f 729/2649 765/2650 763/2651
vt 0.212158 0.108376
vt 0.228269 0.081324
vt 0.272286 0.123994
f 764/2652 766/2653 730/2654
vt 0.272286 0.123994
vt 0.256175 0.065706
vt 0.228269 0.081324
f 729/2655 767/2656 765/2657
vt 0.228269 0.081324
vt 0.256175 0.065706
vt 0.272286 0.123994
f 766/2658 768/2659 730/2660
vt 0.272286 0.123994
vt 0.288398 0.065706
vt 0.256175 0.065706
f 729/2661 769/2662 767/2663
vt 0.256175 0.065706
vt 0.288398 0.065706
vt 0.272286 0.123994
f 768/2664 770/2665 730/2666
vt 0.272286 0.123994
vt 0.316303 0.081324
vt 0.288398 0.065706
f 729/2667 771/2668 769/2669
vt 0.288398 0.065706
vt 0.316303 0.081324
vt 0.272286 0.123994
f 770/2670 772/2671 730/2672
vt 0.272286 0.123994
vt 0.332415 0.108376
vt 0.316303 0.081324
f 729/2673 773/2674 771/2675
vt 0.316303 0.081324
vt 0.332415 0.108376
vt 0.272286 0.123994
f 772/2676 774/2677 730/2678
vt 0.272286 0.123994
vt 0.332415 0.139612
vt 0.332415 0.108376
f 729/2679 775/2680 773/2681
vt 0.332415 0.108376
vt 0.332415 0.139612
vt 0.272286 0.123994
f 774/2682 776/2683 730/2684
vt 0.272286 0.123994
vt 0.316303 0.166663
vt 0.332415 0.139612
f 729/2685 777/2686 775/2687
vt 0.332415 0.139612
vt 0.316303 0.166663
vt 0.272286 0.123994
f 776/2688 778/2689 730/2690
vt 0.995169 0.177682
vt 0.995169 0.177682
vt 0.959653 0.243606
vt 0.959653 0.243606
f 779/2691 785/2692 789/2693 787/2694
vt 0.959653 0.243606
vt 0.995169 0.177682
vt 0.995169 0.177682
vt 0.959653 0.243606
f 790/2695 786/2696 780/2697 788/2698
vt 0.924136 0.177682
vt 0.959653 0.243606
vt 0.959653 0.243606
vt 0.924136 0.177682
f 781/2699 787/2700 789/2701 783/2702
vt 0.959653 0.243606
vt 0.959653 0.243606
vt 0.924136 0.177682
vt 0.924136 0.177682
f 790/2703 788/2704 782/2705 784/2706
vt 0.995169 0.177682
vt 0.995169 0.177682
vt 0.924136 0.177682
vt 0.924136 0.177682
f 785/2707 779/2708 781/2709 783/2710
vt 0.924136 0.177682
vt 0.995169 0.177682
vt 0.995169 0.177682
vt 0.924136 0.177682
f 782/2711 780/2712 786/2713 784/2714
vt 0.995169 0.177682
vt 0.959653 0.243606
vt 0.924136 0.177682
f 779/2715 787/2716 781/2717
vt 0.924136 0.177682
vt 0.959653 0.243606
vt 0.995169 0.177682
f 782/2718 788/2719 780/2720
vt 0.924136 0.072498
vt 0.959653 0.138422
vt 0.995169 0.072498
f 783/2721 789/2722 785/2723
vt 0.995169 0.072498
vt 0.959653 0.138422
vt 0.924136 0.072498
f 786/2724 790/2725 784/2726
vt 0.674984 0.283623
vt 0.674984 0.247137
vt 0.583286 0.247137
vt 0.583286 0.283623
f 791/2727 792/2728 793/2729 794/2730
vt 0.674984 0.283623
vt 0.583286 0.283623
vt 0.583286 0.247137
vt 0.674984 0.247137
f 795/2731 798/2732 797/2733 796/2734
vt 0.674877 0.246935
vt 0.674877 0.283473
vt 0.583306 0.283473
vt 0.583306 0.246935
f 792/2735 796/2736 797/2737 793/2738
vt 0.583286 0.247137
vt 0.583286 0.247137
vt 0.583286 0.283623
vt 0.583286 0.283623
f 793/2739 797/2740 798/2741 794/2742
vt 0.674877 0.283473
vt 0.674877 0.246935
vt 0.583306 0.246935
vt 0.583306 0.283473
f 795/2743 791/2744 794/2745 798/2746
